date,close,high,low,open,volume,adjClose,adjHigh,adjLow,adjOpen,adjVolume,divCash,splitFactor
2020-01-02 00:00:00+00:00,1367.37,1368.14,1341.55,1341.55,1406731,67.8088431662,67.8470280095,66.5284111467,66.5284111467,28134620,0.0,1.0
2020-01-03 00:00:00+00:00,1360.66,1372.5,1345.544,1347.86,1187006,67.4760895314,68.0632434861,66.726476425,66.8413284992,23740120,0.0,1.0
2020-01-06 00:00:00+00:00,1394.21,1396.5,1350.0,1350.0,1733149,69.1398577055,69.2534204214,66.9474526093,66.9474526093,34662980,0.0,1.0
2020-01-07 00:00:00+00:00,1393.34,1402.99,1390.38,1397.94,1511693,69.0967137916,69.575264101,68.9499253029,69.3248310375,30233860,0.0,1.0
2020-01-08 00:00:00+00:00,1404.32,1411.58,1390.84,1392.08,1529177,69.6412197395,70.0012482624,68.9727370275,69.0342295025,30583540,0.0,1.0
2020-01-09 00:00:00+00:00,1419.83,1427.33,1410.27,1420.57,1502664,70.4103715839,70.7823018762,69.936284438,70.4470687061,30053280,0.0,1.0
2020-01-10 00:00:00+00:00,1429.73,1434.929,1418.35,1427.56,1821566,70.9013195697,71.1591416483,70.3369773395,70.7937077385,36431320,0.0,1.0
2020-01-13 00:00:00+00:00,1439.23,1440.52,1426.02,1436.13,1378286,71.3724312732,71.4364032835,70.7173380518,71.2187000858,27565720,0.0,1.0
2020-01-14 00:00:00+00:00,1430.88,1441.8,1428.37,1439.01,1560453,70.9583488812,71.4998793867,70.83387621,71.361521318,31209060,0.0,1.0
2020-01-15 00:00:00+00:00,1439.2,1441.395,1430.21,1430.21,1282685,71.3709435521,71.4797951509,70.9251231084,70.9251231084,25653700,0.0,1.0
2020-01-16 00:00:00+00:00,1451.7,1451.99,1440.92,1447.44,1173688,71.9908273725,72.0052086772,71.4562395658,71.7795709665,23473760,0.0,1.0
2020-01-17 00:00:00+00:00,1480.39,1481.295,1458.22,1462.91,2396215,73.4135847172,73.4584643058,72.3141587733,72.5467391827,47924300,0.0,1.0
2020-01-21 00:00:00+00:00,1484.4,1491.85,1471.2,1479.12,2008830,73.6124434468,73.9818942038,72.9578461324,73.3506045211,40176600,0.0,1.0
2020-01-22 00:00:00+00:00,1485.95,1503.214,1484.93,1491.0,1610846,73.6893090406,74.5454429827,73.6387265208,73.939742104,32216920,0.0,1.0
2020-01-23 00:00:00+00:00,1486.65,1495.52,1482.1,1487.64,1351354,73.7240225345,74.1638920935,73.4983848239,73.7731173331,27027080,0.0,1.0
2020-01-24 00:00:00+00:00,1466.71,1495.495,1465.25,1493.59,1784644,72.7351838641,74.1626523259,72.6627814339,74.0681820316,35692880,0.0,1.0
2020-01-27 00:00:00+00:00,1433.9,1438.07,1421.2,1431.0,1755201,71.1081128122,71.3149060547,70.4783108506,70.9642997658,35104020,0.0,1.0
2020-01-28 00:00:00+00:00,1452.56,1456.0,1432.47,1443.0,1577422,72.0334753794,72.2040674068,71.0371981031,71.5593882335,31548440,0.0,1.0
2020-01-29 00:00:00+00:00,1458.63,1465.43,1446.74,1458.8,1078667,72.3344909626,72.6717077609,71.7448574726,72.3429213825,21573340,0.0,1.0
2020-01-30 00:00:00+00:00,1455.84,1457.28,1436.4,1439.96,1339421,72.1961328939,72.26754351,71.2320895763,71.4086324883,26788420,0.0,1.0
2020-01-31 00:00:00+00:00,1434.23,1470.13,1428.53,1468.9,2417214,71.1244777451,72.9047840774,70.8418107229,72.8437875095,48344280,0.0,1.0
2020-02-03 00:00:00+00:00,1485.94,1490.0,1458.99,1462.0,3055216,73.6888131335,73.8901513984,72.3523436166,72.5016116406,61104320,0.0,1.0
2020-02-04 00:00:00+00:00,1447.07,1469.5,1426.3,1457.07,3932954,71.7612224054,72.8735419329,70.7312234494,72.2571294618,78659080,0.0,1.0
2020-02-05 00:00:00+00:00,1448.23,1463.84,1430.56,1462.42,1986157,71.818747624,72.5928585389,70.9424798554,72.5224397369,39723140,0.0,1.0
2020-02-06 00:00:00+00:00,1476.23,1482.0,1449.57,1450.33,1679384,73.2072873818,73.4934257533,71.8851991695,71.9228881058,33587680,0.0,1.0
2020-02-07 00:00:00+00:00,1479.23,1485.84,1466.35,1467.3,1172270,73.3560594987,73.683854063,72.7173312101,72.7644423805,23445400,0.0,1.0
2020-02-10 00:00:00+00:00,1508.68,1509.5,1474.32,1474.32,1419876,74.8165057797,74.8571701583,73.112569134,73.112569134,28397520,0.0,1.0
2020-02-11 00:00:00+00:00,1508.79,1529.63,1505.638,1511.81,1344633,74.8219607573,75.8554310628,74.6656508531,74.9717246883,26892660,0.0,1.0
2020-02-12 00:00:00+00:00,1518.27,1520.695,1508.11,1514.48,1167565,75.2920806467,75.4123381079,74.7882390775,75.1041318724,23351300,0.0,1.0
2020-02-13 00:00:00+00:00,1514.66,1527.18,1504.6,1512.69,929730,75.1130581994,75.733933834,74.6141757007,75.0153645093,18594600,0.0,1.0
2020-02-14 00:00:00+00:00,1520.74,1520.74,1507.34,1515.6,1197836,75.4145696897,75.4145696897,74.7500542341,75.1596734627,23956720,0.0,1.0
2020-02-18 00:00:00+00:00,1519.67,1531.63,1512.59,1515.0,1121140,75.3615076346,75.954612474,75.0104054387,75.1299190393,22422800,0.0,1.0
2020-02-19 00:00:00+00:00,1526.69,1532.106,1521.4,1525.07,949268,75.7096343882,75.9782176499,75.4472995554,75.6292974451,18985360,0.0,1.0
2020-02-20 00:00:00+00:00,1518.15,1529.64,1506.82,1522.0,1096552,75.2861297621,75.8559269698,74.7242670672,75.4770539788,21931040,0.0,1.0
2020-02-21 00:00:00+00:00,1485.11,1512.215,1480.44,1508.03,1732273,73.6476528478,74.9918089241,73.4160642525,74.784271821,34645460,0.0,1.0
2020-02-24 00:00:00+00:00,1421.59,1436.97,1411.39,1426.11,2867053,70.4976512258,71.2603562785,69.9918260283,70.7218012153,57341060,0.0,1.0
2020-02-25 00:00:00+00:00,1388.45,1438.14,1382.4,1433.0,2478278,68.854215241,71.3183774041,68.5541914719,71.0634811771,49565560,0.0,1.0
2020-02-26 00:00:00+00:00,1393.18,1415.7,1379.0,1396.14,2204037,69.0887792787,70.2055619696,68.3855830727,69.2355677674,44080740,0.0,1.0
2020-02-27 00:00:00+00:00,1318.09,1371.704,1317.17,1362.06,2978300,65.3650131924,68.0237692844,65.3193897432,67.5455165193,59566000,0.0,1.0
2020-02-28 00:00:00+00:00,1339.33,1341.14,1271.0,1277.5,3790618,66.4183197801,66.5080789573,63.029786864,63.3521264506,75812360,0.0,1.0
2020-03-02 00:00:00+00:00,1389.11,1390.87,1326.815,1351.61,2431468,68.8869451067,68.9742247487,65.7976920991,67.0272936454,48629360,0.0,1.0
2020-03-03 00:00:00+00:00,1341.39,1410.15,1332.0,1399.42,2402326,66.5204766338,69.9303335533,66.0548199078,69.3982252818,48046520,0.0,1.0
2020-03-04 00:00:00+00:00,1386.52,1388.09,1343.11,1359.23,1913315,68.7585051791,68.836362587,66.6057726475,67.4051748223,38266300,0.0,1.0
2020-03-05 00:00:00+00:00,1319.04,1358.91,1305.1,1350.2,2561288,65.4121243628,67.3893057965,64.7208299262,66.9573707504,51225760,0.0,1.0
2020-03-06 00:00:00+00:00,1298.41,1306.22,1261.05,1277.06,2660628,64.3890681055,64.7763715165,62.5363593429,63.3303065402,53212560,0.0,1.0
2020-03-09 00:00:00+00:00,1215.56,1254.76,1200.0,1205.3,3365365,60.2804781435,62.2244338045,59.5088467638,59.7716775037,67307300,0.0,1.0
2020-03-10 00:00:00+00:00,1280.39,1281.15,1218.77,1260.0,2611373,63.4954435899,63.5331325262,60.4396643086,62.484289102,52227460,0.0,1.0
2020-03-11 00:00:00+00:00,1215.41,1260.96,1196.07,1249.7,2611229,60.2730395377,62.5318961794,59.3139552907,61.9735048339,52224580,0.0,1.0
2020-03-12 00:00:00+00:00,1114.91,1193.87,1113.3,1126.0,4226748,55.2891736212,59.2048557383,55.2093325851,55.8391345467,84534960,0.0,1.0
2020-03-13 00:00:00+00:00,1219.73,1219.76,1117.143,1179.0,3700125,60.487271386,60.4887591072,55.3999096669,58.4674419454,74002500,0.0,1.0
2020-03-16 00:00:00+00:00,1084.33,1152.267,1074.44,1096.0,4252365,53.7726898428,57.1417336117,53.2822377641,54.3514133776,85047300,0.0,1.0
2020-03-17 00:00:00+00:00,1119.8,1130.86,1056.01,1093.11,3861489,55.5316721718,56.0801453761,52.3682810592,54.2080962383,77229780,0.0,1.0
2020-03-18 00:00:00+00:00,1096.8,1106.5,1037.28,1056.51,4233435,54.3910859421,54.8721157868,51.4394471426,52.393076412,84668700,0.0,1.0
2020-03-19 00:00:00+00:00,1115.29,1157.97,1060.108,1093.05,3651106,55.3080180893,57.4245494059,52.5715037709,54.205120796,73022120,0.0,1.0
2020-03-20 00:00:00+00:00,1072.32,1143.99,1065.49,1135.72,3601750,53.1771054681,56.7312713411,52.8384009486,56.3211562055,72035000,0.0,1.0
2020-03-23 00:00:00+00:00,1056.62,1071.32,1013.536,1061.32,4044137,52.3985313896,53.1275147625,50.261965428,52.6316077061,80882740,0.0,1.0
2020-03-24 00:00:00+00:00,1134.46,1135.0,1090.62,1103.77,3344450,56.2586719164,56.2854508974,54.0846153813,54.7367331604,66889000,0.0,1.0
2020-03-25 00:00:00+00:00,1102.49,1148.9,1086.01,1126.47,4081528,54.6732570572,56.9747617058,53.8560022283,55.8624421784,81630560,0.0,1.0
2020-03-26 00:00:00+00:00,1161.75,1169.97,1093.53,1111.8,3573755,57.6120022732,58.0196378735,54.2289243347,55.1349465267,71475100,0.0,1.0
2020-03-27 00:00:00+00:00,1110.71,1150.67,1105.91,1125.67,3208495,55.0808926575,57.0625372548,54.8428572705,55.8227696139,64169900,0.0,1.0
2020-03-30 00:00:00+00:00,1146.82,1151.63,1096.48,1125.04,2574061,56.8716130381,57.1101443322,54.3752169163,55.7915274693,51481220,0.0,1.0
2020-03-31 00:00:00+00:00,1162.81,1175.31,1138.14,1147.3,2487983,57.6645684212,58.2844522416,56.4411657131,56.8954165768,49759660,0.0,1.0
2020-04-01 00:00:00+00:00,1105.62,1129.69,1097.45,1122.0,2344173,54.8284759658,56.0221242505,54.4233199008,55.6407717242,46883460,0.0,1.0
2020-04-02 00:00:00+00:00,1120.84,1126.86,1096.4,1098.26,1964881,55.5832465056,55.8817825536,54.3712496599,54.4634883724,39297620,0.0,1.0
2020-04-03 00:00:00+00:00,1097.88,1123.54,1079.81,1119.015,2313400,54.4446439042,55.7171414108,53.5485398534,55.4927434678,46268000,0.0,1.0
2020-04-06 00:00:00+00:00,1186.92,1194.66,1130.94,1138.0,2664723,58.8602003341,59.2440323957,56.0841126326,56.4342230143,53294460,0.0,1.0
2020-04-07 00:00:00+00:00,1186.51,1225.0,1182.23,1221.0,2387329,58.8398681448,60.7486144047,58.6276199247,60.5502515822,47746580,0.0,1.0
2020-04-08 00:00:00+00:00,1210.28,1219.07,1188.16,1206.5,1975135,60.0186392178,60.4545415203,58.9216928091,59.8311863504,39502700,0.0,1.0
2020-04-09 00:00:00+00:00,1211.45,1225.57,1196.735,1224.08,2175421,60.0766603434,60.7768811069,59.3469331099,60.7029909555,43508420,0.0,1.0
2020-04-13 00:00:00+00:00,1217.56,1220.51,1187.598,1209.18,1739828,60.3796595548,60.5259521364,58.8938228325,59.9640894416,34796560,0.0,1.0
2020-04-14 00:00:00+00:00,1269.23,1282.07,1236.93,1245.09,2470353,62.942011315,63.5787559754,61.340231523,61.744891681,49407060,0.0,1.0
2020-04-15 00:00:00+00:00,1262.47,1280.46,1240.4,1245.61,1671703,62.6067781449,63.4989149393,61.5123112715,61.7706788479,33434060,0.0,1.0
2020-04-16 00:00:00+00:00,1263.47,1279.0,1242.62,1274.1,2518099,62.6563688506,63.4265125091,61.622402638,63.1835180515,50361980,0.0,1.0
2020-04-17 00:00:00+00:00,1283.25,1294.43,1271.23,1284.85,1949042,63.6372730081,64.1916970971,63.0411927263,63.7166181371,38980840,0.0,1.0
2020-04-20 00:00:00+00:00,1266.61,1281.6,1261.37,1271.0,1695488,62.8120836663,63.5554483438,62.5522283687,63.029786864,33909760,0.0,1.0
2020-04-21 00:00:00+00:00,1216.34,1254.27,1209.71,1247.0,2153003,60.3191588939,62.2001343587,59.9903725155,61.8396099287,43060060,0.0,1.0
2020-04-22 00:00:00+00:00,1263.21,1285.613,1242.0,1245.54,2093140,62.6434752671,63.7544558455,61.5916564005,61.7672074985,41862800,0.0,1.0
2020-04-23 00:00:00+00:00,1276.31,1293.31,1265.67,1271.55,1566203,63.2931135109,64.1361555068,62.765468403,63.0570617521,31324060,0.0,1.0
2020-04-24 00:00:00+00:00,1279.31,1280.4,1249.45,1261.17,1640394,63.4418856278,63.495939497,61.9611071575,62.5423102276,32807880,0.0,1.0
2020-04-27 00:00:00+00:00,1275.88,1296.15,1269.0,1296.0,1600563,63.2717895075,64.2769931108,62.9306054527,64.2695545049,32011260,0.0,1.0
2020-04-28 00:00:00+00:00,1233.67,1288.05,1232.2,1287.93,2951309,61.1785658226,63.8753083951,61.1056674853,63.8693575104,59026180,0.0,1.0
2020-04-29 00:00:00+00:00,1341.48,1359.99,1325.34,1341.46,3793630,66.5249397973,67.4428637586,65.7245458083,66.5239479832,75872600,0.0,1.0
2020-04-30 00:00:00+00:00,1348.66,1352.82,1322.49,1324.88,2668906,66.8810010637,67.0872983992,65.5832122972,65.7017340837,53378120,0.0,1.0
2020-05-01 00:00:00+00:00,1320.61,1352.07,1311.0,1328.5,2072639,65.4899817706,67.05010537,65.0134150895,65.8812524381,41452780,0.0,1.0
2020-05-04 00:00:00+00:00,1326.8,1327.66,1299.0,1308.23,1504017,65.7969482385,65.8395962454,64.4183266218,64.8760488349,30080340,0.0,1.0
2020-05-05 00:00:00+00:00,1351.11,1373.94,1337.46,1337.92,1651533,67.0024982925,68.1346541022,66.3255851606,66.3483968852,33030660,0.0,1.0
2020-05-06 00:00:00+00:00,1347.3,1371.12,1347.29,1361.69,1215423,66.8135577041,67.9948083123,66.813061797,67.5271679582,24308460,0.0,1.0
2020-05-07 00:00:00+00:00,1372.56,1377.6,1355.27,1365.94,1399759,68.0662189284,68.3161560849,67.208795628,67.7379284571,27995180,0.0,1.0
2020-05-08 00:00:00+00:00,1388.37,1398.76,1375.48,1383.13,1388068,68.8502479846,69.3654954161,68.2110237889,68.590392687,27761360,0.0,1.0
2020-05-11 00:00:00+00:00,1403.26,1416.53,1377.152,1378.28,1412116,69.5886535915,70.2467222553,68.2939394487,68.3498777647,28242320,0.0,1.0
2020-05-12 00:00:00+00:00,1375.74,1415.0,1374.77,1407.12,1390600,68.2239173724,70.1708484757,68.1758143879,69.7800737152,27812000,0.0,1.0
2020-05-13 00:00:00+00:00,1349.33,1385.482,1328.4,1377.05,1812585,66.9142268365,68.7070300267,65.8762933675,68.2888811968,36251700,0.0,1.0
2020-05-14 00:00:00+00:00,1356.13,1357.42,1323.91,1335.02,1603077,67.2514436348,67.3154156451,65.6536310992,66.2045838389,32061540,0.0,1.0
2020-05-15 00:00:00+00:00,1373.19,1374.48,1339.0,1350.0,1707747,68.097461073,68.1614330833,66.4019548473,66.9474526093,34154940,0.0,1.0
2020-05-18 00:00:00+00:00,1383.94,1392.325,1354.25,1361.75,1823964,68.6305611586,69.0463792254,67.1582131082,67.5301434005,36479280,0.0,1.0
2020-05-19 00:00:00+00:00,1373.485,1392.0,1373.485,1386.997,1280649,68.1120903312,69.030262246,68.1120903312,68.7821599457,25612980,0.0,1.0
2020-05-20 00:00:00+00:00,1406.72,1410.42,1387.25,1389.58,1655375,69.760237433,69.9437230438,68.7947063942,68.9102527384,33107500,0.0,1.0
2020-05-21 00:00:00+00:00,1402.8,1415.49,1393.45,1408.0,1378020,69.5658418669,70.1951479214,69.1021687692,69.8237135362,27560400,0.0,1.0
2020-05-22 00:00:00+00:00,1410.42,1412.76,1391.83,1396.71,1309408,69.9437230438,70.059765295,69.0218318261,69.2638344696,26188160,0.0,1.0
2020-05-26 00:00:00+00:00,1417.02,1441.0,1412.13,1437.27,2060643,70.271021701,71.4602068222,70.0285231505,71.2752334902,41212860,0.0,1.0
2020-05-27 00:00:00+00:00,1417.84,1421.74,1391.29,1417.25,1686142,70.3116860797,70.5050898317,68.995052845,70.2824275633,33722840,0.0,1.0
2020-05-28 00:00:00+00:00,1416.73,1440.84,1396.0,1396.86,1693976,70.2566403964,71.4522723093,69.2286250686,69.2712730754,33879520,0.0,1.0
2020-05-29 00:00:00+00:00,1428.92,1432.57,1413.35,1416.94,1838059,70.8611510981,71.0421571737,70.0890238114,70.2670544446,36761180,0.0,1.0
2020-06-01 00:00:00+00:00,1431.82,1437.96,1418.0,1418.39,1217140,71.0049641445,71.3094510771,70.3196205926,70.3389609678,24342800,0.0,1.0
2020-06-02 00:00:00+00:00,1439.22,1439.61,1418.83,1430.55,1278128,71.3719353662,71.3912757414,70.3607808782,70.9419839483,25562560,0.0,1.0
2020-06-03 00:00:00+00:00,1436.38,1446.552,1429.777,1438.3,1256186,71.2310977622,71.7355344199,70.9036503329,71.326311917,25123720,0.0,1.0
2020-06-04 00:00:00+00:00,1412.18,1438.96,1404.73,1430.4,1484272,70.0310026858,71.3590417827,69.6615519288,70.9345453425,29685440,0.0,1.0
2020-06-05 00:00:00+00:00,1438.39,1445.05,1406.0,1413.17,1735244,71.3307750805,71.66104918,69.7245321249,70.0800974843,34704880,0.0,1.0
2020-06-08 00:00:00+00:00,1446.61,1447.99,1422.34,1422.34,1404178,71.7384106808,71.8068458546,70.534844255,70.534844255,28083560,0.0,1.0
2020-06-09 00:00:00+00:00,1456.16,1468.0,1443.21,1445.36,1409249,72.2120019197,72.7991558744,71.5698022817,71.6764222988,28184980,0.0,1.0
2020-06-10 00:00:00+00:00,1465.85,1474.259,1456.27,1459.54,1525153,72.6925358573,73.109544101,72.2174568973,72.3796185047,30503060,0.0,1.0
2020-06-11 00:00:00+00:00,1403.84,1454.475,1402.0,1442.48,1991332,69.6174162008,72.1284415807,69.5261693024,71.5336010666,39826640,0.0,1.0
2020-06-12 00:00:00+00:00,1413.18,1437.0,1386.02,1428.49,1946367,70.0805933914,71.2618439997,68.7337098263,70.8398270947,38927340,0.0,1.0
2020-06-15 00:00:00+00:00,1419.85,1424.8,1387.92,1390.8,1506096,70.411363398,70.6568373909,68.827932167,68.9707533993,30121920,0.0,1.0
2020-06-16 00:00:00+00:00,1442.72,1455.02,1425.9,1445.22,1711614,71.5455028359,72.1554685152,70.7113871671,71.6694796,34232280,0.0,1.0
2020-06-17 00:00:00+00:00,1451.12,1460.0,1431.38,1447.16,1549615,71.9620647633,72.4024302293,70.983144234,71.7656855689,30992300,0.0,1.0
2020-06-18 00:00:00+00:00,1435.96,1451.41,1427.01,1449.16,1581916,71.2102696658,71.9764460679,70.7664328504,71.8648669802,31638320,0.0,1.0
2020-06-19 00:00:00+00:00,1431.72,1447.8,1421.35,1444.0,3157875,71.0000050739,71.7974236205,70.4857494565,71.6089789391,63157500,0.0,1.0
2020-06-22 00:00:00+00:00,1451.86,1452.75,1423.21,1429.0,1542440,71.9987618854,72.0428976134,70.5779881689,70.8651183546,30848800,0.0,1.0
2020-06-23 00:00:00+00:00,1464.41,1475.941,1445.24,1455.64,1429764,72.6211252412,73.1929556679,71.6704714141,72.1862147527,28595280,0.0,1.0
2020-06-24 00:00:00+00:00,1431.97,1475.42,1429.75,1461.51,1756022,71.0124027503,73.1671189102,70.9023113838,72.4773121948,35120440,0.0,1.0
2020-06-25 00:00:00+00:00,1441.33,1442.9,1420.0,1429.9,1230474,71.4765717551,71.5544291629,70.4188020038,70.9097499896,24609480,0.0,1.0
2020-06-26 00:00:00+00:00,1359.9,1433.45,1351.99,1431.39,4267698,67.4384005951,71.0857969947,67.0461381135,70.983640141,85353960,0.0,1.0
2020-06-29 00:00:00+00:00,1394.97,1395.6,1347.01,1358.18,1810180,69.1775466418,69.2087887863,66.7991763994,67.3531045814,36203600,0.0,1.0
2020-06-30 00:00:00+00:00,1413.61,1418.65,1383.96,1390.44,2042381,70.1019173948,70.3518545512,68.6315529727,68.9529007452,40847620,0.0,1.0
2020-07-01 00:00:00+00:00,1438.04,1443.0,1409.82,1411.1,1775613,71.3134183335,71.5593882335,69.9139686205,69.9774447237,35512260,0.0,1.0
2020-07-02 00:00:00+00:00,1464.7,1482.95,1446.42,1446.94,1859790,72.6355065458,73.5405369237,71.7289884468,71.7547756137,37195800,0.0,1.0
2020-07-06 00:00:00+00:00,1495.7,1506.59,1472.86,1480.06,1563997,74.1728184205,74.7128612049,73.0401667038,73.3972197844,31279940,0.0,1.0
2020-07-07 00:00:00+00:00,1485.18,1516.8,1483.55,1490.0,1458216,73.6511241972,75.2191823095,73.570291347,73.8901513984,29164320,0.0,1.0
2020-07-08 00:00:00+00:00,1496.0,1505.88,1485.63,1494.32,1249731,74.1876956322,74.6776518039,73.6734400148,74.1043832468,24994620,0.0,1.0
2020-07-09 00:00:00+00:00,1510.99,1522.72,1488.085,1506.45,1423322,74.9310603097,75.5127592868,73.7951851971,74.7059185061,28466440,0.0,1.0
2020-07-10 00:00:00+00:00,1541.74,1543.83,1496.54,1506.15,1857204,76.455974508,76.5596190828,74.2144746133,74.6910412944,37144080,0.0,1.0
2020-07-13 00:00:00+00:00,1511.34,1577.132,1505.243,1550.0,1846424,74.9484170567,78.2110887619,74.6460625244,76.8655937366,36928480,0.0,1.0
2020-07-14 00:00:00+00:00,1520.58,1522.95,1483.5,1490.31,1585021,75.4066351768,75.5241651491,73.5678118118,73.9055245171,31700420,0.0,1.0
2020-07-15 00:00:00+00:00,1513.64,1535.33,1498.0,1523.13,1761036,75.0624756796,76.1380980849,74.2868770435,75.5330914761,35220720,0.0,1.0
2020-07-16 00:00:00+00:00,1518.0,1518.69,1486.31,1500.0,1519346,75.2786911562,75.3129087431,73.7071616946,74.3860584548,30386920,0.0,1.0
2020-07-17 00:00:00+00:00,1515.55,1523.44,1498.42,1521.62,1457014,75.1571939274,75.5484645949,74.3077051399,75.4582095106,29140280,0.0,1.0
2020-07-20 00:00:00+00:00,1565.72,1570.29,1503.6,1515.26,1547136,77.6451596292,77.871789154,74.5645849951,75.1428126228,30942720,0.0,1.0
2020-07-21 00:00:00+00:00,1558.42,1586.99,1554.28,1586.99,1183101,77.2831474781,78.6999539381,77.0778419567,78.6999539381,23662020,0.0,1.0
2020-07-22 00:00:00+00:00,1568.49,1570.0,1546.1,1560.5,931985,77.7825258838,77.8574078493,76.6721899846,77.3862961458,18639700,0.0,1.0
2020-07-23 00:00:00+00:00,1515.68,1571.87,1507.3918,1566.97,1627634,75.1636407191,77.9501424689,74.7526230327,77.7071480112,32552680,0.0,1.0
2020-07-24 00:00:00+00:00,1511.87,1517.6362,1488.4,1498.93,1544404,74.9747001307,75.2606500575,73.8108062694,74.3329963997,30888080,0.0,1.0
2020-07-27 00:00:00+00:00,1530.2,1540.97,1515.21,1515.6,1245980,75.883697765,76.4177896647,75.1403330875,75.1596734627,24919600,0.0,1.0
2020-07-28 00:00:00+00:00,1500.34,1526.48,1497.66,1525.18,1702174,74.4029192947,75.69922034,74.2700162036,75.6347524227,34043480,0.0,1.0
2020-07-29 00:00:00+00:00,1522.02,1531.2522,1501.33,1506.32,1106534,75.4780457929,75.9358771055,74.4520140933,74.6994717144,22130680,0.0,1.0
2020-07-30 00:00:00+00:00,1531.45,1537.87,1492.22,1497.0,1671396,75.945686147,76.2640584772,74.0002427649,74.2372863379,33427920,0.0,1.0
2020-07-31 00:00:00+00:00,1482.96,1508.95,1454.03,1505.01,3429036,73.5410328307,74.8298952702,72.1063737167,74.63450789,68580720,0.0,1.0
2020-08-03 00:00:00+00:00,1474.45,1490.47,1465.64,1486.64,2331514,73.1190159258,73.91345903,72.6821218091,73.7235266275,46630280,0.0,1.0
2020-08-04 00:00:00+00:00,1464.97,1485.56,1458.65,1476.57,1903489,72.6488960363,73.6699686654,72.3354827767,73.2241482217,38069780,0.0,1.0
2020-08-05 00:00:00+00:00,1473.61,1482.41,1463.46,1469.3,1979957,73.077359733,73.5137579426,72.5740140708,72.8636237917,39599140,0.0,1.0
2020-08-06 00:00:00+00:00,1500.1,1502.39,1466.0,1471.75,1995368,74.3910175253,74.5045802412,72.6999744631,72.9851210205,39907360,0.0,1.0
2020-08-07 00:00:00+00:00,1494.49,1516.845,1481.64,1500.0,1577826,74.1128136667,75.2214138912,73.4755730993,74.3860584548,31556520,0.0,1.0
2020-08-10 00:00:00+00:00,1496.1,1504.075,1473.08,1487.18,1289530,74.1926547028,74.5881405802,73.051076659,73.7503056085,25790600,0.0,1.0
2020-08-11 00:00:00+00:00,1480.32,1510.0,1478.0,1492.44,1454365,73.4101133678,74.8819655111,73.2950629308,74.0111527202,29087300,0.0,1.0
2020-08-12 00:00:00+00:00,1506.62,1512.3859,1485.25,1485.58,1437655,74.7143489261,75.0002839757,73.6545955466,73.6709604795,28753100,0.0,1.0
2020-08-13 00:00:00+00:00,1518.45,1537.25,1508.005,1510.34,1455208,75.3010069738,76.2333122397,74.7830320534,74.898826351,29104160,0.0,1.0
2020-08-14 00:00:00+00:00,1507.73,1521.9,1502.88,1515.66,1355200,74.7693946093,75.4720949082,74.528879687,75.162648905,27104000,0.0,1.0
2020-08-17 00:00:00+00:00,1517.98,1525.61,1507.97,1514.67,1364082,75.2776993421,75.6560764261,74.7812963787,75.1135541065,27281640,0.0,1.0
2020-08-18 00:00:00+00:00,1558.6,1562.47,1523.71,1526.18,2027086,77.2920738051,77.4839898359,75.5618540854,75.6843431283,40541720,0.0,1.0
2020-08-19 00:00:00+00:00,1547.53,1573.68,1543.95,1553.31,1660611,76.7431046937,78.0399016461,76.5655699675,77.0297389722,33212220,0.0,1.0
2020-08-20 00:00:00+00:00,1581.75,1585.87,1538.2,1543.45,1706877,78.4400986406,78.6444123478,76.2804234101,76.5407746147,34137540,0.0,1.0
2020-08-21 00:00:00+00:00,1580.42,1597.72,1568.005,1577.03,1446453,78.3741430021,79.2320622096,77.7584743916,78.2060305099,28929060,0.0,1.0
2020-08-24 00:00:00+00:00,1588.2,1614.17,1580.57,1593.98,1410229,78.7599586919,80.0478293173,78.3815816079,79.0465929705,28204580,0.0,1.0
2020-08-25 00:00:00+00:00,1608.22,1611.62,1582.07,1582.07,2132084,79.7527646187,79.9213730179,78.4559676664,78.4559676664,42641680,0.0,1.0
2020-08-26 00:00:00+00:00,1652.38,1659.22,1603.6,1608.0,3581072,81.9426901797,82.2818906062,79.5236555587,79.7418546635,71621440,0.0,1.0
2020-08-27 00:00:00+00:00,1634.33,1655.0,1625.75,1653.68,1861602,81.0475779429,82.0726178284,80.6220896886,82.007158097,37232040,0.0,1.0
2020-08-28 00:00:00+00:00,1644.41,1647.1699,1630.75,1633.49,1499782,81.5474522557,81.6843176442,80.8700432167,81.0059217502,29995640,0.0,1.0
2020-08-31 00:00:00+00:00,1634.18,1647.965,1630.31,1647.89,1823406,81.0401393371,81.7237472143,80.8482233063,81.7200279113,36468120,0.0,1.0
2020-09-01 00:00:00+00:00,1660.71,1665.73,1632.22,1636.63,1826655,82.3557807576,82.6047260999,80.942941554,81.1616365659,36533100,0.0,1.0
2020-09-02 00:00:00+00:00,1728.28,1733.1799,1666.3301,1673.7754,2511180,85.7066247375,85.949614236,82.6344854824,83.003703163,50223600,0.0,1.0
2020-09-03 00:00:00+00:00,1641.84,1709.7143,1615.06,1709.7143,3107763,81.4200041422,84.7859385738,80.0919650453,84.7859385738,62155260,0.0,1.0
2020-09-04 00:00:00+00:00,1591.04,1645.11,1547.6125,1624.26,2608568,78.9007962959,81.5821657497,76.7471959269,80.5481995372,52171360,0.0,1.0
2020-09-08 00:00:00+00:00,1532.39,1563.865,1528.01,1533.51,2610884,75.9923014103,77.5531688702,75.7750941196,76.0478430006,52217680,0.0,1.0
2020-09-09 00:00:00+00:00,1556.96,1569.0,1536.0511,1557.53,1774704,77.2107450478,77.8078171437,76.1738579427,77.23901175,35494080,0.0,1.0
2020-09-10 00:00:00+00:00,1532.02,1584.081,1525.805,1560.64,1618557,75.9739528492,78.5556945754,75.6657466137,77.3932388446,32371140,0.0,1.0
2020-09-11 00:00:00+00:00,1520.72,1575.2,1497.36,1536.0,1597087,75.4135778756,78.1152795186,74.2551389919,76.1713238577,31941740,0.0,1.0
2020-09-14 00:00:00+00:00,1519.28,1563.9999,1515.74,1539.005,1696589,75.3421672594,77.5598586564,75.1666161615,76.3203439281,33931780,0.0,1.0
2020-09-15 00:00:00+00:00,1541.44,1559.57,1531.835,1536.0,1331082,76.4410972963,77.3401767895,75.9647785687,76.1713238577,26621640,0.0,1.0
2020-09-16 00:00:00+00:00,1520.9,1562.0,1519.82,1555.54,1312299,75.4225042026,77.4606822042,75.3689462405,77.1403262458,26245980,0.0,1.0
2020-09-17 00:00:00+00:00,1495.53,1508.2984,1470.0001,1496.0,1879751,74.1643880006,74.7975819664,72.8983422447,74.1876956322,37595020,0.0,1.0
2020-09-18 00:00:00+00:00,1459.99,1503.0032,1437.13,1498.01,3103882,72.4019343222,74.5349892619,71.2682907914,74.2873729505,62077640,0.0,1.0
2020-09-21 00:00:00+00:00,1431.16,1448.36,1406.55,1440.06,2888827,70.9722342787,71.8251944157,69.751807013,71.4135915589,57776540,0.0,1.0
2020-09-22 00:00:00+00:00,1465.46,1469.52,1434.53,1450.09,1583201,72.6731954821,72.874533747,71.1393549567,71.9109863364,31664020,0.0,1.0
2020-09-23 00:00:00+00:00,1415.21,1460.96,1407.7,1458.78,1657350,70.1812625238,72.4500373067,69.8088363245,72.3419295684,33147000,0.0,1.0
2020-09-24 00:00:00+00:00,1428.29,1443.7088,1409.85,1411.03,1450216,70.8299089536,71.5945381256,69.9154563416,69.9739733743,29004320,0.0,1.0
2020-09-25 00:00:00+00:00,1444.96,1450.0,1413.34,1432.63,1323375,71.6565860165,71.9065231729,70.0885279043,71.045132616,26467500,0.0,1.0
2020-09-28 00:00:00+00:00,1464.52,1476.8,1449.3012,1474.21,2007941,72.6265802188,73.235554084,71.8718691878,73.1071141564,40158820,0.0,1.0
2020-09-29 00:00:00+00:00,1469.33,1476.6632,1458.805,1470.39,979102,72.8651115129,73.2287700755,72.3431693361,72.9176776609,19582040,0.0,1.0
2020-09-30 00:00:00+00:00,1469.6,1489.75,1459.88,1466.8,1701608,72.8785010034,73.877753722,72.3964793446,72.7396470276,34032160,0.0,1.0
2020-10-01 00:00:00+00:00,1490.09,1499.04,1479.21,1484.27,1779497,73.8946145619,74.3384513774,73.3550676846,73.6059966551,35589940,0.0,1.0
2020-10-02 00:00:00+00:00,1458.42,1483.2,1450.92,1462.03,1284071,72.3240769144,73.5529346001,71.9521466221,72.5030993617,25681420,0.0,1.0
2020-10-05 00:00:00+00:00,1486.02,1488.21,1464.27,1466.21,1113257,73.69278039,73.8013840353,72.6141825424,72.7103885113,22265140,0.0,1.0
2020-10-06 00:00:00+00:00,1453.44,1486.76,1448.5901,1475.58,1245423,72.0771152003,73.7294775121,71.8366052371,73.1750534231,24908460,0.0,1.0
2020-10-07 00:00:00+00:00,1460.29,1468.96,1436.0,1464.29,1746156,72.4168115339,72.8467629518,71.212253294,72.6151743565,34923120,0.0,1.0
2020-10-08 00:00:00+00:00,1485.93,1490.0,1465.09,1465.09,1187831,73.6883172265,73.8901513984,72.654846921,72.654846921,23756620,0.0,1.0
2020-10-09 00:00:00+00:00,1515.22,1516.52,1489.45,1494.7,1435542,75.1408289946,75.2052969119,73.8628765103,74.1232277149,28710840,0.0,1.0
2020-10-12 00:00:00+00:00,1569.15,1593.86,1532.57,1543.0,2482560,77.8152557495,79.0406420858,76.0012277373,76.5184587971,49651200,0.0,1.0
2020-10-13 00:00:00+00:00,1571.68,1590.0,1563.2,1583.73,1601043,77.9407202348,78.8492219621,77.520191051,78.5382882377,32020860,0.0,1.0
2020-10-14 00:00:00+00:00,1568.08,1587.6841,1550.53,1578.59,1930990,77.7621936945,78.7343748469,76.8918768106,78.2833920107,38619800,0.0,1.0
2020-10-15 00:00:00+00:00,1559.13,1575.105,1545.03,1547.15,1540817,77.3183568791,78.1105684016,76.6191279296,76.7242602255,30816340,0.0,1.0
2020-10-16 00:00:00+00:00,1573.01,1581.13,1563.0,1565.85,1435137,78.0066758733,78.4093524031,77.5102729099,77.6516064209,28702740,0.0,1.0
2020-10-19 00:00:00+00:00,1534.61,1588.15,1528.0,1580.46,1607075,76.1023927768,78.7574791566,75.7745982126,78.3761266303,32141500,0.0,1.0
2020-10-20 00:00:00+00:00,1555.93,1577.5,1525.67,1527.05,2242572,77.159666621,78.2293381416,75.6590518685,75.7274870422,44851440,0.0,1.0
2020-10-21 00:00:00+00:00,1593.31,1618.73,1571.6301,1573.33,2568345,79.0133671977,80.273962935,77.9382456586,78.0225448991,51366900,0.0,1.0
2020-10-22 00:00:00+00:00,1615.33,1621.99,1585.0,1593.05,1434042,80.1053545358,80.4356286354,78.6012684339,79.0004736142,28680840,0.0,1.0
2020-10-23 00:00:00+00:00,1641.0,1642.36,1620.51,1626.07,1375844,81.3783479495,81.4457913092,80.362234391,80.6379587144,27516880,0.0,1.0
2020-10-26 00:00:00+00:00,1590.45,1638.24,1576.5,1625.01,1853254,78.8715377796,81.241477602,78.179747436,80.5853925664,37065080,0.0,1.0
2020-10-27 00:00:00+00:00,1604.26,1606.845,1582.78,1595.67,1229002,79.5563854244,79.6845773985,78.4911770674,79.130401263,24580040,0.0,1.0
2020-10-28 00:00:00+00:00,1516.62,1561.35,1514.62,1559.74,1833959,75.2102559824,77.4284482456,75.1110745712,77.3486072095,36679180,0.0,1.0
2020-10-29 00:00:00+00:00,1567.24,1593.71,1522.24,1522.36,2003064,77.7205375018,79.03320348,75.4889557481,75.4949066328,40061280,0.0,1.0
2020-10-30 00:00:00+00:00,1621.01,1687.0,1604.46,1672.11,4330862,80.3870297438,83.6595204088,79.5663035656,82.9211148019,86617240,0.0,1.0
2020-11-02 00:00:00+00:00,1626.03,1660.77,1616.03,1628.16,2535446,80.6359750861,82.3587561999,80.1400680298,80.7416032891,50708920,0.0,1.0
2020-11-03 00:00:00+00:00,1650.21,1661.7,1616.6201,1631.78,1661653,81.8350783484,82.4048755562,80.1693315052,80.9211216435,33233060,0.0,1.0
2020-11-04 00:00:00+00:00,1749.13,1771.365,1706.0301,1710.28,3570927,86.74059095,87.8432402898,84.6032364961,84.813992036,71418540,0.0,1.0
2020-11-05 00:00:00+00:00,1763.37,1793.64,1750.51,1781.0,2065812,87.4467625983,88.9478732579,86.8090261238,88.3210467386,41316240,0.0,1.0
2020-11-06 00:00:00+00:00,1761.75,1772.43,1740.35,1753.95,1661225,87.3664256551,87.8960543913,86.3051845545,86.9796181512,33224500,0.0,1.0
2020-11-09 00:00:00+00:00,1763.0,1818.06,1760.02,1790.9,2268270,87.4284140372,90.1588782895,87.2806337344,88.8119947244,45365400,0.0,1.0
2020-11-10 00:00:00+00:00,1740.39,1763.0,1717.3,1731.09,2636142,86.3071681827,87.4284140372,85.1621187896,85.8459746203,52722840,0.0,1.0
2020-11-11 00:00:00+00:00,1752.71,1764.22,1747.365,1750.0,1263966,86.9181256762,87.488914698,86.6530633545,86.7837348639,25279320,0.0,1.0
2020-11-12 00:00:00+00:00,1749.84,1768.27,1745.6,1747.63,1248754,86.775800351,87.6897570559,86.5655357591,86.6662048915,24975080,0.0,1.0
2020-11-13 00:00:00+00:00,1777.02,1781.04,1744.55,1757.63,1500574,88.1236757302,88.3230303669,86.5134655182,87.1621119479,30011480,0.0,1.0
2020-11-16 00:00:00+00:00,1781.38,1799.07,1767.69,1771.7,1246785,88.3398912068,89.2171507895,87.6609944466,87.8598531762,24935700,0.0,1.0
2020-11-17 00:00:00+00:00,1770.15,1785.0,1767.0,1776.94,1147114,87.7829875825,88.5194095612,87.6267768597,88.1197084737,22942280,0.0,1.0
2020-11-18 00:00:00+00:00,1746.78,1773.47,1746.14,1765.23,1173466,86.6240527917,87.9476287252,86.5923147401,87.5390013107,23469320,0.0,1.0
2020-11-19 00:00:00+00:00,1763.92,1769.5897,1737.005,1738.38,1249910,87.4740374864,87.7552019101,86.1393036441,86.2074908644,24998200,0.0,1.0
2020-11-20 00:00:00+00:00,1742.19,1774.0,1741.86,1765.21,2313655,86.3964314529,87.9739117992,86.38006652,87.5380094966,46273100,0.0,1.0
2020-11-23 00:00:00+00:00,1734.86,1753.9,1717.72,1749.6,2161975,86.0329315806,86.9771386159,85.1829468859,86.7638985816,43239500,0.0,1.0
2020-11-24 00:00:00+00:00,1768.88,1771.6,1727.69,1730.5,1491698,87.7200073863,87.8548941056,85.6773662211,85.816716104,29833960,0.0,1.0
2020-11-25 00:00:00+00:00,1771.43,1778.54,1756.54,1772.89,1046122,87.8464636857,88.1990536028,87.1080580788,87.9188661159,20922440,0.0,1.0
2020-11-27 00:00:00+00:00,1793.19,1804.0,1772.44,1773.09,884916,88.9255574403,89.4616329683,87.8965502984,87.928784257,17698320,0.0,1.0
2020-11-30 00:00:00+00:00,1760.74,1788.065,1755.0,1781.1844,1823836,87.3163390424,88.6714050739,87.0316883921,88.3301912647,36476720,0.0,1.0
2020-12-01 00:00:00+00:00,1798.1,1824.83,1769.37,1774.37,1693593,89.169047805,90.4946073667,87.7443068321,87.9922603603,33871860,0.0,1.0
2020-12-02 00:00:00+00:00,1827.95,1835.65,1789.4725,1798.1,1222032,90.6493303683,91.0311788017,88.7412039921,89.169047805,24440640,0.0,1.0
2020-12-03 00:00:00+00:00,1826.77,1847.2,1822.65,1824.01,1227298,90.5908133356,91.6039514518,90.3864996284,90.4539429881,24545960,0.0,1.0
2020-12-04 00:00:00+00:00,1827.99,1833.16,1816.99,1824.52,1378166,90.6513139965,90.9076979446,90.1058162345,90.4792342479,27563320,0.0,1.0
2020-12-07 00:00:00+00:00,1819.48,1832.37,1805.78,1819.0,1320946,90.2292970915,90.8685212872,89.5499044243,90.2054935528,26418920,0.0,1.0
2020-12-08 00:00:00+00:00,1818.55,1821.9,1796.2047,1810.1,1096319,90.1831777353,90.3493065992,89.0750585406,89.7641362726,21926380,0.0,1.0
2020-12-09 00:00:00+00:00,1784.13,1834.27,1767.81,1812.01,1507558,88.4762656473,90.9627436279,87.6669453313,89.8588545204,30151160,0.0,1.0
2020-12-10 00:00:00+00:00,1775.33,1781.31,1740.32,1769.8,1362848,88.0398674377,88.3364198574,86.3036968333,87.7656308355,27256960,0.0,1.0
2020-12-11 00:00:00+00:00,1781.77,1784.45,1760.0,1763.06,1220651,88.359231582,88.4921346731,87.2796419203,87.4313894795,24413020,0.0,1.0
2020-12-14 00:00:00+00:00,1760.06,1797.39,1757.215,1775.0,1600173,87.2826173626,89.133838404,87.1415318051,88.0235025048,32003460,0.0,1.0
2020-12-15 00:00:00+00:00,1767.77,1771.42,1749.95,1764.42,1482261,87.6649617031,87.8459677786,86.7812553286,87.4988328392,29645220,0.0,1.0
2020-12-16 00:00:00+00:00,1763.0,1773.0,1756.08,1772.88,1513543,87.4284140372,87.9243210935,87.0852463542,87.9183702089,30270860,0.0,1.0
2020-12-17 00:00:00+00:00,1747.9,1771.7836,1738.66,1768.51,1624744,86.6795943821,87.8639989592,86.221376262,87.7016588252,32494880,0.0,1.0
2020-12-18 00:00:00+00:00,1731.01,1755.11,1720.22,1754.18,4016353,85.8420073639,87.0371433697,85.30692365,86.9910240135,80327060,0.0,1.0
2020-12-21 00:00:00+00:00,1739.37,1740.85,1699.0,1713.51,1828378,86.256585663,86.3299799073,84.2546088764,84.9741700152,36567560,0.0,1.0
2020-12-22 00:00:00+00:00,1723.5,1737.405,1712.575,1734.43,938346,85.4695811645,86.1591399264,84.9278027054,86.0116075771,18766920,0.0,1.0
2020-12-23 00:00:00+00:00,1732.38,1747.99,1725.04,1728.11,1033917,85.9099466306,86.6840575456,85.5459508512,85.6981943175,20678340,0.0,1.0
2020-12-24 00:00:00+00:00,1738.85,1746.0,1729.11,1735.0,346753,86.230798496,86.5853720413,85.7477850231,86.0398742793,6935060,0.0,1.0
2020-12-28 00:00:00+00:00,1776.09,1790.7276,1746.335,1751.635,1390962,88.0775563739,88.8034452868,86.6019849277,86.8648156676,27819240,0.0,1.0
2020-12-29 00:00:00+00:00,1758.72,1792.44,1756.09,1787.79,1299395,87.216165817,88.8883644111,87.0857422612,88.6577676299,25987900,0.0,1.0
2020-12-30 00:00:00+00:00,1739.52,1765.095,1725.6,1762.01,1306130,86.2640242688,87.5323065655,85.5737216464,87.3793192386,26122600,0.0,1.0
2020-12-31 00:00:00+00:00,1751.88,1758.93,1735.42,1735.42,1012240,86.8769653905,87.2265798652,86.0607023757,86.0607023757,20244800,0.0,1.0
2021-01-04 00:00:00+00:00,1728.24,1760.65,1707.85,1757.54,1901855,85.7046411092,87.3118758789,84.6934866213,87.1576487844,38037100,0.0,1.0
2021-01-05 00:00:00+00:00,1740.92,1747.67,1718.015,1725.0,1145347,86.3334512567,86.6681885198,85.1975761441,85.543967223,22906940,0.0,1.0
2021-01-06 00:00:00+00:00,1735.29,1748.0,1699.0,1702.63,2602114,86.054255584,86.6845534526,84.2546088764,84.4346231379,52042280,0.0,1.0
2021-01-07 00:00:00+00:00,1787.25,1788.4,1737.05,1740.06,2265022,88.6309886489,88.6880179603,86.1415352259,86.2908032499,45300440,0.0,1.0
2021-01-08 00:00:00+00:00,1807.21,1809.84,1773.535,1787.98,2051002,89.6208191334,89.7512426892,87.950852121,88.667189864,41020040,0.0,1.0
2021-01-11 00:00:00+00:00,1766.72,1794.315,1760.5201,1786.07,1209735,87.6128914621,88.9813469842,87.3054340463,88.5724716162,24194700,0.0,1.0
2021-01-12 00:00:00+00:00,1746.55,1778.04,1725.31,1753.92,1356464,86.6126469294,88.1742582499,85.5593403417,86.97813043,27129280,0.0,1.0
2021-01-13 00:00:00+00:00,1754.4,1765.035,1738.01,1738.58,1094131,87.0019339687,87.5293311231,86.1891423033,86.2174090055,21882620,0.0,1.0
2021-01-14 00:00:00+00:00,1740.18,1775.01,1733.4,1753.62,1179477,86.2967541345,88.0239984119,85.9605291503,86.9632532183,23589540,0.0,1.0
2021-01-15 00:00:00+00:00,1736.19,1756.0,1721.55,1738.19,1342170,86.0988872191,87.0812790977,85.3728792885,86.1980686303,26843400,0.0,1.0
2021-01-19 00:00:00+00:00,1790.86,1809.275,1741.46,1752.25,1734614,88.8100110962,89.7232239405,86.3602302378,86.8953139516,34692280,0.0,1.0
2021-01-20 00:00:00+00:00,1886.9,1903.71,1825.53,1831.46,2490258,93.5727024655,94.4063222273,90.5293208606,90.823393745,49805160,0.0,1.0
2021-01-21 00:00:00+00:00,1891.25,1934.86,1887.11,1898.0,2063932,93.7884220351,95.9510727079,93.5831165137,94.1231592981,41278640,0.0,1.0
2021-01-22 00:00:00+00:00,1901.05,1910.95,1881.76,1895.68,1272232,94.2744109503,94.7653589361,93.3178062386,94.008108861,25444640,0.0,1.0
2021-01-25 00:00:00+00:00,1899.4,1929.58,1867.53,1920.67,1927320,94.192586286,95.6892337821,92.6121304974,95.2473805949,38546400,0.0,1.0
2021-01-26 00:00:00+00:00,1917.24,1925.0,1884.245,1888.84,1313139,95.0772844745,95.4621083503,93.4410391421,93.6689084345,26262780,0.0,1.0
2021-01-27 00:00:00+00:00,1830.79,1890.0,1809.0,1882.53,2748292,90.7901679723,93.726433653,89.7095864964,93.3559910819,54965840,0.0,1.0
2021-01-28 00:00:00+00:00,1863.11,1898.83,1842.64,1843.94,1773138,92.3929395784,94.1643195838,91.3778178341,91.4422857514,35462760,0.0,1.0
2021-01-29 00:00:00+00:00,1835.74,1857.28,1810.2,1846.17,1612552,91.0356419652,92.1038257646,89.7690953432,91.552873025,32251040,0.0,1.0
2021-02-01 00:00:00+00:00,1901.35,1922.3918,1850.93,1853.57,1602182,94.289288162,95.3327658718,91.7889247838,91.9198442467,32043640,0.0,1.0
2021-02-02 00:00:00+00:00,1927.51,1955.76,1914.49,1922.56,2103864,95.5865810214,96.9875184557,94.940910034,95.3411070285,42077280,0.0,1.0
2021-02-03 00:00:00+00:00,2070.07,2116.5,2018.38,2073.0,4118170,102.656232017,104.9587284797,100.0928884426,102.8015327845,82363400,0.0,1.0
2021-02-04 00:00:00+00:00,2062.37,2078.55,2042.59,2068.89,1852329,102.2743835836,103.0767612008,101.2934794261,102.5977149843,37046580,0.0,1.0
2021-02-05 00:00:00+00:00,2098.0,2102.51,2059.33,2070.0,1535135,104.0413004254,104.2649545078,102.1236278384,102.6527606676,30702700,0.0,1.0
2021-02-08 00:00:00+00:00,2092.91,2123.5469,2072.0,2105.91,1242411,103.7888837337,105.3081892232,102.7519420789,104.433562907,24848220,0.0,1.0
2021-02-09 00:00:00+00:00,2083.51,2105.13,2078.54,2078.54,886247,103.3227311007,104.3948821566,103.0762652937,103.0762652937,17724940,0.0,1.0
2021-02-10 00:00:00+00:00,2095.38,2108.37,2063.09,2094.21,1132741,103.9113727766,104.5555560428,102.3100888916,103.853351651,22654820,0.0,1.0
2021-02-11 00:00:00+00:00,2095.89,2102.03,2077.32,2099.51,945650,103.9366640365,104.2411509691,103.0157646328,104.1161823909,18913000,0.0,1.0
2021-02-12 00:00:00+00:00,2104.11,2108.82,2083.13,2090.25,855865,104.3442996368,104.5778718604,103.3038866326,103.6569724567,17117300,0.0,1.0
2021-02-16 00:00:00+00:00,2121.9,2152.68,2104.36,2104.36,1133838,105.2265182901,106.7529202096,104.3566973132,104.3566973132,22676760,0.0,1.0
2021-02-17 00:00:00+00:00,2128.31,2133.66,2098.92,2100.0,1020252,105.5443947132,105.8097049884,104.0869238746,104.1404818367,20405040,0.0,1.0
2021-02-18 00:00:00+00:00,2117.2,2132.735,2103.71,2110.39,1121855,104.9934419736,105.7638335857,104.3244633546,104.6557292682,22437100,0.0,1.0
2021-02-19 00:00:00+00:00,2101.14,2130.53,2097.41,2119.27,1457612,104.1970152411,105.6544860798,104.0120419091,105.0960947343,29152240,0.0,1.0
2021-02-22 00:00:00+00:00,2064.88,2091.42,2062.14,2067.0,1349856,102.3988562547,103.7149935823,102.2629777213,102.5039885507,26997120,0.0,1.0
2021-02-23 00:00:00+00:00,2070.86,2082.01,2002.02,2025.01,1667377,102.6954086744,103.2483450423,99.2815844984,100.421674821,33347540,0.0,1.0
2021-02-24 00:00:00+00:00,2095.17,2100.78,2038.13,2041.83,1248349,103.9009587284,104.1791625871,101.0723048789,101.2557904898,24966980,0.0,1.0
2021-02-25 00:00:00+00:00,2031.36,2094.88,2021.29,2067.45,1761201,100.7365758018,103.8865774238,100.237197396,102.5263043682,35224020,0.0,1.0
2021-02-26 00:00:00+00:00,2036.86,2071.0099,2016.06,2050.52,2076974,101.0093246828,102.7028423212,99.9778380055,101.6867337218,41539480,0.0,1.0
2021-03-01 00:00:00+00:00,2081.51,2086.52,2046.1,2056.52,1405115,103.2235496895,103.4719991247,101.4675428029,101.9842779556,28102300,0.0,1.0
2021-03-02 00:00:00+00:00,2075.84,2104.37,2071.26,2076.19,1134595,102.9423703885,104.3571932203,102.7152449567,102.9597271355,22691900,0.0,1.0
2021-03-03 00:00:00+00:00,2026.71,2088.518,2010.0,2067.21,1484181,100.5059790206,103.5710813546,99.6773183294,102.5144025989,29683620,0.0,1.0
2021-03-04 00:00:00+00:00,2049.09,2089.24,2020.27,2023.37,2118006,101.6158190127,103.606885844,100.1866148763,100.3403460637,42360120,0.0,1.0
2021-03-05 00:00:00+00:00,2108.54,2118.11,2046.415,2073.12,2195218,104.5639864628,105.0385695157,101.4831638751,102.8074836692,43904360,0.0,1.0
2021-03-08 00:00:00+00:00,2024.17,2128.81,2021.61,2101.13,1647429,100.3800186283,105.5691900661,100.2530664218,104.196519334,32948580,0.0,1.0
2021-03-09 00:00:00+00:00,2052.7,2078.04,2047.83,2070.0,1697306,101.7948414601,103.0514699409,101.5533347236,102.6527606676,33946120,0.0,1.0
2021-03-10 00:00:00+00:00,2055.03,2075.0,2033.37,2071.76,1268592,101.9103878042,102.9007141958,100.8362531201,102.7400403095,25371840,0.0,1.0
2021-03-11 00:00:00+00:00,2114.77,2125.7,2072.38,2074.06,1239080,104.8729365589,105.4149629715,102.770786547,102.8540989325,24781600,0.0,1.0
2021-03-12 00:00:00+00:00,2061.92,2090.26,2047.55,2085.0,1725794,102.252067766,103.6574683638,101.539449326,103.3966212521,34515880,0.0,1.0
2021-03-15 00:00:00+00:00,2066.49,2067.06,2043.51,2062.3,1298325,102.4786972908,102.506963993,101.3391028753,102.2709122342,25966500,0.0,1.0
2021-03-16 00:00:00+00:00,2092.52,2123.56,2070.0,2078.99,1491564,103.7695433585,105.3088388615,102.6527606676,103.0985811112,29831280,0.0,1.0
2021-03-17 00:00:00+00:00,2091.08,2109.78,2054.0,2076.03,1299016,103.6981327424,104.6254789378,101.8593093774,102.9517926226,25980320,0.0,1.0
2021-03-18 00:00:00+00:00,2036.22,2075.5,2033.55,2061.0,1362430,100.9775866312,102.9255095486,100.8451794471,102.2064443168,27248600,0.0,1.0
2021-03-19 00:00:00+00:00,2043.2,2053.1,2017.68,2042.05,2314893,101.3237297565,101.8146777423,100.0581749487,101.266700445,46297860,0.0,1.0
2021-03-22 00:00:00+00:00,2038.59,2057.99,2026.07,2041.84,1954816,101.0951166035,102.0571762929,100.474240969,101.2562863969,39096320,0.0,1.0
2021-03-23 00:00:00+00:00,2052.96,2072.3025,2039.22,2051.7,1366997,101.8077350435,102.7669432673,101.1263587481,101.7452507544,27339940,0.0,1.0
2021-03-24 00:00:00+00:00,2045.06,2078.21,2041.555,2065.37,1154029,101.415968469,103.0599003609,101.2421530457,102.4231557005,23080580,0.0,1.0
2021-03-25 00:00:00+00:00,2044.36,2058.87,2010.73,2044.81,1418907,101.3812549751,102.1008161138,99.7135195445,101.4035707926,28378140,0.0,1.0
2021-03-26 00:00:00+00:00,2035.55,2050.99,2014.0201,2038.86,1493800,100.9443608584,101.7100413534,99.8766779251,101.1085060941,29876000,0.0,1.0
2021-03-29 00:00:00+00:00,2055.95,2058.43,2015.62,2027.88,1229777,101.9560112534,102.0789962034,99.9560180951,100.5640001462,24595540,0.0,1.0
2021-03-30 00:00:00+00:00,2055.54,2070.78,2044.03,2057.63,1036774,101.9356790641,102.691441418,101.3648900422,102.0393236389,20735480,0.0,1.0
2021-03-31 00:00:00+00:00,2068.63,2093.3273,2056.745,2059.12,1459930,102.5848214009,103.8095779352,101.9954358644,102.1132137903,29198600,0.0,1.0
2021-04-01 00:00:00+00:00,2137.75,2142.94,2096.89,2097.95,1698978,106.0125309745,106.2699067367,103.9862547421,104.0388208901,33979560,0.0,1.0
2021-04-05 00:00:00+00:00,2225.55,2237.31,2151.62,2152.94,2164875,110.3665949293,110.9497816276,106.7003540616,106.7658137931,43297500,0.0,1.0
2021-04-06 00:00:00+00:00,2224.75,2237.66,2214.8,2222.5,1353036,110.3269223648,110.9671383746,109.8334948437,110.2153432771,27060720,0.0,1.0
2021-04-07 00:00:00+00:00,2249.68,2255.0,2225.3303,2226.13,1289861,111.5632186563,111.8270412103,110.3556998513,110.3953575386,25797220,0.0,1.0
2021-04-08 00:00:00+00:00,2265.44,2284.005,2257.68,2277.96,1358259,112.3447681772,113.2654196273,111.9599443014,112.9656438117,27165180,0.0,1.0
2021-04-09 00:00:00+00:00,2285.88,2289.04,2253.7139,2256.7,1044365,113.3584022004,113.5151088302,111.7632626038,111.9113454099,20887300,0.0,1.0
2021-04-12 00:00:00+00:00,2254.79,2275.32,2238.465,2266.25,1565851,111.8166271621,112.8347243489,111.0070588926,112.3849366487,31317020,0.0,1.0
2021-04-13 00:00:00+00:00,2267.27,2277.21,2256.09,2261.47,1165804,112.4355191685,112.9284507825,111.8810950795,112.1478930758,23316080,0.0,1.0
2021-04-14 00:00:00+00:00,2254.84,2277.99,2249.19,2275.16,1010967,111.8191066974,112.9671315329,111.5389192106,112.826789836,20219340,0.0,1.0
2021-04-15 00:00:00+00:00,2296.66,2306.5965,2266.0,2276.98,1373612,113.8929900071,114.3857480537,112.3725389723,112.9170449202,27472240,0.0,1.0
2021-04-16 00:00:00+00:00,2297.76,2306.44,2284.45,2303.0,1130090,113.9475397833,114.3779871083,113.2874874913,114.2073950809,22601800,0.0,1.0
2021-04-19 00:00:00+00:00,2302.4,2318.45,2287.845,2291.98,1234445,114.1776406575,114.973571483,113.455847937,113.6609055048,24688900,0.0,1.0
2021-04-20 00:00:00+00:00,2293.63,2309.6,2271.71,2307.89,1088749,113.7427301691,114.5346937381,112.6557019015,114.4498936314,21774980,0.0,1.0
2021-04-21 00:00:00+00:00,2293.29,2295.32,2258.57,2285.25,1196731,113.7258693292,113.8265384616,112.0040800295,113.3271600558,23934620,0.0,1.0
2021-04-22 00:00:00+00:00,2267.92,2303.7621,2256.45,2293.23,1054808,112.4677531272,114.2451881576,111.8989477335,113.7228938868,21096160,0.0,1.0
2021-04-23 00:00:00+00:00,2315.3,2325.82,2278.21,2283.47,1435162,114.8173607602,115.3390549835,112.9780414882,113.2388885998,28703240,0.0,1.0
2021-04-26 00:00:00+00:00,2326.74,2341.26,2313.84,2319.93,1041650,115.3846784327,116.1047354785,114.74495833,115.0469657273,20833000,0.0,1.0
2021-04-27 00:00:00+00:00,2307.12,2337.45,2304.27,2336.0,1598583,114.4117087881,115.9157948901,114.270375277,115.8438883669,31971660,0.0,1.0
2021-04-28 00:00:00+00:00,2379.91,2452.378,2374.85,2407.145,2986439,118.0214162514,121.6151555075,117.7704872809,119.3720191194,59728780,0.0,1.0
2021-04-29 00:00:00+00:00,2429.89,2436.52,2402.28,2410.33,1977677,120.4999597191,120.8287460975,119.1307603365,119.5299655168,39553540,0.0,1.0
2021-04-30 00:00:00+00:00,2410.12,2427.14,2402.16,2404.49,1957130,119.5195514687,120.3635852786,119.1248094518,119.2403557959,39142600,0.0,1.0
2021-05-03 00:00:00+00:00,2395.17,2419.7,2384.5,2402.72,1689389,118.7781704194,119.9946304287,118.2490375903,119.152580247,33787780,0.0,1.0
2021-05-04 00:00:00+00:00,2354.25,2379.26,2311.7,2369.74,1756015,116.7489187448,117.9891822927,114.6388342199,117.5170787751,35120300,0.0,1.0
2021-05-05 00:00:00+00:00,2356.74,2382.2,2351.41,2368.42,1090275,116.8723996018,118.1349789673,116.6080811407,117.4516190436,21805500,0.0,1.0
2021-05-06 00:00:00+00:00,2381.35,2382.71,2342.3382,2350.64,1030859,118.0928268675,118.1602702272,116.1582041774,116.5698962974,20617180,0.0,1.0
2021-05-07 00:00:00+00:00,2398.69,2416.41,2390.0,2400.0,1163892,118.9527297032,119.8314770071,118.5217864713,119.0176935276,23277840,0.0,1.0
2021-05-10 00:00:00+00:00,2341.66,2378.0,2334.73,2374.89,1300271,116.1245717608,117.9266980036,115.7809081707,117.7724709091,26005420,0.0,1.0
2021-05-11 00:00:00+00:00,2308.76,2322.0,2283.0,2291.86,1605548,114.4930375454,115.149618488,113.2155809682,113.6549546201,32110960,0.0,1.0
2021-05-12 00:00:00+00:00,2239.08,2285.37,2230.05,2261.71,1746664,111.0375571766,113.3331109405,110.5897531047,112.1597948452,34933280,0.0,1.0
2021-05-13 00:00:00+00:00,2261.97,2276.6012,2242.72,2261.09,1333508,112.1726884286,112.8982599609,111.2180673451,112.1290486077,26670160,0.0,1.0
2021-05-14 00:00:00+00:00,2316.16,2321.14,2283.32,2291.83,1331248,114.8600087671,115.1069704811,113.231449994,113.6534668989,26624960,0.0,1.0
2021-05-17 00:00:00+00:00,2321.41,2323.34,2295.0,2309.32,992416,115.1203599717,115.2160700335,113.8106694358,114.5208083405,19848320,0.0,1.0
2021-05-18 00:00:00+00:00,2303.43,2343.15,2303.16,2336.9056,865119,114.2287190843,116.1984619122,114.2153295938,115.8887977099,17302380,0.0,1.0
2021-05-19 00:00:00+00:00,2308.71,2316.76,2263.52,2264.4,967544,114.4905580101,114.8897631904,112.2495540224,112.2931938433,19350880,0.0,1.0
2021-05-20 00:00:00+00:00,2356.09,2360.34,2321.09,2328.04,1191593,116.8401656431,117.0509261421,115.1044909458,115.44914635,23831860,0.0,1.0
2021-05-21 00:00:00+00:00,2345.1,2368.9999,2342.37,2365.99,1141632,116.2951637882,117.4803766938,116.1597811618,117.3311136289,22832640,0.0,1.0
2021-05-24 00:00:00+00:00,2406.67,2418.48,2360.11,2367.0,1062189,119.3484635342,119.9341297678,117.0395202798,117.3812002416,21243780,0.0,1.0
2021-05-25 00:00:00+00:00,2409.07,2432.89,2402.99,2420.0,941928,119.4674812277,120.648731836,119.1659697375,120.0095076404,18838560,0.0,1.0
2021-05-26 00:00:00+00:00,2433.53,2442.944,2412.515,2412.835,1092819,120.6804698876,121.1473167905,119.6383212087,119.6541902345,21856380,0.0,1.0
2021-05-27 00:00:00+00:00,2402.51,2440.0,2402.0,2436.94,1948113,119.1421661988,121.0013217531,119.1168749389,120.8495741938,38962260,0.0,1.0
2021-05-28 00:00:00+00:00,2411.56,2428.14,2407.69,2421.96,1205382,119.5909620848,120.4131759842,119.399046054,120.1067054234,24107640,0.0,1.0
2021-06-01 00:00:00+00:00,2429.81,2437.9709,2404.88,2422.0,958289,120.4959924626,120.9006972523,119.2596961711,120.1086890516,19165780,0.0,1.0
2021-06-02 00:00:00+00:00,2421.28,2442.0,2404.2,2435.31,858105,120.0729837436,121.1005031644,119.2259744913,120.7687413437,17162100,0.0,1.0
2021-06-03 00:00:00+00:00,2404.61,2409.745,2382.83,2395.02,917291,119.2463066806,119.5009549541,118.1662211118,118.7707318136,18345820,0.0,1.0
2021-06-04 00:00:00+00:00,2451.76,2453.859,2417.77,2422.52,1297434,121.5845084514,121.6885993425,119.8989203668,120.1344762186,25948680,0.0,1.0
2021-06-07 00:00:00+00:00,2466.09,2468.0,2441.0725,2451.32,1192453,122.2951432631,122.3898615109,121.0545077849,121.5626885409,23849060,0.0,1.0
2021-06-08 00:00:00+00:00,2482.85,2494.495,2468.24,2479.9,1253253,123.1262834896,123.7037672567,122.4017632803,122.979990908,25065060,0.0,1.0
2021-06-09 00:00:00+00:00,2491.4,2505.0,2487.33,2499.5,1006337,123.5502840228,124.2247176195,123.3484498509,123.9519687385,20126740,0.0,1.0
2021-06-10 00:00:00+00:00,2521.6,2523.26,2494.0,2494.01,1561733,125.047923333,125.1302439044,123.6792198575,123.6797157645,31234660,0.0,1.0
2021-06-11 00:00:00+00:00,2513.93,2526.99,2498.29,2524.92,1262309,124.6675626208,125.3152172364,123.8919639846,125.2125644757,25246180,0.0,1.0
2021-06-14 00:00:00+00:00,2527.04,2528.23,2500.94,2513.39,1127522,125.3176967717,125.3767097114,124.0233793546,124.6407836397,22550440,0.0,1.0
2021-06-15 00:00:00+00:00,2520.66,2537.24,2512.97,2530.44,1109130,125.0013080697,125.8235219692,124.6199555434,125.4863051709,22182600,0.0,1.0
2021-06-16 00:00:00+00:00,2513.93,2530.47,2482.9994,2524.95,1307168,124.6675626208,125.487792892,123.133692341,125.2140521969,26143360,0.0,1.0
2021-06-17 00:00:00+00:00,2527.42,2543.93,2510.3,2510.46,1287791,125.3365412398,126.1552837899,124.4875483593,124.4954828722,25755820,0.0,1.0
2021-06-18 00:00:00+00:00,2511.35,2527.78,2492.06,2514.11,2665310,124.5396186002,125.3543938939,123.5830138885,124.6764889478,53306200,0.0,1.0
2021-06-21 00:00:00+00:00,2529.1,2540.7349,2502.685,2514.8,1312826,125.4198536253,125.9968365263,124.1099151359,124.7107065347,26256520,0.0,1.0
2021-06-22 00:00:00+00:00,2539.99,2545.4,2520.53,2529.0,1049310,125.9598964097,126.2281821272,124.994861278,125.4148945547,20986200,0.0,1.0
2021-06-23 00:00:00+00:00,2529.23,2555.92,2525.04,2531.0,984658,125.426300417,126.7498763505,125.2185153604,125.514075966,19693160,0.0,1.0
2021-06-24 00:00:00+00:00,2545.64,2550.71,2539.2,2541.07,946662,126.2400838965,126.4915087741,125.9207197522,126.0134543718,18933240,0.0,1.0
2021-06-25 00:00:00+00:00,2539.9,2550.1,2528.88,2539.14,1674297,125.9554332462,126.4612584437,125.4089436701,125.9177443099,33485940,0.0,1.0
2021-06-28 00:00:00+00:00,2536.39,2546.74,2519.4756,2540.0,1405543,125.7813698694,126.2946336727,124.942572838,125.9603923167,28110860,0.0,1.0
2021-06-29 00:00:00+00:00,2520.37,2540.0,2508.74,2535.45,1047478,124.9869267651,125.9603923167,124.4101868585,125.7347546061,20949560,0.0,1.0
2021-06-30 00:00:00+00:00,2506.32,2516.0,2495.15,2513.0713,1200478,124.2901773509,124.7702153815,123.7362491689,124.6249790819,24009560,0.0,1.0
2021-07-01 00:00:00+00:00,2527.37,2529.25,2496.995,2496.995,856230,125.3340617045,125.4272922311,123.8277440208,123.8277440208,17124600,0.0,1.0
2021-07-02 00:00:00+00:00,2574.38,2576.96,2535.38,2536.79,1058256,127.6653207765,127.7932647971,125.7312832567,125.8012061516,21165120,0.0,1.0
2021-07-06 00:00:00+00:00,2595.42,2597.69,2568.18,2588.99,1067517,128.7087092231,128.8212801249,127.3578584016,128.3898409859,21350340,0.0,1.0
2021-07-07 00:00:00+00:00,2601.55,2612.7983,2595.2,2606.82,834186,129.0127002487,129.5705113829,128.6977992679,129.2740432674,16683720,0.0,1.0
2021-07-08 00:00:00+00:00,2583.54,2600.65,2560.8,2565.0,988975,128.1195716402,128.9680686136,126.991878994,127.2001599576,19779500,0.0,1.0
2021-07-09 00:00:00+00:00,2591.49,2596.99,2578.87,2578.89,755466,128.51381775,128.786566631,127.8879830448,127.8889748589,15109320,0.0,1.0
2021-07-12 00:00:00+00:00,2611.28,2615.4,2592.0,2596.67,847546,129.4952178145,129.6995315217,128.5391090098,128.7706976052,16950920,0.0,1.0
2021-07-13 00:00:00+00:00,2619.89,2640.8399,2612.74,2617.63,830898,129.92219379,130.9611141141,129.5676202447,129.8101187953,16617960,0.0,1.0
2021-07-14 00:00:00+00:00,2641.65,2659.9199,2637.96,2638.03,895927,131.0012875447,131.9073047776,130.8182978409,130.8217691903,17918540,0.0,1.0
2021-07-15 00:00:00+00:00,2625.33,2651.9,2611.96,2650.0,829316,130.1919672287,131.5095922775,129.5289394943,131.4153699368,16586320,0.0,1.0
2021-07-16 00:00:00+00:00,2636.91,2643.66,2616.43,2632.82,743059,130.7662276,131.100964863,129.7506099485,130.5634016139,14861180,0.0,1.0
2021-07-19 00:00:00+00:00,2585.08,2624.94,2570.74,2623.11,1285466,128.1959413268,130.1726268535,127.484810608,130.0818758622,25709320,0.0,1.0
2021-07-20 00:00:00+00:00,2622.03,2640.0271,2583.7675,2600.08,954156,130.0283179001,130.9208067885,128.1308535257,128.9398019114,19083120,0.0,1.0
2021-07-21 00:00:00+00:00,2652.01,2652.345,2612.03,2615.74,737082,131.5150472551,131.5316601415,129.5324108437,129.7163923616,14741640,0.0,1.0
2021-07-22 00:00:00+00:00,2666.57,2670.09,2648.0,2653.0,680407,132.2370879291,132.411647213,131.3161885255,131.5641420537,13608140,0.0,1.0
2021-07-23 00:00:00+00:00,2756.32,2776.17,2694.01,2705.2,1318887,136.68785376,137.6722292669,133.5978568918,134.1527768879,26377740,0.0,1.0
2021-07-26 00:00:00+00:00,2792.89,2794.26,2753.0201,2765.0,1152623,138.5013858652,138.5693251319,136.5242093905,137.118301085,23052460,0.0,1.0
2021-07-27 00:00:00+00:00,2735.93,2800.22,2702.0,2800.22,2108153,135.6766992721,138.8648857375,133.9940866299,138.8648857375,42163060,0.0,1.0
2021-07-28 00:00:00+00:00,2727.63,2793.52,2727.0,2771.24,2734417,135.2650964153,138.5326280097,135.2338542708,137.4277470881,54688340,0.0,1.0
2021-07-29 00:00:00+00:00,2730.81,2743.03,2722.76,2727.612,948565,135.4227948592,136.0287932821,135.0235896789,135.2642037826,18971300,0.0,1.0
2021-07-30 00:00:00+00:00,2704.42,2715.4273,2696.284,2710.22,1197725,134.1140961375,134.6599559116,133.7106261564,134.4017222302,23954500,0.0,1.0
2021-08-02 00:00:00+00:00,2719.79,2720.41,2693.39,2709.69,1007002,134.8763052831,134.9070515206,133.5671106543,134.3754391562,20140040,0.0,1.0
2021-08-03 00:00:00+00:00,2725.6,2726.71,2683.67,2720.0,953200,135.1644272829,135.2194729661,133.0850889955,134.8867193313,19064000,0.0,1.0
2021-08-04 00:00:00+00:00,2720.57,2730.76,2708.3,2724.99,826357,134.9149860335,135.420315324,134.3065080754,135.1341769524,16527140,0.0,1.0
2021-08-05 00:00:00+00:00,2738.8,2739.0,2712.0,2720.57,593589,135.8190245973,135.8289427384,134.4899936862,134.9149860335,11871780,0.0,1.0
2021-08-06 00:00:00+00:00,2740.72,2741.6009,2720.93,2725.9,678251,135.9142387521,135.9579232047,134.9328386876,135.1793044946,13565020,0.0,1.0
2021-08-09 00:00:00+00:00,2760.04,2766.43,2728.575,2738.98,618978,136.872331185,137.189215794,135.3119596321,135.8279509243,12379560,0.0,1.0
2021-08-10 00:00:00+00:00,2761.93,2771.03,2744.53,2761.59,801954,136.9660576186,137.4173330399,136.1031793406,136.9491967787,16039080,0.0,1.0
2021-08-11 00:00:00+00:00,2753.79,2776.955,2747.0,2765.66,760483,136.5623892748,137.7111579708,136.2256683835,137.1510309507,15209660,0.0,1.0
2021-08-12 00:00:00+00:00,2767.79,2768.36,2735.58,2754.26,732470,137.2566591537,137.2849258559,135.6593425251,136.5856969064,14649400,0.0,1.0
2021-08-13 00:00:00+00:00,2768.12,2773.48,2760.1,2767.15,626348,137.2730240865,137.5388302687,136.8753066273,137.2249211021,12526960,0.0,1.0
2021-08-16 00:00:00+00:00,2778.32,2779.81,2723.315,2760.0,902542,137.778849284,137.8527394354,135.0511125205,136.8703475568,18050840,0.0,1.0
2021-08-17 00:00:00+00:00,2746.01,2774.37,2735.75,2763.82,1063701,136.1765735849,137.5829659968,135.6677729451,137.0597840523,21274020,0.0,1.0
2021-08-18 00:00:00+00:00,2731.4,2765.88,2728.42,2742.31,746723,135.4520533756,137.1619409059,135.3042730728,135.9930879741,14934460,0.0,1.0
2021-08-19 00:00:00+00:00,2738.27,2749.04,2707.12,2709.35,914796,135.7927415233,136.326833423,134.2479910427,134.3585783163,18295920,0.0,1.0
2021-08-20 00:00:00+00:00,2768.74,2772.29,2729.34,2741.66,778337,137.303770324,137.479817329,135.349896522,135.9608540154,15566740,0.0,1.0
2021-08-23 00:00:00+00:00,2821.99,2843.5399,2774.9586,2779.97,1054484,139.9444753992,141.0131501466,137.6121550861,137.8606739483,21089680,0.0,1.0
2021-08-24 00:00:00+00:00,2847.97,2860.15,2827.07,2830.87,756313,141.2328419316,141.8368567263,140.1963961838,140.3848408652,15126260,0.0,1.0
2021-08-25 00:00:00+00:00,2859.0,2866.26,2848.79,2857.66,642153,141.7798274148,142.1398559377,141.2735063102,141.7133758692,12843060,0.0,1.0
2021-08-26 00:00:00+00:00,2842.46,2862.696,2841.83,2852.37,746100,140.9595971436,141.9631146628,140.928354999,141.4510410364,14922000,0.0,1.0
2021-08-27 00:00:00+00:00,2891.01,2900.22,2840.4,2842.25,1228412,143.3672259022,143.8239563011,140.8574402899,140.9491830954,24568240,0.0,1.0
2021-08-30 00:00:00+00:00,2909.39,2929.7899,2892.0,2894.09,845795,144.2787030718,145.2903485077,143.4163207008,143.5199652756,16915900,0.0,1.0
2021-08-31 00:00:00+00:00,2909.24,2922.24,2900.0,2917.69,1337821,144.271264466,144.9159436392,143.8130463459,144.6903059286,26756420,0.0,1.0
2021-09-01 00:00:00+00:00,2916.84,2936.4099,2912.29,2913.0,791234,144.6481538288,145.618638979,144.4225161182,144.4577255192,15824680,0.0,1.0
2021-09-02 00:00:00+00:00,2884.38,2926.5,2882.13,2918.99,1092790,143.0384395238,145.1272000452,142.9268604362,144.7547738459,21855800,0.0,1.0
2021-09-03 00:00:00+00:00,2895.5,2907.54,2870.1,2882.92,955524,143.5898881705,144.1869602664,142.3302842473,142.9660370936,19110480,0.0,1.0
2021-09-07 00:00:00+00:00,2910.38,2916.48,2890.82,2894.99,758630,144.3277978704,144.6303011748,143.3578036681,143.5645969106,15172600,0.0,1.0
2021-09-08 00:00:00+00:00,2897.67,2911.02,2884.0,2907.87,774583,143.6975000017,144.359535922,143.0195950557,144.2033251992,15491660,0.0,1.0
2021-09-09 00:00:00+00:00,2898.27,2913.39,2888.68,2897.67,739928,143.7272544251,144.4770658944,143.2516795581,143.6975000017,14798560,0.0,1.0
2021-09-10 00:00:00+00:00,2838.42,2920.38,2834.83,2908.87,1644831,140.7592506928,144.8237049268,140.5812200595,144.2529159049,32896620,0.0,1.0
2021-09-13 00:00:00+00:00,2869.3,2883.82,2845.65,2864.02,1008781,142.2906116828,143.0106687287,141.1177914945,142.0287727571,20175620,0.0,1.0
2021-09-14 00:00:00+00:00,2868.12,2894.55,2858.11,2883.22,945957,142.2320946502,143.5427770002,141.7356916868,142.9809143053,18919140,0.0,1.0
2021-09-15 00:00:00+00:00,2904.12,2911.63,2845.12,2875.18,1032671,144.0173600531,144.3897862524,141.0915084205,142.582205032,20653420,0.0,1.0
2021-09-16 00:00:00+00:00,2887.47,2904.0,2868.3272,2902.42,1014942,143.1916748043,144.0114091684,142.2423698444,143.9330558535,20298840,0.0,1.0
2021-09-17 00:00:00+00:00,2829.27,2884.99,2821.23,2875.97,3001991,140.3054957362,143.0686898543,139.9067864629,142.6213816894,60039820,0.0,1.0
2021-09-20 00:00:00+00:00,2780.34,2787.25,2741.06,2780.0035,1745886,137.8790225094,138.2216942854,135.931099592,137.862335237,34917720,0.0,1.0
2021-09-21 00:00:00+00:00,2792.93,2816.2323,2778.11,2802.34,906469,138.5033694934,139.6589469933,137.7684352358,138.9700180334,18129380,0.0,1.0
2021-09-22 00:00:00+00:00,2818.77,2831.67,2789.435,2801.01,1103390,139.784793327,140.4245134297,138.3300499772,138.9040623949,22067800,0.0,1.0
2021-09-23 00:00:00+00:00,2836.53,2845.0493,2821.93,2832.19,863805,140.6655242591,141.0880023577,139.9414999568,140.4503005967,17276100,0.0,1.0
2021-09-24 00:00:00+00:00,2852.66,2858.07,2817.01,2818.92,747467,141.465422341,141.7337080585,139.6975136851,139.7922319329,14949340,0.0,1.0
2021-09-27 00:00:00+00:00,2830.02,2850.0,2810.0,2831.71,942204,140.3426887654,141.3335110641,139.3498828386,140.426497058,18844080,0.0,1.0
2021-09-28 00:00:00+00:00,2723.68,2792.13,2714.0,2781.77,2109483,135.0692131281,138.4636969289,134.5891750975,137.9499372185,42189660,0.0,1.0
2021-09-29 00:00:00+00:00,2690.42,2747.97,2685.0,2742.1938,1316861,133.4198262586,136.273771368,133.151044634,135.9873255341,26337220,0.0,1.0
2021-09-30 00:00:00+00:00,2665.31,2711.8,2660.0,2686.5,1768199,132.17460364,134.4800755451,131.9112769931,133.2254306925,35363980,0.0,1.0
2021-10-01 00:00:00+00:00,2729.25,2741.42,2667.55,2671.09,1419365,135.3454333584,135.948952246,132.2856868207,132.4612379186,28387300,0.0,1.0
2021-10-04 00:00:00+00:00,2675.3,2714.0,2623.33,2713.99,1576495,132.6700147894,134.5891750975,130.0927858174,134.5886791904,31529900,0.0,1.0
2021-10-05 00:00:00+00:00,2723.54,2747.24,2680.0,2680.0,1206337,135.0622704293,136.2375701528,132.9030911058,132.9030911058,24126740,0.0,1.0
2021-10-06 00:00:00+00:00,2747.08,2757.04,2689.73,2692.51,988216,136.2296356399,136.7235590681,133.3856086717,133.5234708334,19764320,0.0,1.0
2021-10-07 00:00:00+00:00,2783.71,2803.0891,2771.26,2777.26,912523,138.0461431874,139.007166431,137.4287389022,137.7262831361,18250460,0.0,1.0
2021-10-08 00:00:00+00:00,2801.12,2806.34,2788.5868,2798.12,946421,138.9095173725,139.168380856,138.2879871407,138.7607452556,18928420,0.0,1.0
2021-10-11 00:00:00+00:00,2776.95,2815.2725,2776.13,2796.0,829238,137.7109100173,139.6113498341,137.6702456387,138.6556129597,16584760,0.0,1.0
2021-10-12 00:00:00+00:00,2734.26,2793.9,2725.0,2792.75,1126751,135.5938827937,138.5514724778,135.1346728595,138.4944431664,22535020,0.0,1.0
2021-10-13 00:00:00+00:00,2758.0,2771.0,2739.53,2755.0,819664,136.7711661455,137.4158453188,135.8552258124,136.6223940286,16393280,0.0,1.0
2021-10-14 00:00:00+00:00,2828.24,2833.03,2786.78,2799.04,1071878,140.2544173094,140.4919567894,138.1983866537,138.8063687048,21437560,0.0,1.0
2021-10-15 00:00:00+00:00,2833.5,2844.0,2821.29,2844.0,1062668,140.5152644211,141.0359668302,139.9097619052,141.0359668302,21253360,0.0,1.0
2021-10-18 00:00:00+00:00,2859.21,2859.975,2824.27,2824.27,828360,141.790241463,141.8281783528,140.057542208,140.057542208,16567200,0.0,1.0
2021-10-19 00:00:00+00:00,2876.44,2882.14,2861.92,2865.83,765792,142.6446893211,142.9273563432,141.9246322752,142.1185319343,15315840,0.0,1.0
2021-10-20 00:00:00+00:00,2848.3,2884.955,2838.24,2884.45,896975,141.2492068645,143.0669541796,140.7503243658,143.0419108732,17939500,0.0,1.0
2021-10-21 00:00:00+00:00,2855.61,2856.99,2832.74,2843.84,742496,141.6117149227,141.6801500965,140.4775754848,141.0280323173,14849920,0.0,1.0
2021-10-22 00:00:00+00:00,2772.5,2831.17,2743.41,2807.02,1509132,137.4902313772,140.3997180769,136.0476377503,139.2021025358,30182640,0.0,1.0
2021-10-25 00:00:00+00:00,2775.46,2784.116,2734.97,2776.21,1054085,137.6370198659,138.0662770139,135.6290921947,137.6742128951,21081700,0.0,1.0
2021-10-26 00:00:00+00:00,2793.44,2816.79,2780.11,2812.12,1412937,138.5286607533,139.6866037299,137.8676166471,139.4550151345,28258740,0.0,1.0
2021-10-27 00:00:00+00:00,2928.55,2982.36,2798.05,2798.05,2592546,145.2288609918,147.8973368621,138.7572739062,138.7572739062,51850920,0.0,1.0
2021-10-28 00:00:00+00:00,2922.58,2948.49,2895.27,2945.98,1620903,144.9328044792,146.2176996622,143.5784823082,146.093226991,32418060,0.0,1.0
2021-10-29 00:00:00+00:00,2965.41,2972.26,2903.33,2910.4,1447725,147.0567744016,147.3964707352,143.9781833957,144.3287896845,28954500,0.0,1.0
2021-11-01 00:00:00+00:00,2875.48,2967.99,2871.59,2963.3,1578447,142.5970822437,147.1847184221,142.4041743987,146.9521380127,31568940,0.0,1.0
2021-11-02 00:00:00+00:00,2917.26,2938.41,2892.82,2896.1877,1054648,144.6689819252,145.7178253494,143.4569850794,143.6239916988,21092960,0.0,1.0
2021-11-03 00:00:00+00:00,2935.8,2938.21,2901.07,2925.5,894330,145.5883936077,145.7079072083,143.8661084009,145.0776093396,17886600,0.0,1.0
2021-11-04 00:00:00+00:00,2973.66,2999.0,2932.7,2944.0,1235040,147.4658977231,148.7225262039,145.4346624202,145.9950373939,24700800,0.0,1.0
2021-11-05 00:00:00+00:00,2984.82,3011.4145,2973.04,2987.07,1020407,148.019329998,149.338170019,147.4351514856,148.1309090857,20408140,0.0,1.0
2021-11-08 00:00:00+00:00,2987.03,3020.6899,2982.4,3000.0,919407,148.1289254574,149.7981436501,147.8993204903,148.7721169095,18388140,0.0,1.0
2021-11-09 00:00:00+00:00,2984.97,3007.57,2950.14,2994.92,842214,148.0267686038,149.1475185512,146.2995243265,148.5201961249,16844280,0.0,1.0
2021-11-10 00:00:00+00:00,2932.52,2973.9999,2906.5,2960.195,1135416,145.4257360932,147.4827536039,144.1353859325,146.7981588717,22708320,0.0,1.0
2021-11-11 00:00:00+00:00,2934.96,2970.045,2933.89,2942.14,623155,145.5467374149,147.2866273222,145.4936753599,145.9027986814,12463100,0.0,1.0
2021-11-12 00:00:00+00:00,2992.91,2997.19,2929.08,2956.63,849970,148.4205188066,148.6327670267,145.2551440658,146.6213680061,16999400,0.0,1.0
2021-11-15 00:00:00+00:00,2987.76,3009.54,2973.05,3000.0,812367,148.1651266725,149.2452122413,147.4356473926,148.7721169095,16247340,0.0,1.0
2021-11-16 00:00:00+00:00,2981.52,2996.65,2967.0,2983.41,862743,147.8556806694,148.6059880456,147.1356236235,147.949407103,17254860,0.0,1.0
2021-11-17 00:00:00+00:00,2981.24,2992.52,2971.26,2984.58,764541,147.8417952718,148.4011784314,147.3468800295,148.0074282286,15290820,0.0,1.0
2021-11-18 00:00:00+00:00,3014.18,3032.2,2979.97,2982.92,1334120,149.4753131155,150.368937631,147.7788150756,147.9251076573,26682400,0.0,1.0
2021-11-19 00:00:00+00:00,2999.05,3037.0,2997.75,3020.0,989148,148.7250057392,150.6069730181,148.6605378218,149.7639310223,19782960,0.0,1.0
2021-11-22 00:00:00+00:00,2941.57,3014.89,2940.11,3002.8352,1231385,145.8745319792,149.5105225165,145.802129549,148.9127164782,24627700,0.0,1.0
2021-11-23 00:00:00+00:00,2935.14,2953.88,2897.79,2942.26,906657,145.5556637419,146.4849935656,143.7034508864,145.9087495661,18133140,0.0,1.0
2021-11-24 00:00:00+00:00,2934.35,2940.0,2903.98,2927.0,823203,145.5164870845,145.7966745713,144.0104173543,145.1519953981,16464060,0.0,1.0
2021-11-26 00:00:00+00:00,2856.12,2905.9404,2849.71,2900.31,849606,141.6370061826,144.1076349736,141.3191297594,143.8284194646,16992120,0.0,1.0
2021-11-29 00:00:00+00:00,2922.28,2937.24,2885.97,2885.97,1313806,144.9179272675,145.6598042238,143.1172887458,143.1172887458,26276120,0.0,1.0
2021-11-30 00:00:00+00:00,2849.04,2932.57,2841.32,2909.005,2079526,141.2859039866,145.4282156285,140.9030637391,144.2596106501,41590520,0.0,1.0
2021-12-01 00:00:00+00:00,2832.36,2929.9825,2830.0,2884.25,1427289,140.4587310166,145.2998996776,140.3416969513,143.0319927321,28545780,0.0,1.0
2021-12-02 00:00:00+00:00,2875.53,2893.5,2819.64,2836.48,1062535,142.599561779,143.4907067592,139.8279372409,140.6630447238,21250700,0.0,1.0
2021-12-03 00:00:00+00:00,2850.41,2904.2599,2823.0,2889.91,1334374,141.3538432534,144.0242977928,139.9945620119,143.312676126,26687480,0.0,1.0
2021-12-06 00:00:00+00:00,2875.93,2887.03,2812.94,2871.48,1109885,142.6193980612,143.1698548938,139.4956795132,142.3987194211,22197700,0.0,1.0
2021-12-07 00:00:00+00:00,2960.73,2966.0,2914.05,2919.0,1162914,146.8246898992,147.0860329179,144.5097957601,144.755269753,23258280,0.0,1.0
2021-12-08 00:00:00+00:00,2974.41,2983.13,2944.0,2966.63,948197,147.5030907523,147.9355217054,145.9950373939,147.1172750624,18963940,0.0,1.0
2021-12-09 00:00:00+00:00,2962.12,2992.1,2950.58,2963.52,929030,146.89362098,148.380350335,146.321344237,146.9630479679,18580600,0.0,1.0
2021-12-10 00:00:00+00:00,2973.5,2988.0,2947.15,2982.0,1081923,147.4579632102,148.1770284419,146.1512481166,147.8794842081,21638460,0.0,1.0
2021-12-13 00:00:00+00:00,2934.09,2971.25,2927.2,2968.88,1205196,145.503593501,147.3463841225,145.1619135392,147.2288541501,24103920,0.0,1.0
2021-12-14 00:00:00+00:00,2899.41,2908.84,2844.85,2895.4,1238940,143.7837878296,144.2514281837,141.07811893,143.5849291,24778800,0.0,1.0
2021-12-15 00:00:00+00:00,2947.37,2950.345,2854.11,2887.32,1364048,146.1621580719,146.3096904212,141.5373288642,143.1842361984,27280960,0.0,1.0
2021-12-16 00:00:00+00:00,2896.77,2971.03,2881.85,2961.54,1369987,143.6528683667,147.3354741672,142.9129750386,146.8648583708,27399740,0.0,1.0
2021-12-17 00:00:00+00:00,2856.06,2889.2019,2835.76,2854.29,2170235,141.6340307402,143.2775609473,140.6273394158,141.5462551912,43404700,0.0,1.0
2021-12-20 00:00:00+00:00,2848.03,2852.21,2805.0,2813.5919,1013176,141.235817374,141.4431065235,139.1019293104,139.5280076942,20263520,0.0,1.0
2021-12-21 00:00:00+00:00,2884.41,2893.8413,2834.7,2863.0,977597,143.039927245,143.5076320671,140.5747732678,141.9781902373,19551940,0.0,1.0
2021-12-22 00:00:00+00:00,2938.98,2946.06,2879.26,2882.0,922024,145.7460920516,146.0971942475,142.784535111,142.9204136444,18440480,0.0,1.0
2021-12-23 00:00:00+00:00,2942.85,2971.4519,2939.0168,2941.79,690934,145.9380080824,147.3563964859,145.7479169896,145.8854419344,13818680,0.0,1.0
2021-12-27 00:00:00+00:00,2961.28,2968.53,2945.0,2949.27,662966,146.8519647873,147.2114974031,146.0446280995,146.2563804126,13259320,0.0,1.0
2021-12-28 00:00:00+00:00,2928.96,2967.49,2918.71,2967.49,931792,145.2491931811,147.1599230693,144.7408884483,147.1599230693,18635840,0.0,1.0
2021-12-29 00:00:00+00:00,2930.09,2943.675,2910.09,2928.59,851236,145.3052306785,145.9789204146,144.3134165658,145.23084462,17024720,0.0,1.0
2021-12-30 00:00:00+00:00,2920.05,2941.25,2915.17,2929.0,648851,144.8073399939,145.8586629534,144.5653373504,145.2511768093,12977020,0.0,1.0
2021-12-31 00:00:00+00:00,2893.59,2927.3,2893.55,2910.88,847077,143.4951699227,145.1668726098,143.4931862945,144.3525932232,16941540,0.0,1.0
2022-01-03 00:00:00+00:00,2901.49,2911.0,2870.05,2889.51,1261225,143.8869364973,144.3585441079,142.3278047121,143.2928398438,25224500,0.0,1.0
2022-01-04 00:00:00+00:00,2888.33,2932.2,2876.3225,2911.01,1146389,143.2343228111,145.4098670674,142.6388624132,144.3590400149,22927780,0.0,1.0
2022-01-05 00:00:00+00:00,2753.07,2885.96,2750.47,2883.62,2482076,136.5266839667,143.1167928387,136.3977481321,143.0007505876,49641520,0.0,1.0
2022-01-06 00:00:00+00:00,2751.02,2793.72,2735.27,2749.95,1452452,136.4250230202,138.5425461508,135.6439694064,136.3719609651,29049040,0.0,1.0
2022-01-07 00:00:00+00:00,2740.09,2765.0949,2715.78,2758.1,970412,135.8829966075,137.1230072429,134.6774465535,136.7761252161,19408240,0.0,1.0
2022-01-10 00:00:00+00:00,2771.48,2772.8,2662.81,2701.98,1704784,137.4396488575,137.5051085889,132.050626876,133.9930948157,34095680,0.0,1.0
2022-01-11 00:00:00+00:00,2800.35,2806.59,2736.27,2763.61,1148153,138.8713325292,139.1807785324,135.693560112,137.0493700041,22963060,0.0,1.0
2022-01-12 00:00:00+00:00,2832.96,2856.2849,2822.24,2831.09,1182079,140.48848544,141.6451836899,139.9568730756,140.3957508205,23641580,0.0,1.0
2022-01-13 00:00:00+00:00,2782.62,2863.71,2778.28,2836.81,1328254,137.9920893183,142.0133996383,137.7768656558,140.6794096567,26565080,0.0,1.0
2022-01-14 00:00:00+00:00,2795.73,2824.01,2750.0,2750.0,1191296,138.6422234692,140.0446486246,136.3744405004,136.3744405004,23825920,0.0,1.0
2022-01-18 00:00:00+00:00,2725.81,2747.8299,2712.34,2732.0,1347275,135.1748413311,136.2668237101,134.5068545261,135.4818077989,26945500,0.0,1.0
2022-01-19 00:00:00+00:00,2713.04,2767.99,2710.0,2738.77,1002757,134.5415680201,137.2665772948,134.3908122749,135.8175368761,20055140,0.0,1.0
2022-01-20 00:00:00+00:00,2670.13,2758.24,2662.89,2730.28,1096528,132.4136308412,136.7830679148,132.0545941324,135.3965117853,21930560,0.0,1.0
2022-01-21 00:00:00+00:00,2601.84,2695.21,2600.02,2660.24,2095961,129.0270815533,133.6573657386,128.936826469,131.9231787625,41919220,0.0,1.0
2022-01-24 00:00:00+00:00,2607.44,2615.57,2492.839,2520.55,2764602,129.3047895049,129.7079619417,123.6216450482,124.9958530921,55292040,0.0,1.0
2022-01-25 00:00:00+00:00,2534.71,2586.77,2527.56,2568.71,1800430,125.6980574839,128.2797496194,125.3434839386,127.3841414756,36008600,0.0,1.0
2022-01-26 00:00:00+00:00,2584.8,2656.15,2543.07,2611.85,1981544,128.1820559293,131.7203527764,126.112635783,129.5234845167,39630880,0.0,1.0
2022-01-27 00:00:00+00:00,2582.42,2652.1988,2578.9,2627.22,1514251,128.0640300498,131.5244099803,127.889470766,130.2856936624,30285020,0.0,1.0
2022-01-28 00:00:00+00:00,2665.79,2667.41,2573.89,2600.0,1525878,132.1984071788,132.2787441219,127.6410213308,128.9358346549,30517560,0.0,1.0
2022-01-31 00:00:00+00:00,2713.97,2716.87,2645.48,2683.96,1702778,134.5876873763,134.7315004227,131.1912199473,133.0994703002,34055560,0.0,1.0
2022-02-01 00:00:00+00:00,2757.57,2764.0,2691.3645,2756.7,2560160,136.7498421421,137.0687103793,133.4666646801,136.7066982282,51203200,0.0,1.0
2022-02-02 00:00:00+00:00,2960.73,3042.0,2911.1501,3037.27,4487538,146.8246898992,150.8549265463,144.3659876728,150.6203625086,89750760,0.0,1.0
2022-02-03 00:00:00+00:00,2853.01,2982.3544,2844.1,2905.9,2846507,141.482779088,147.8970591542,141.0409259008,144.1056315091,56930140,0.0,1.0
2022-02-04 00:00:00+00:00,2860.32,2890.705,2796.35,2860.34,2461220,141.8452871462,143.352100737,138.6729697067,141.8462789603,49224400,0.0,1.0
2022-02-07 00:00:00+00:00,2778.76,2876.9299,2773.98,2874.18,2230537,137.8006691945,142.6689838078,137.5636256216,142.5326143263,44610740,0.0,1.0
2022-02-08 00:00:00+00:00,2784.26,2796.7424,2737.46,2779.825,1712752,138.0734180755,138.6924290995,135.7525730517,137.853483296,34255040,0.0,1.0
2022-02-09 00:00:00+00:00,2829.06,2843.51,2807.54,2816.995,1431358,140.295081688,141.0116673845,139.2278897027,139.6967698245,28627160,0.0,1.0
2022-02-10 00:00:00+00:00,2772.05,2828.62,2761.0,2790.0,1650885,137.4679155597,140.2732617775,136.9199382624,138.3580687259,33017700,0.0,1.0
2022-02-11 00:00:00+00:00,2682.6,2785.665,2665.77,2775.0,1940440,133.0320269405,138.1430930169,132.1974153646,137.6142081413,38808800,0.0,1.0
2022-02-14 00:00:00+00:00,2706.0,2723.3299,2666.04,2667.31,1339640,134.1924494524,135.051851422,132.2108048552,132.2737850513,26792800,0.0,1.0
2022-02-15 00:00:00+00:00,2728.51,2758.0,2710.7901,2749.43,1328878,135.3087362363,136.7711661455,134.4299938915,136.3461737982,26577560,0.0,1.0
2022-02-16 00:00:00+00:00,2749.75,2758.92,2696.4728,2728.61,1280483,136.362042824,136.8167895947,133.7199888817,135.3136953068,25609660,0.0,1.0
2022-02-17 00:00:00+00:00,2646.17,2736.79,2644.04,2723.0,1548406,131.2254375342,135.7193472789,131.1198093312,135.0354914482,30968120,0.0,1.0
2022-02-18 00:00:00+00:00,2609.35,2676.48,2606.1405,2660.75,1592930,129.3995077526,132.728531822,129.2403463829,131.9484700223,31858600,0.0,1.0
2022-02-22 00:00:00+00:00,2588.05,2638.015,2554.82,2599.7,1922576,128.3432257226,130.8210253297,126.6953265743,128.9209574432,38451520,0.0,1.0
2022-02-23 00:00:00+00:00,2551.7,2634.98,2550.07,2621.57,1321564,126.5406035727,130.6705175381,126.4597707225,130.0055061755,26431280,0.0,1.0
2022-02-24 00:00:00+00:00,2653.47,2660.74,2495.29,2500.0,2158254,131.5874496853,131.9479741153,123.7431918677,123.9767640913,43165080,0.0,1.0
2022-02-25 00:00:00+00:00,2690.39,2707.78,2635.3,2670.51,1311793,133.4183385374,134.2807209084,130.6863865639,132.4324753094,26235860,0.0,1.0
2022-02-28 00:00:00+00:00,2697.82,2712.81,2656.505,2665.69,1483784,133.7867974803,134.5301621578,131.7379574769,132.1934481082,29675680,0.0,1.0
2022-03-01 00:00:00+00:00,2683.36,2722.22,2667.57,2689.6,1231996,133.0697158768,134.9968106978,132.2866786348,133.37916188,24639920,0.0,1.0
2022-03-02 00:00:00+00:00,2695.03,2712.31,2668.65,2692.165,1198337,133.6484394116,134.505366805,132.3402365969,133.5063620399,23966740,0.0,1.0
2022-03-03 00:00:00+00:00,2686.16,2734.2759,2668.62,2719.57,988965,133.2085698526,135.5946712859,132.3387488757,134.8653953279,19779300,0.0,1.0
2022-03-04 00:00:00+00:00,2642.44,2683.98,2608.17,2667.65,1223612,131.0404642021,133.1004621143,129.34099072,132.2906458912,24472240,0.0,1.0
2022-03-07 00:00:00+00:00,2529.29,2638.08,2528.2,2638.08,1958895,125.4292758594,130.8242487256,125.3752219902,130.8242487256,39177900,0.0,1.0
2022-03-08 00:00:00+00:00,2545.57,2624.93,2517.215,2525.01,1762478,126.2366125471,130.1721309464,124.8304680888,125.2170276392,35249560,0.0,1.0
2022-03-09 00:00:00+00:00,2677.32,2683.97,2601.76,2628.0,1612872,132.7701880147,133.0999662072,129.0231142968,130.3243744127,32257440,0.0,1.0
2022-03-10 00:00:00+00:00,2653.64,2670.77,2628.02,2629.25,1213260,131.5958801053,132.4453688928,130.3253662269,130.3863627948,24265200,0.0,1.0
2022-03-11 00:00:00+00:00,2609.51,2684.0,2605.93,2679.99,1329990,129.4074422655,133.1014539284,129.2299075394,132.9025951988,26599800,0.0,1.0
2022-03-14 00:00:00+00:00,2534.82,2620.52,2528.26,2611.46,1512693,125.7035124615,129.9534359346,125.3781974326,129.5041441415,30253860,0.0,1.0
2022-03-15 00:00:00+00:00,2593.21,2610.345,2531.36,2554.83,1514630,128.5991137637,129.4488505047,125.53192862,126.6958224813,30292600,0.0,1.0
2022-03-16 00:00:00+00:00,2673.81,2675.42,2584.02,2620.0,1602910,132.596124638,132.675965674,128.1433751789,129.9276487677,32058200,0.0,1.0
2022-03-17 00:00:00+00:00,2692.01,2694.7899,2654.38,2666.42,1199719,133.4986754805,133.6365326831,131.6325772274,132.2296493233,23994380,0.0,1.0
2022-03-18 00:00:00+00:00,2736.03,2738.27,2658.64,2677.68,2274522,135.6816583427,135.7927415233,131.8438336335,132.7880406688,45490440,0.0,1.0
2022-03-21 00:00:00+00:00,2729.57,2751.65,2692.23,2736.95,1311843,135.3613023842,136.4562651647,133.5095854358,135.7272817918,26236860,0.0,1.0
2022-03-22 00:00:00+00:00,2805.55,2830.0,2730.0,2730.0,1485315,139.1292041985,140.3416969513,135.3826263877,135.3826263877,29706300,0.0,1.0
2022-03-23 00:00:00+00:00,2770.07,2800.5,2763.33,2782.77,1265116,137.3697259625,138.878771135,137.0354846065,137.9995279241,25302320,0.0,1.0
2022-03-24 00:00:00+00:00,2826.24,2827.93,2760.7876,2785.45,1027236,140.1552358981,140.2390441907,136.9094051965,138.1324310152,20544720,0.0,1.0
2022-03-25 00:00:00+00:00,2830.43,2839.19,2793.99,2835.08,946137,140.3630209547,140.7974355361,138.5559356414,140.593617736,18922740,0.0,1.0
2022-03-28 00:00:00+00:00,2839.0,2839.53,2796.5627,2813.69,1188654,140.7880133021,140.814296376,138.6835176497,139.5328725424,23773080,0.0,1.0
2022-03-29 00:00:00+00:00,2865.0,2883.25,2849.68,2863.21,1433921,142.0773716486,142.9824020265,141.3176420383,141.9886042855,28678420,0.0,1.0
2022-03-30 00:00:00+00:00,2852.89,2869.61,2843.36,2857.4,1052319,141.4768282033,142.3059848016,141.0042287786,141.7004822858,21046380,0.0,1.0
2022-03-31 00:00:00+00:00,2792.99,2852.89,2792.38,2848.97,1475816,138.5063449357,141.4768282033,138.4760946053,141.2824326372,29516320,0.0,1.0
2022-04-01 00:00:00+00:00,2814.0,2819.0,2775.94,2800.2,1174001,139.5482456611,139.7961991893,137.6608234046,138.8638939234,23480020,0.0,1.0
2022-04-04 00:00:00+00:00,2872.85,2880.875,2816.49,2816.49,954245,142.4666586878,142.8646241006,139.6717265182,139.6717265182,19084900,0.0,1.0
2022-04-05 00:00:00+00:00,2821.26,2871.8,2818.87,2867.99,926553,139.9082741841,142.4145884469,139.7897523976,142.2256478585,18531060,0.0,1.0
2022-04-06 00:00:00+00:00,2743.52,2796.97,2728.3622,2783.23,1178730,136.0530927279,138.7037159441,135.30140673,138.0223396487,23574600,0.0,1.0
2022-04-07 00:00:00+00:00,2729.3,2754.03,2697.145,2732.36,972427,135.3479128937,136.5742910441,133.753323754,135.499660453,19448540,0.0,1.0
2022-04-08 00:00:00+00:00,2680.21,2725.0,2675.0501,2725.0,821724,132.913505154,135.1346728595,132.657622072,135.1346728595,16434480,0.0,1.0
2022-04-11 00:00:00+00:00,2595.93,2658.7836,2592.35,2658.0,1209367,128.734000483,131.8509548588,128.5564657568,131.8120955818,24187340,0.0,1.0
2022-04-12 00:00:00+00:00,2567.49,2648.47,2551.52,2648.47,1150161,127.3236408147,131.3394961571,126.5316772457,131.3394961571,23003220,0.0,1.0
2022-04-13 00:00:00+00:00,2605.72,2613.115,2568.7719,2572.53,977148,129.2194934912,129.5862167594,127.3872111402,127.5735779711,19542960,0.0,1.0
2022-04-14 00:00:00+00:00,2545.06,2614.205,2542.23,2612.99,1174168,126.2113212873,129.6402706285,126.0709795903,129.5800179211,23483360,0.0,1.0
2022-04-18 00:00:00+00:00,2559.22,2574.24,2531.5693,2548.2,745860,126.9135256791,127.6583780777,125.5423079547,126.367036103,14917200,0.0,1.0
2022-04-19 00:00:00+00:00,2610.62,2618.075,2549.03,2561.54,1135965,129.4624879488,129.8321866593,126.4081963886,127.0285761161,22719300,0.0,1.0
2022-04-20 00:00:00+00:00,2564.91,2638.47,2557.8811,2625.68,1126974,127.1956967941,130.8435891008,126.8471286833,130.2093239757,22539480,0.0,1.0
2022-04-21 00:00:00+00:00,2498.75,2606.15,2493.0,2587.0,1507877,123.9147757092,129.2408174946,123.6296291518,128.2911554817,30157540,0.0,1.0
2022-04-22 00:00:00+00:00,2392.28,2509.04,2382.81,2500.0,2320515,118.6348532801,124.4250640702,118.1652292977,123.9767640913,46410300,0.0,1.0
2022-04-25 00:00:00+00:00,2465.0,2465.56,2375.385,2388.59,1726090,122.241089394,122.2688601892,117.7970183084,118.4518635763,34521800,0.0,1.0
2022-04-26 00:00:00+00:00,2390.12,2455.0,2383.237,2455.0,2284104,118.5277373559,121.7451823376,118.186404529,121.7451823376,45682080,0.0,1.0
2022-04-27 00:00:00+00:00,2300.41,2350.0,2262.485,2287.46,3111906,114.0789551533,116.5381582458,112.198227642,113.4367555153,62238120,0.0,1.0
2022-04-28 00:00:00+00:00,2388.23,2408.77,2302.8778,2342.3,1839547,118.4340109223,119.4526040161,114.2013350967,116.1563098124,36790940,0.0,1.0
2022-04-29 00:00:00+00:00,2299.33,2379.2,2293.88,2351.56,1684655,114.0253971912,117.9862068504,113.7551278455,116.6155197466,33693100,0.0,1.0
2022-05-02 00:00:00+00:00,2343.14,2346.79,2267.99,2278.13,1513982,116.1979660051,116.3789720807,112.4712244765,112.9740742317,30279640,0.0,1.0
2022-05-03 00:00:00+00:00,2362.59,2386.0,2332.54,2335.3,1060787,117.1625052298,118.3234236487,115.6723045254,115.8091748729,21215740,0.0,1.0
2022-05-04 00:00:00+00:00,2451.5,2462.86,2314.77,2360.07,1656826,121.5716148679,122.1349652839,114.7910776862,117.0375366516,33136520,0.0,1.0
2022-05-05 00:00:00+00:00,2334.93,2424.665,2303.65,2404.41,2154452,115.7908263119,120.2408482821,114.2396290395,119.2363885395,43089040,0.0,1.0
2022-05-06 00:00:00+00:00,2313.2,2349.97,2282.86,2310.38,1765474,114.7132202784,116.5366705246,113.2086382694,114.5733744885,35309480,0.0,1.0
2022-05-09 00:00:00+00:00,2261.68,2311.2581,2251.03,2266.07,1726048,112.158307124,114.6169200871,111.630166109,112.3760103217,34520960,0.0,1.0
2022-05-10 00:00:00+00:00,2291.69,2333.82,2267.6657,2320.81,1557889,113.6465242001,115.7357806286,112.4551422107,115.0906055483,31157780,0.0,1.0
2022-05-11 00:00:00+00:00,2279.22,2333.42,2273.0,2274.21,1825082,113.0281281008,115.7159443463,112.7196739118,112.7796786656,36501640,0.0,1.0
2022-05-12 00:00:00+00:00,2263.22,2297.13,2202.27,2238.76,2073244,112.2346768107,113.9162976388,109.2121233021,111.0216881508,41464880,0.0,1.0
2022-05-13 00:00:00+00:00,2330.31,2361.7,2280.0,2296.91,1486878,115.5617172518,117.1183695017,113.0668088512,113.9053876836,29737560,0.0,1.0
2022-05-16 00:00:00+00:00,2295.85,2332.15,2286.7,2307.68,1164119,113.8528215356,115.6529641502,113.399066579,114.4394795833,23282380,0.0,1.0
2022-05-17 00:00:00+00:00,2334.03,2344.55,2306.75,2344.55,1078804,115.7461946768,116.2678889001,114.393360227,116.2678889001,21576080,0.0,1.0
2022-05-18 00:00:00+00:00,2248.02,2313.9134,2242.84,2304.75,1399138,111.480898085,114.7485982878,111.2240182298,114.2941788157,27982760,0.0,1.0
2022-05-19 00:00:00+00:00,2214.91,2271.75,2209.36,2236.82,1459587,109.8389498214,112.6576855297,109.5637214051,110.9254821819,29191740,0.0,1.0
2022-05-20 00:00:00+00:00,2186.26,2251.0,2127.46,2241.71,1879301,108.4181761049,111.6286783878,105.5022426134,111.1679807324,37586020,0.0,1.0
2022-05-23 00:00:00+00:00,2233.33,2240.11,2183.085,2202.08,1577911,110.7524106192,111.0886356034,108.2607256145,109.202701068,31558220,0.0,1.0
2022-05-24 00:00:00+00:00,2118.52,2127.9,2044.16,2127.55,3019319,105.0589017051,105.5240625239,101.3713368339,105.506705777,60386380,0.0,1.0
2022-05-25 00:00:00+00:00,2116.79,2130.8938,2084.225,2102.84,1894967,104.9731097843,105.6725271785,103.3581884553,104.2813194407,37899340,0.0,1.0
2022-05-26 00:00:00+00:00,2165.92,2179.105,2109.76,2121.01,1514374,107.4095011522,108.063354606,104.6244871237,105.1823825621,30287480,0.0,1.0
2022-05-27 00:00:00+00:00,2255.98,2257.36,2191.0,2195.77,1496221,111.8756401019,111.9440752756,108.6532360496,108.8897837155,29924420,0.0,1.0
2022-05-31 00:00:00+00:00,2280.78,2328.67,2251.45,2261.58,2565096,113.1054896016,115.4803884946,111.6509942053,112.1533480534,51301920,0.0,1.0
2022-06-01 00:00:00+00:00,2282.74,2347.98,2271.01,2298.63,1431464,113.2026873847,116.4379850204,112.6209884076,113.9906836973,28629280,0.0,1.0
2022-06-02 00:00:00+00:00,2354.92,2357.96,2266.16,2283.76,1374770,116.7821445175,116.9329002627,112.3804734852,113.2532699044,27495400,0.0,1.0
2022-06-03 00:00:00+00:00,2291.28,2327.29,2273.36,2319.85,1247604,113.6261920108,115.4119533208,112.7375265658,115.0429984709,24952080,0.0,1.0
2022-06-06 00:00:00+00:00,2340.21,2387.9696,2330.5658,2334.85,1189336,116.0526652376,118.4210975025,115.5744025543,115.7868590554,23786720,0.0,1.0
2022-06-07 00:00:00+00:00,2344.59,2354.9725,2302.5101,2312.96,1320677,116.2698725283,116.7847480296,114.1831005942,114.701318509,26413540,0.0,1.0
2022-06-08 00:00:00+00:00,2344.76,2372.92,2333.935,2337.53,1127213,116.2783029483,117.674777219,115.7414835597,115.9197621465,22544260,0.0,1.0
2022-06-09 00:00:00+00:00,2298.36,2367.0,2297.34,2326.83,1157080,113.9772942067,117.3812002416,113.926711687,115.3891415962,23141600,0.0,1.0
2022-06-10 00:00:00+00:00,2228.55,2269.94,2217.22,2255.625,1567487,110.5153670462,112.5679263525,109.9535043514,111.8580354014,31349740,0.0,1.0
2022-06-13 00:00:00+00:00,2137.53,2184.37,2131.7611,2148.92,1837810,106.0016210192,108.3244496712,105.7155371975,106.5664591564,36756200,0.0,1.0
2022-06-14 00:00:00+00:00,2143.88,2169.15,2127.04,2137.8,1274047,106.316522,107.5696791314,105.4814145171,106.0150105097,25480940,0.0,1.0
2022-06-15 00:00:00+00:00,2207.81,2241.26,2162.375,2177.99,1659601,109.4868558113,111.1456649149,107.2337021007,108.0080609693,33192020,0.0,1.0
2022-06-16 00:00:00+00:00,2132.72,2185.81,2115.8501,2162.99,1765662,105.7630897251,108.3958602873,104.9264994801,107.2642003847,35313240,0.0,1.0
2022-06-17 00:00:00+00:00,2157.31,2184.99,2112.5706,2130.7,2175833,106.9825251767,108.3551959087,104.7638667609,105.6629164997,43516660,0.0,1.0
2022-06-21 00:00:00+00:00,2240.3,2253.46,2185.87,2194.04,1950514,111.0980578375,111.7506715237,108.3988357297,108.8039917947,39010280,0.0,1.0
2022-06-22 00:00:00+00:00,2240.68,2275.39,2214.4857,2223.26,1196086,111.1169023056,112.8381956983,109.817908485,110.2530322134,23921720,0.0,1.0
2022-06-23 00:00:00+00:00,2253.69,2263.93,2220.58,2259.0,1235486,111.7620773859,112.2698862117,110.1201291223,112.0254040329,24709720,0.0,1.0
2022-06-24 00:00:00+00:00,2370.76,2372.75,2272.06,2272.06,1956138,117.5676612948,117.666346799,112.6730586485,112.6730586485,39122760,0.0,1.0
2022-06-27 00:00:00+00:00,2332.45,2385.0,2320.015,2378.7,1641965,115.6678413619,118.2738329431,115.0511809373,117.9614114976,32839300,0.0,1.0
2022-06-28 00:00:00+00:00,2251.43,2357.13,2248.88,2327.02,1415811,111.6500023912,116.891739977,111.5235460918,115.3985638303,28316220,0.0,1.0
2022-06-29 00:00:00+00:00,2245.13,2273.29,2231.0801,2242.97,931393,111.3375809457,112.7340552164,110.6408364906,111.2304650215,18627860,0.0,1.0
2022-06-30 00:00:00+00:00,2187.45,2226.596,2146.2,2209.99,1902302,108.4771890446,110.4184668074,106.4315724371,109.5949635496,38046040,0.0,1.0
2022-07-01 00:00:00+00:00,2181.62,2196.1273,2142.1,2166.74,1551394,108.1880752307,108.9075024746,106.228250544,107.4501655309,31027880,0.0,1.0
2022-07-05 00:00:00+00:00,2277.74,2281.0516,2124.9901,2150.29,1821469,112.9547338565,113.1189584373,105.3797585296,106.6343984231,36429380,0.0,1.0
2022-07-06 00:00:00+00:00,2304.27,2327.04,2245.01,2281.84,1442634,114.270375277,115.3995556444,111.331630061,113.1580557496,28852680,0.0,1.0
2022-07-07 00:00:00+00:00,2386.12,2397.2399,2310.68,2320.16,1609197,118.3293745334,118.880818221,114.5882517002,115.0583715896,32183940,0.0,1.0
2022-07-08 00:00:00+00:00,2403.37,2408.7,2350.28,2351.0,1454110,119.1848142056,119.4491326667,116.5520436434,116.5877489514,29082200,0.0,1.0
2022-07-11 00:00:00+00:00,2330.45,2375.89,2324.69,2373.0,1341523,115.5686599506,117.8220616147,115.2830174861,117.6787444754,26830460,0.0,1.0
2022-07-12 00:00:00+00:00,2296.99,2356.9899,2292.3001,2336.77,1248508,113.90935494,116.8847923191,113.6767794896,115.8820732102,24970160,0.0,1.0
2022-07-13 00:00:00+00:00,2243.74,2303.1399,2236.46,2252.78,1947943,111.2686498649,114.2143328206,110.9076295278,111.7169498438,38958860,0.0,1.0
2022-07-14 00:00:00+00:00,2228.8,2239.75,2186.51,2216.52,1618277,110.5277647227,111.0707829494,108.4305737813,109.9187908574,32365540,0.0,1.0
2022-07-15 00:00:00+00:00,2255.34,2280.01,2236.45,2259.26,1716538,111.8439020502,113.0673047583,110.9071336208,112.0382976163,34330760,0.0,1.0
2022-07-18 00:00:00+00:00,109.91,114.8,109.3,113.44,33247345,109.0102891302,113.8602601414,108.4052825214,112.5113929481,33247345,0.0,20.0
2022-07-19 00:00:00+00:00,114.62,114.81,110.5,111.73,30992331,113.6817336011,113.8701782826,109.5954594567,110.8153908153,30992331,0.0,1.0
2022-07-20 00:00:00+00:00,114.7,116.33,113.26,114.06,26780088,113.7610787302,115.3777357339,112.3328664078,113.126317698,26780088,0.0,1.0
2022-07-21 00:00:00+00:00,115.04,115.21,111.91,115.09,27267848,114.0982955285,114.2669039276,110.9939173556,114.1478862341,27267848,0.0,1.0
2022-07-22 00:00:00+00:00,108.36,113.18,107.6,111.81,44455304,107.4729772554,112.2535212788,106.7191985298,110.8947359444,44455304,0.0,1.0
2022-07-25 00:00:00+00:00,108.21,110.58,107.01,108.88,28289942,107.3242051385,109.6748045857,106.1340282033,107.9887205941,28289942,0.0,1.0
2022-07-26 00:00:00+00:00,105.44,107.74,104.76,107.43,36626630,104.5768800463,106.8580525056,103.9024464496,106.5505901306,36626630,0.0,1.0
2022-07-27 00:00:00+00:00,113.6,114.4,108.42,109.6,41474618,112.6700832062,113.4635344963,107.5324861022,108.7028267552,41474618,0.0,1.0
2022-07-28 00:00:00+00:00,114.59,114.7,111.851,112.8,23303844,113.6519791778,113.7610787302,110.935400323,111.876631916,23303844,0.0,1.0
2022-07-29 00:00:00+00:00,116.64,116.9,113.23,113.4,31336183,115.6851981089,115.9430697782,112.3031119844,112.4717203836,31336183,0.0,1.0
2022-08-01 00:00:00+00:00,115.48,117.12,114.69,115.53,22856202,114.5346937381,116.161268883,113.751160589,114.5842844437,22856202,0.0,1.0
2022-08-02 00:00:00+00:00,115.9,117.08,114.26,114.43,17911039,114.9512556654,116.1215963185,113.3246805206,113.4932889197,17911039,0.0,1.0
2022-08-03 00:00:00+00:00,118.78,119.42,116.15,116.34,25302816,117.8076803101,118.4424413422,115.1992091936,115.387653875,25302816,0.0,1.0
2022-08-04 00:00:00+00:00,118.87,119.5,117.71,118.3,15757698,117.8969435802,118.5217864713,116.7464392095,117.331609536,15757698,0.0,1.0
2022-08-05 00:00:00+00:00,118.22,118.86,116.71,116.93,15615663,117.252264407,117.8870254391,115.7546250967,115.9728242015,15615663,0.0,1.0
2022-08-08 00:00:00+00:00,118.14,120.86,117.83,119.12,17061112,117.1729192779,119.8706536646,116.865456903,118.1448971084,17061112,0.0,1.0
2022-08-09 00:00:00+00:00,117.5,118.2,116.56,117.99,15424257,116.5381582458,117.2324281247,115.6058529798,117.024147161,15424257,0.0,1.0
2022-08-10 00:00:00+00:00,120.65,121.78,119.36,119.59,20497021,119.6623727009,120.7831226483,118.3829324955,118.6110497414,20497021,0.0,1.0
2022-08-11 00:00:00+00:00,119.82,122.3402,119.55,122.08,16671627,118.8391669873,121.3387369142,118.5713771769,121.0806668821,16671627,0.0,1.0
2022-08-12 00:00:00+00:00,122.65,122.65,120.4001,121.16,16121087,121.6460009264,121.6460009264,119.4145183541,120.1681978984,16121087,0.0,1.0
2022-08-15 00:00:00+00:00,122.88,123.26,121.57,122.21,15524951,121.8741181723,122.2510075351,120.5748416846,121.2096027168,15524951,0.0,1.0
2022-08-16 00:00:00+00:00,122.51,123.2276,121.535,122.32,15626171,121.5071469506,122.2188727579,120.5401281907,121.3187022692,15626171,0.0,1.0
2022-08-17 00:00:00+00:00,120.32,122.15,120.2,120.93,17589157,119.3350740437,121.15009387,119.2160563502,119.9400806525,17589157,0.0,1.0
2022-08-18 00:00:00+00:00,120.86,121.69,119.5502,120.23,15652029,119.8706536646,120.6938593781,118.5715755397,119.2458107736,15652029,0.0,1.0
2022-08-19 00:00:00+00:00,118.12,120.0,117.67,119.87,20186983,117.1530829957,119.0176935276,116.706766645,118.888757693,20186983,0.0,1.0
2022-08-22 00:00:00+00:00,115.07,116.5,114.67,116.1,19316024,114.1280499519,115.5463441331,113.7313243068,115.149618488,19316024,0.0,1.0
2022-08-23 00:00:00+00:00,114.77,115.93,114.3,114.32,14390691,113.830505718,114.9810100888,113.3643530851,113.3841893673,14390691,0.0,1.0
2022-08-24 00:00:00+00:00,114.7,115.7171,113.78,114.45,16051174,113.7610787302,114.7698528642,112.8486097464,113.513125202,16051174,0.0,1.0
2022-08-25 00:00:00+00:00,117.7,117.78,115.05,115.15,14874666,116.7365210683,116.8158661974,114.1082136696,114.2073950809,14874666,0.0,1.0
2022-08-26 00:00:00+00:00,111.3,116.6,111.22,115.81,31698668,110.3889107469,115.6455255443,110.3095656179,114.8619923953,31698668,0.0,1.0
2022-08-29 00:00:00+00:00,110.34,111.96,109.81,110.78,20347494,109.4367691987,111.0435080613,108.9111077189,109.8731674083,20347494,0.0,1.0
2022-08-30 00:00:00+00:00,109.91,111.37,108.8,111.03,20548202,109.0102891302,110.4583377348,107.909375465,110.1211209364,20548202,0.0,1.0
2022-08-31 00:00:00+00:00,109.15,111.77,109.05,111.63,25897978,108.2565104045,110.8550633799,108.1573289932,110.7162094041,25897978,0.0,1.0
2022-09-01 00:00:00+00:00,110.55,111.22,108.19,109.2,22784385,109.6450501623,110.3095656179,107.3043688563,108.3061011101,22784385,0.0,1.0
2022-09-02 00:00:00+00:00,108.68,111.675,108.13,111.34,20618080,107.7903577715,110.7608410391,107.2448600095,110.4285833114,20618080,0.0,1.0
2022-09-06 00:00:00+00:00,107.48,108.88,106.51,108.135,20529528,106.6001808362,107.9887205941,105.6381211469,107.2498190801,20529528,0.0,1.0
2022-09-07 00:00:00+00:00,110.48,110.99,107.615,107.76,22987178,109.5756231744,110.0814483719,106.7340757415,106.8778887878,22987178,0.0,1.0
2022-09-08 00:00:00+00:00,109.42,110.58,108.06,109.18,21660654,108.5243002149,109.6748045857,107.1754330216,108.2862648279,21660654,0.0,1.0
2022-09-09 00:00:00+00:00,111.78,112.0,110.0,110.05,21745034,110.864981521,111.0831806258,109.0995524003,109.149143106,21745034,0.0,1.0
2022-09-12 00:00:00+00:00,111.87,112.64,110.93,111.99,19732905,110.9542447911,111.7179416579,110.0219395252,111.0732624847,19732905,0.0,1.0
2022-09-13 00:00:00+00:00,105.31,109.37,105.0,108.89,33014991,104.4479442116,108.4747095093,104.1404818367,107.9986387352,33014991,0.0,1.0
2022-09-14 00:00:00+00:00,105.87,106.1,104.5,105.44,22115805,105.0033601147,105.2314773607,103.6445747803,104.5768800463,22115805,0.0,1.0
2022-09-15 00:00:00+00:00,103.9,106.21,103.31,105.01,26494933,103.0494863127,105.3405769131,102.4643159862,104.1503999778,26494933,0.0,1.0
2022-09-16 00:00:00+00:00,103.63,104.03,101.855,102.97,64540115,102.7816965022,103.1784221473,101.0212264521,102.1270991878,64540115,0.0,1.0
2022-09-19 00:00:00+00:00,103.85,104.02,102.37,102.54,19738603,102.999895607,103.1685040062,101.5320107202,101.7006191194,19738603,0.0,1.0
2022-09-20 00:00:00+00:00,101.83,103.17,101.12,102.88,24001668,100.9964310993,102.3254620104,100.2922430793,102.0378359177,24001668,0.0,1.0
2022-09-21 00:00:00+00:00,100.01,103.49,99.99,102.24,26596757,99.1913294141,102.6428425264,99.1714931319,101.4030748855,26596757,0.0,1.0
2022-09-22 00:00:00+00:00,100.57,101.68,99.41,99.45,21145595,99.7467453173,100.8476589824,98.5962409465,98.635913511,21145595,0.0,1.0
2022-09-23 00:00:00+00:00,99.17,100.11,98.01,100.06,25656959,98.3582055595,99.2905108254,97.2077011887,99.2409201198,25656959,0.0,1.0
2022-09-26 00:00:00+00:00,98.81,100.44,98.38,98.61,22437938,98.0011524789,99.6178094826,97.5746724104,97.8027896563,22437938,0.0,1.0
2022-09-27 00:00:00+00:00,98.09,100.46,97.34,99.91,24224988,97.2870463177,99.6376457649,96.5431857332,99.0921480029,24224988,0.0,1.0
2022-09-28 00:00:00+00:00,100.74,101.4,97.8,98.02,24616999,99.9153537164,100.5699510308,96.999420225,97.2176193298,24616999,0.0,1.0
2022-09-29 00:00:00+00:00,98.09,99.3,96.52,99.3,21921520,97.2870463177,98.4871413941,95.7298981607,98.4871413941,21921520,0.0,1.0
2022-09-30 00:00:00+00:00,96.15,99.494,96.03,97.73,26277832,95.362926939,98.679553332,95.2439092455,96.9299932371,26277832,0.0,1.0
2022-10-03 00:00:00+00:00,99.3,99.97,97.02,97.22,24840028,98.4871413941,99.1516568496,96.2258052171,96.4241680396,24840028,0.0,1.0
2022-10-04 00:00:00+00:00,102.41,102.72,101.04,101.04,22580931,101.5716832847,101.8791456596,100.2128979503,100.2128979503,22580931,0.0,1.0
2022-10-05 00:00:00+00:00,102.22,102.74,99.74,100.69,18475515,101.3832386033,101.8989819419,98.9235396037,99.8657630108,18475515,0.0,1.0
2022-10-06 00:00:00+00:00,102.24,103.73,101.5,101.5,17156240,101.4030748855,102.8808779135,100.6691324421,100.6691324421,17156240,0.0,1.0
2022-10-07 00:00:00+00:00,99.57,101.42,99.21,100.65,24249910,98.7549312045,100.5897873131,98.397878124,99.8260904463,24249910,0.0,1.0
2022-10-10 00:00:00+00:00,98.71,99.99,97.87,99.85,16529897,97.9019710676,99.1714931319,97.0688472129,99.0326391561,16529897,0.0,1.0
2022-10-11 00:00:00+00:00,98.05,100.12,97.25,98.25,21617727,97.2473737532,99.3004289665,96.453922463,97.4457365757,21617727,0.0,1.0
2022-10-12 00:00:00+00:00,98.3,99.6476,97.67,98.27,17343431,97.4953272814,98.8318959797,96.8704843904,97.465572858,17343431,0.0,1.0
2022-10-13 00:00:00+00:00,99.71,100.53,95.27,95.93,32812220,98.8937851803,99.7070727528,94.4901305198,95.1447278342,32812220,0.0,1.0
2022-10-14 00:00:00+00:00,97.18,101.29,97.03,100.625,22624832,96.3844954751,100.4608514784,96.2357233582,99.8012950935,22624832,0.0,1.0
2022-10-17 00:00:00+00:00,100.78,101.77,99.51,99.52,23311604,99.955026281,100.9369222526,98.6954223578,98.7053404989,23311604,0.0,1.0
2022-10-18 00:00:00+00:00,101.39,104.22,100.65,103.94,21610541,100.5600328897,103.3668668287,99.8260904463,103.0891588772,21610541,0.0,1.0
2022-10-19 00:00:00+00:00,100.29,101.6592,99.635,100.7,21573686,99.4690373657,100.8270292489,98.8193991219,99.8756811519,21573686,0.0,1.0
2022-10-20 00:00:00+00:00,100.53,103.0,99.97,100.82,25125082,99.7070727528,102.1568536112,99.1516568496,99.9946988455,25125082,0.0,1.0
2022-10-21 00:00:00+00:00,101.48,101.62,98.23,98.46,28988727,100.6492961599,100.7881501356,97.4259002935,97.6540175394,28988727,0.0,1.0
2022-10-24 00:00:00+00:00,102.97,103.1,100.3,102.09,24680831,102.1270991878,102.2560350225,99.4789555068,101.2543027686,24680831,0.0,1.0
2022-10-25 00:00:00+00:00,104.93,105.0999,103.02,103.3,29910170,104.0710548488,104.2395640665,102.1766898935,102.454397845,29910170,0.0,1.0
2022-10-26 00:00:00+00:00,94.82,98.54,94.57,96.76,71671814,94.0438141691,97.7333626684,93.7958606409,95.9679335478,71671814,0.0,1.0
2022-10-27 00:00:00+00:00,92.6,95.17,91.9,94.31,54036485,91.8419868388,94.3909491085,91.1477169599,93.5379889716,54036485,0.0,1.0
2022-10-28 00:00:00+00:00,96.58,96.86,92.3225,92.53,35696925,95.7894070075,96.067114959,91.5667584225,91.7725598509,35696925,0.0,1.0
2022-10-31 00:00:00+00:00,94.66,96.35,94.38,95.78,29868714,93.885123911,95.5612897616,93.6074159595,94.9959557173,29868714,0.0,1.0
2022-11-01 00:00:00+00:00,90.5,96.165,90.43,95.59,43220599,89.7591772021,95.3778041507,89.6897502142,94.8075110359,43220599,0.0,1.0
2022-11-02 00:00:00+00:00,87.07,91.3,87.01,90.91,43553551,86.3572547954,90.5526284923,86.2977459487,90.1658209883,43553551,0.0,1.0
2022-11-03 00:00:00+00:00,83.49,86.55,83.45,86.345,48510364,82.8065602718,85.8415114568,82.7668877073,85.6381895637,48510364,0.0,1.0
2022-11-04 00:00:00+00:00,86.7,86.73,83.88,85.51,40173284,85.9902835737,86.0200379971,83.1933677758,84.8100247796,40173284,0.0,1.0
2022-11-07 00:00:00+00:00,88.65,88.94,86.96,87.34,26899879,87.9243210935,88.2119471862,86.248155243,86.6250446059,26899879,0.0,1.0
2022-11-08 00:00:00+00:00,88.91,90.405,87.65,89.16,30172001,88.1821927628,89.6649548614,86.9325069808,88.430146291,30172001,0.0,1.0
2022-11-09 00:00:00+00:00,87.4,89.49,87.3599,88.545,26743883,86.6845534526,88.7574449482,86.6447817067,87.8201806117,26743883,0.0,1.0
2022-11-10 00:00:00+00:00,94.17,94.55,91.65,92.34,42371216,93.3991349958,93.7760243586,90.8997634317,91.5841151695,42371216,0.0,1.0
2022-11-11 00:00:00+00:00,96.73,97.36,94.16,94.71,30569112,95.9381791244,96.5630220154,93.3892168547,93.9347146167,30569112,0.0,1.0
2022-11-14 00:00:00+00:00,96.03,97.18,95.1125,95.5,24170076,95.2439092455,96.3844954751,94.3339197971,94.7182477657,24170076,0.0,1.0
2022-11-15 00:00:00+00:00,98.72,100.42,97.02,98.67,31830969,97.9118892087,99.5979732004,96.2258052171,97.8622985031,31830969,0.0,1.0
2022-11-16 00:00:00+00:00,98.99,99.85,97.9015,98.02,24660195,98.1796790192,99.0326391561,97.1000893575,97.2176193298,24660195,0.0,1.0
2022-11-17 00:00:00+00:00,98.5,99.48,97.1,97.18,21818732,97.6936901039,98.6656679344,96.3051503461,96.3844954751,21818732,0.0,1.0
2022-11-18 00:00:00+00:00,97.8,99.16,96.74,99.01,24969880,96.999420225,98.3482874183,95.9480972655,98.1995153014,24969880,0.0,1.0
2022-11-21 00:00:00+00:00,95.83,98.72,95.67,97.56,18696874,95.0455464229,97.9118892087,94.8868561649,96.761384838,18696874,0.0,1.0
2022-11-22 00:00:00+00:00,97.33,97.5475,94.41,96.16,18868850,96.533267592,96.7489871615,93.6371703829,95.3728450801,18868850,0.0,1.0
2022-11-23 00:00:00+00:00,98.82,99.0685,97.34,97.34,17568859,98.01107062,98.257536427,96.5431857332,96.5431857332,17568859,0.0,1.0
2022-11-25 00:00:00+00:00,97.6,98.94,97.53,98.465,8567819,96.8010574025,98.1300883135,96.7316304146,97.65897661,8567819,0.0,1.0
2022-11-28 00:00:00+00:00,96.25,97.83,95.89,97.2,19981974,95.4621083503,97.0291746484,95.1050552697,96.4043317574,19981974,0.0,1.0
2022-11-29 00:00:00+00:00,95.44,96.3901,94.39,96.0,20220007,94.658738919,95.6010615075,93.6173341006,95.2141548221,20220007,0.0,1.0
2022-11-30 00:00:00+00:00,101.45,101.45,94.67,95.12,39888074,100.6195417365,100.6195417365,93.8950420522,94.3413584029,39888074,0.0,1.0
2022-12-01 00:00:00+00:00,101.28,102.59,100.67,101.4,21771536,100.4509333373,101.750209825,99.8459267285,100.5699510308,21771536,0.0,1.0
2022-12-02 00:00:00+00:00,100.83,101.15,99.17,99.37,18821527,100.0046169866,100.3219975027,98.3582055595,98.556568382,18821527,0.0,1.0
2022-12-05 00:00:00+00:00,99.87,101.7499,99.355,99.815,19955546,99.0524754384,100.9169867889,98.5416911703,98.9979256622,19955546,0.0,1.0
2022-12-06 00:00:00+00:00,97.31,100.21,96.7604,99.67,20877623,96.5134313098,99.3896922367,95.9683302734,98.8541126158,20877623,0.0,1.0
2022-12-07 00:00:00+00:00,95.15,97.31,95.025,96.77,26647877,94.3711128263,96.5134313098,94.2471360622,95.9778516889,26647877,0.0,1.0
2022-12-08 00:00:00+00:00,93.95,95.87,93.8,95.69,25593232,93.180935891,95.0852189874,93.0321637741,94.9066924472,25593232,0.0,1.0
2022-12-09 00:00:00+00:00,93.07,94.49,93.02,93.9,21885308,92.3081394718,93.7165155119,92.2585487662,93.1313451854,21885308,0.0,1.0
2022-12-12 00:00:00+00:00,93.56,93.8745,91.9,93.09,27380948,92.794128387,93.1060539255,91.1477169599,92.3279757541,27380948,0.0,1.0
2022-12-13 00:00:00+00:00,95.85,99.8,95.38,98.07,34788522,95.0653827052,98.9830484505,94.5992300722,97.2672100355,34788522,0.0,1.0
2022-12-14 00:00:00+00:00,95.31,97.22,93.94,95.54,26452939,94.5298030843,96.4241680396,93.1710177499,94.7579203302,26452939,0.0,1.0
2022-12-15 00:00:00+00:00,91.2,94.03,90.43,93.54,28298756,90.453447081,93.26028102,89.6897502142,92.7742921048,28298756,0.0,1.0
2022-12-16 00:00:00+00:00,90.86,91.75,90.01,91.2,48485507,90.1162302827,90.998944843,89.2731882868,90.453447081,48485507,0.0,1.0
2022-12-19 00:00:00+00:00,89.15,91.2,88.925,90.88,23020537,88.4202281499,90.453447081,88.1970699745,90.1360665649,23020537,0.0,1.0
2022-12-20 00:00:00+00:00,89.63,89.78,88.04,88.73,21976846,88.896298924,89.0450710409,87.3193144848,88.0036662226,21976846,0.0,1.0
2022-12-21 00:00:00+00:00,90.25,90.915,88.91,89.73,20336387,89.5112236739,90.1707800589,88.1821927628,88.9954803353,20336387,0.0,1.0
2022-12-22 00:00:00+00:00,88.26,89.18,86.9401,88.93,23656066,87.5375135896,88.4499825733,86.2284181422,88.2020290451,23656066,0.0,1.0
2022-12-23 00:00:00+00:00,89.81,90.1,87.62,87.62,17815010,89.0748254643,89.362451557,86.9027525574,86.9027525574,17815010,0.0,1.0
2022-12-27 00:00:00+00:00,87.93,89.5,87.535,89.31,15470870,87.2102149324,88.7673630894,86.8184483578,88.5789184079,15470870,0.0,1.0
2022-12-28 00:00:00+00:00,86.46,88.52,86.3701,87.5,17879567,85.7522481867,87.7953852589,85.6630840979,86.7837348639,17879567,0.0,1.0
2022-12-29 00:00:00+00:00,88.95,89.365,86.99,87.03,18280660,88.2218653274,88.6334681841,86.2779096664,86.3175822309,18280660,0.0,1.0
2022-12-30 00:00:00+00:00,88.73,88.83,87.03,87.365,19190296,88.0036662226,88.1028476338,86.3175822309,86.6498399587,19190296,0.0,1.0
2023-01-03 00:00:00+00:00,89.7,91.55,89.02,89.83,20738457,88.9657259119,90.8005820205,88.2912923152,89.0946617466,20738457,0.0,1.0
2023-01-04 00:00:00+00:00,88.71,91.24,87.8,91.01,27046483,87.9838299403,90.4931196455,87.0812790977,90.2650023996,27046483,0.0,1.0
2023-01-05 00:00:00+00:00,86.77,88.21,86.56,88.07,23136084,86.0597105616,87.4879228839,85.8514295979,87.3490689081,23136084,0.0,1.0
2023-01-06 00:00:00+00:00,88.16,88.47,85.57,87.36,26612628,87.4383321783,87.7457945532,84.8695336263,86.6448808881,26612628,0.0,1.0
2023-01-09 00:00:00+00:00,88.8,90.83,88.58,89.195,22996681,88.0730932104,90.0864758593,87.8548941056,88.464859785,22996681,0.0,1.0
2023-01-10 00:00:00+00:00,89.24,89.475,86.7,86.72,22855590,88.50949142,88.7425677365,85.9902835737,86.010119856,22855590,0.0,1.0
2023-01-11 00:00:00+00:00,92.26,92.45,89.74,90.06,25998844,91.5047700405,91.6932147219,89.0053984764,89.3227789925,25998844,0.0,1.0
2023-01-12 00:00:00+00:00,91.91,92.62,90.57,92.4,22754216,91.157635101,91.8618231211,89.82860419,91.6436240163,22754216,0.0,1.0
2023-01-13 00:00:00+00:00,92.8,92.98,90.93,91.528,18630709,92.0403496614,92.2188762017,90.1856572706,90.77876211,18630709,0.0,1.0
2023-01-17 00:00:00+00:00,92.16,92.97,90.84,92.78,22935823,91.4055886292,92.2089580605,90.0963940004,92.0205133791,22935823,0.0,1.0
2023-01-18 00:00:00+00:00,91.78,93.588,91.4,92.94,19641622,91.0286992664,92.8218991822,90.6518099035,92.1792036371,19641622,0.0,1.0
2023-01-19 00:00:00+00:00,93.91,94.4,91.38,91.39,28707653,93.1412633265,93.6272522417,90.6319736213,90.6418917624,28707653,0.0,1.0
2023-01-20 00:00:00+00:00,99.28,99.42,95.91,95.95,53704763,98.4673051119,98.6061590876,95.124891552,95.1645641165,53704763,0.0,1.0
2023-01-23 00:00:00+00:00,101.21,101.4,98.75,99.13,31791782,100.3815063494,100.5699510308,97.9416436321,98.3185329949,31791782,0.0,1.0
2023-01-24 00:00:00+00:00,99.21,101.09,98.7,99.55,27391372,98.397878124,100.2624886559,97.8920529265,98.7350949223,27391372,0.0,1.0
2023-01-25 00:00:00+00:00,96.73,97.72,95.262,97.2,31000850,95.9381791244,96.920075096,94.4821960069,96.4043317574,31000850,0.0,1.0
2023-01-26 00:00:00+00:00,99.16,99.21,96.82,98.28,24542060,98.3482874183,98.397878124,96.0274423945,97.4754909991,24542060,0.0,1.0
2023-01-27 00:00:00+00:00,100.71,101.58,98.97,99.05,29020354,99.8855992931,100.7484775711,98.1598427369,98.2391878659,29020354,0.0,1.0
2023-01-30 00:00:00+00:00,97.95,99.4088,97.52,98.745,24365142,97.1481923419,98.5950507696,96.7217122734,97.9366845615,24365142,0.0,1.0
2023-01-31 00:00:00+00:00,99.87,99.91,97.79,97.86,22306778,99.0524754384,99.0921480029,96.9895020839,97.0589290718,22306778,0.0,1.0
2023-02-01 00:00:00+00:00,101.43,102.1899,98.42,99.74,26392568,100.5997054542,101.3533849985,97.6143449749,98.9235396037,26392568,0.0,1.0
2023-02-02 00:00:00+00:00,108.8,108.82,106.54,106.79,46622627,107.909375465,107.9292117473,105.6678755703,105.9158290985,46622627,0.0,1.0
2023-02-03 00:00:00+00:00,105.22,108.02,103.3,103.51,36823421,104.3586809415,107.1357604571,102.454397845,102.6626788087,36823421,0.0,1.0
2023-02-06 00:00:00+00:00,103.47,104.7,102.21,102.685,25573046,102.6230062442,103.8429376029,101.3733204622,101.8444321657,25573046,0.0,1.0
2023-02-07 00:00:00+00:00,108.04,108.67,103.5475,103.63,33738828,107.1555967394,107.7804396304,102.6998718379,102.7816965022,33738828,0.0,1.0
2023-02-08 00:00:00+00:00,100.0,103.58,98.455,102.69,73546029,99.181411273,102.7321057966,97.6490584689,101.8493912363,73546029,0.0,1.0
2023-02-09 00:00:00+00:00,95.46,100.61,93.86,100.54,97798573,94.6785752012,99.7864178818,93.0916726209,99.7169908939,97798573,0.0,1.0
2023-02-10 00:00:00+00:00,94.86,97.02,94.53,95.74,49325275,94.0834867336,96.2258052171,93.7561880764,94.9562831528,49325275,0.0,1.0
2023-02-13 00:00:00+00:00,95.0,95.35,94.05,95.01,43116559,94.2223407094,94.5694756488,93.2801173023,94.2322588505,43116559,0.0,1.0
2023-02-14 00:00:00+00:00,94.95,95.175,92.65,94.66,42513079,94.1727500037,94.3959081791,91.8915775445,93.885123911,42513079,0.0,1.0
2023-02-15 00:00:00+00:00,97.1,97.34,94.36,94.74,37029885,96.3051503461,96.5431857332,93.5875796772,93.9644690401,37029885,0.0,1.0
2023-02-16 00:00:00+00:00,95.78,97.88,94.97,95.54,35642106,94.9959557173,97.078765354,94.192586286,94.7579203302,35642106,0.0,1.0
2023-02-17 00:00:00+00:00,94.59,95.75,93.45,95.07,31095067,93.8156969232,94.9662012939,92.6850288346,94.2917676973,31095067,0.0,1.0
2023-02-21 00:00:00+00:00,92.05,93.4149,92.0,93.24,28367198,91.2964890768,92.6502161593,91.2468983712,92.476747871,28367198,0.0,1.0
2023-02-22 00:00:00+00:00,91.8,92.36,90.87,91.934,29891135,91.0485355486,91.6039514518,90.1261484238,91.1814386397,29891135,0.0,1.0
2023-02-23 00:00:00+00:00,91.07,92.13,90.01,92.13,32423720,90.3245112463,91.3758342058,89.2731882868,91.3758342058,32423720,0.0,1.0
2023-02-24 00:00:00+00:00,89.35,90.13,88.86,89.63,31295619,88.6185909724,89.3922059804,88.1326020572,88.896298924,31295619,0.0,1.0
2023-02-27 00:00:00+00:00,90.1,90.4499,89.61,90.09,22724262,89.362451557,89.709487315,88.8764626418,89.3525334159,22724262,0.0,1.0
2023-02-28 00:00:00+00:00,90.3,91.45,89.52,89.54,30546912,89.5608143795,90.7014006092,88.7871993716,88.8070356539,30546912,0.0,1.0
2023-03-01 00:00:00+00:00,90.51,91.2,89.85,90.16,26323876,89.7690953432,90.453447081,89.1144980288,89.4219604038,26323876,0.0,1.0
2023-03-02 00:00:00+00:00,92.31,92.48,89.77,89.86,23344562,91.5543607461,91.7229691453,89.0351528998,89.1244161699,23344562,0.0,1.0
2023-03-03 00:00:00+00:00,94.02,94.11,92.66,92.74,30242538,93.2503628789,93.339626149,91.9014956856,91.9808408146,30242538,0.0,1.0
2023-03-06 00:00:00+00:00,95.58,96.3,94.3,94.36,28288206,94.7975928948,95.5116990559,93.5280708305,93.5875796772,28288206,0.0,1.0
2023-03-07 00:00:00+00:00,94.17,96.09,93.8443,95.42,24101536,93.3991349958,95.3034180922,93.0761011393,94.6389026367,24101536,0.0,1.0
2023-03-08 00:00:00+00:00,94.65,96.24,94.405,94.405,25395200,93.8752057699,95.4521902092,93.6322113123,93.6322113123,25395200,0.0,1.0
2023-03-09 00:00:00+00:00,92.66,95.92,92.355,94.49,24438890,91.9014956856,95.1348096931,91.5989923812,93.7165155119,24438890,0.0,1.0
2023-03-10 00:00:00+00:00,91.01,93.18,90.8,92.5,32850092,90.2650023996,92.4172390242,90.0567214359,91.7428054275,32850092,0.0,1.0
2023-03-13 00:00:00+00:00,91.66,93.08,89.94,90.565,31508570,90.9096815729,92.3180576129,89.203761299,89.8236451194,31508570,0.0,1.0
2023-03-14 00:00:00+00:00,94.25,94.83,92.78,93.07,32303881,93.4784801248,94.0537323102,92.0205133791,92.3081394718,32303881,0.0,1.0
2023-03-15 00:00:00+00:00,96.55,97.25,93.04,93.54,38367334,95.7596525841,96.453922463,92.2783850484,92.7742921048,38367334,0.0,1.0
2023-03-16 00:00:00+00:00,101.07,101.97,95.87,96.57,54588200,100.2426523736,101.1352850751,95.0852189874,95.7794888664,54588200,0.0,1.0
2023-03-17 00:00:00+00:00,102.46,103.49,100.75,100.84,76140310,101.6212739903,102.6428425264,99.9252718576,100.0145351277,76140310,0.0,1.0
2023-03-20 00:00:00+00:00,101.93,102.58,100.79,101.06,26033916,101.0956125106,101.7402916839,99.9649444221,100.2327342325,26033916,0.0,1.0
2023-03-21 00:00:00+00:00,105.84,105.96,101.86,101.98,33122800,104.9736056914,105.0926233849,101.0261855227,101.1452032162,33122800,0.0,1.0
2023-03-22 00:00:00+00:00,104.22,107.51,104.21,105.14,32336877,103.3668668287,106.6299352596,103.3569486876,104.2793358125,32336877,0.0,1.0
2023-03-23 00:00:00+00:00,106.26,107.1009,105.41,105.89,31385817,105.3901676187,106.2241841061,104.5471256229,105.023196397,31385817,0.0,1.0
2023-03-24 00:00:00+00:00,106.06,106.16,104.74,105.74,25245010,105.1918047962,105.2909862074,103.8826101674,104.8744242801,25245010,0.0,1.0
2023-03-27 00:00:00+00:00,103.06,105.4,102.63,105.32,25393417,102.216362458,104.5372074818,101.7898823895,104.4578623527,25393417,0.0,1.0
2023-03-28 00:00:00+00:00,101.36,103.0,100.28,103.0,24913480,100.5302784663,102.1568536112,99.4591192246,102.1568536112,24913480,0.0,1.0
2023-03-29 00:00:00+00:00,101.9,102.82,101.03,102.72,26148300,101.0658580872,101.9783270709,100.2029798091,101.8791456596,26148300,0.0,1.0
2023-03-30 00:00:00+00:00,101.32,101.61,100.29,101.44,25009829,100.4906059018,100.7782319945,99.4690373657,100.6096235954,25009829,0.0,1.0
2023-03-31 00:00:00+00:00,104.0,104.19,101.44,101.71,28107953,103.1486677239,103.3371124054,100.6096235954,100.8774134058,28107953,0.0,1.0
2023-04-03 00:00:00+00:00,104.91,104.95,102.38,102.67,20719861,104.0512185665,104.090891131,101.5419288613,101.829554954,20719861,0.0,1.0
2023-04-04 00:00:00+00:00,105.12,106.1,104.6,104.84,20377231,104.2594995302,105.2314773607,103.7437561916,103.9817915786,20377231,0.0,1.0
2023-04-05 00:00:00+00:00,104.95,106.54,104.1021,106.12,21864200,104.090891131,105.6678755703,103.2499319449,105.2513136429,21864200,0.0,1.0
2023-04-06 00:00:00+00:00,108.9,109.63,104.815,105.77,34684150,108.0085568763,108.7325811786,103.9569962258,104.9041787035,34684150,0.0,1.0
2023-04-10 00:00:00+00:00,106.95,107.97,105.6,107.39,19741517,106.0745193565,107.0861697515,104.7355703043,106.5109175661,19741517,0.0,1.0
2023-04-11 00:00:00+00:00,106.12,107.22,105.28,106.92,18721278,105.2513136429,106.3423091669,104.4181897882,106.0447649331,18721278,0.0,1.0
2023-04-12 00:00:00+00:00,105.22,107.5874,104.97,107.39,22761569,104.3586809415,106.706701672,104.1107274133,106.5109175661,22761569,0.0,1.0
2023-04-13 00:00:00+00:00,108.19,108.265,106.44,106.47,21650747,107.3043688563,107.3787549147,105.568694159,105.5984485824,21650747,0.0,1.0
2023-04-14 00:00:00+00:00,109.46,109.58,107.59,107.69,20758686,108.5639727794,108.682990473,106.7092803886,106.8084617999,20758686,0.0,1.0
2023-04-17 00:00:00+00:00,106.42,106.71,105.32,105.43,28978949,105.5488578767,105.8364839694,104.4578623527,104.5669619051,28978949,0.0,1.0
2023-04-18 00:00:00+00:00,105.12,107.05,104.78,107.0,17641369,104.2594995302,106.1737007678,103.9222827319,106.1241100621,17641369,0.0,1.0
2023-04-19 00:00:00+00:00,105.02,105.725,103.8,104.215,16732016,104.1603181189,104.8595470684,102.9503049014,103.3619077582,16732016,0.0,1.0
2023-04-20 00:00:00+00:00,105.9,106.8875,104.64,104.65,22515331,105.0331145381,106.0125309745,103.7834287561,103.7933468972,22515331,0.0,1.0
2023-04-21 00:00:00+00:00,105.91,106.64,105.485,106.09,22379018,105.0430326793,105.7670569815,104.6215116813,105.2215592195,22379018,0.0,1.0
2023-04-24 00:00:00+00:00,106.78,107.32,105.36,106.05,21410908,105.9059109573,106.4414905782,104.4975349173,105.181886655,21410908,0.0,1.0
2023-04-25 00:00:00+00:00,104.61,107.44,104.56,106.61,31408119,103.7536743327,106.5605082717,103.7040836271,105.7373025582,31408119,0.0,1.0
2023-04-26 00:00:00+00:00,104.45,107.02,103.27,105.56,36630202,103.5949840747,106.1439463444,102.4246434216,104.6958977398,36630202,0.0,1.0
2023-04-27 00:00:00+00:00,108.37,109.15,104.42,105.23,38235220,107.4828953966,108.2565104045,103.5652296513,104.3685990826,38235220,0.0,1.0
2023-04-28 00:00:00+00:00,108.22,108.29,106.04,107.8,23957872,107.3341232797,107.4035502676,105.1719685139,106.9175613523,23957872,0.0,1.0
2023-05-01 00:00:00+00:00,107.71,108.68,107.5,107.72,20926259,106.8282980822,107.7903577715,106.6200171185,106.8382162233,20926259,0.0,1.0
2023-05-02 00:00:00+00:00,105.98,107.73,104.5,107.66,20343116,105.1124596671,106.8481343644,103.6445747803,106.7787073765,20343116,0.0,1.0
2023-05-03 00:00:00+00:00,106.12,108.13,105.62,106.22,17116333,105.2513136429,107.2448600095,104.7554065866,105.3504950542,17116333,0.0,1.0
2023-05-04 00:00:00+00:00,105.21,106.3,104.7,106.16,19780637,104.3487628003,105.4298401832,103.8429376029,105.2909862074,19780637,0.0,1.0
2023-05-05 00:00:00+00:00,106.215,106.44,104.7386,105.32,20710627,105.3455359836,105.568694159,103.8812216276,104.4578623527,20710627,0.0,1.0
2023-05-08 00:00:00+00:00,108.24,108.42,105.79,105.795,17266021,107.3539595619,107.5324861022,104.9240149857,104.9289740563,17266021,0.0,1.0
2023-05-09 00:00:00+00:00,107.94,110.595,107.725,108.78,24782442,107.0564153281,109.6896817974,106.8431752939,107.8895391828,24782442,0.0,1.0
2023-05-10 00:00:00+00:00,112.28,113.51,108.48,108.55,47533463,111.3608885773,112.580819936,107.591994949,107.6614219369,47533463,0.0,1.0
2023-05-11 00:00:00+00:00,116.9,118.44,114.9301,115.86,57115075,115.9430697782,117.4704635118,113.9892951575,114.9115831009,57115075,0.0,1.0
2023-05-12 00:00:00+00:00,117.92,118.26,116.55,117.0,31293778,116.9547201731,117.2919369715,115.5959348387,116.0422511894,31293778,0.0,1.0
2023-05-15 00:00:00+00:00,116.96,118.795,116.48,116.49,22107865,116.0025786249,117.8225575218,115.5265078508,115.5364259919,22107865,0.0,1.0
2023-05-16 00:00:00+00:00,120.09,121.2,116.83,116.83,32370113,119.1069567978,120.2078704629,115.8736427903,115.8736427903,32370113,0.0,1.0
2023-05-17 00:00:00+00:00,121.48,122.28,119.46,120.18,26659564,120.4855784145,121.2790297047,118.4821139068,119.1962200679,26659564,0.0,1.0
2023-05-18 00:00:00+00:00,123.52,123.9,121.49,121.56,27014468,122.5088792044,122.8857685673,120.4954965556,120.5649235435,27014468,0.0,1.0
2023-05-19 00:00:00+00:00,123.25,126.479,122.72,124.2,30268864,122.241089394,125.443657164,121.7154279143,123.1833128011,30268864,0.0,1.0
2023-05-22 00:00:00+00:00,125.87,127.05,123.45,123.51,29760236,124.8396423694,126.0099830224,122.4394522165,122.4989610633,29760236,0.0,1.0
2023-05-23 00:00:00+00:00,123.29,125.42,123.05,124.93,24477945,122.2807619585,124.3933260186,122.0427265715,123.9073371034,24477945,0.0,1.0
2023-05-24 00:00:00+00:00,121.64,122.7499,120.75,121.88,23087925,120.6442686725,121.7450831562,119.7615541122,120.8823040596,23087925,0.0,1.0
2023-05-25 00:00:00+00:00,124.35,125.98,122.9,125.21,33812730,123.332084918,124.9487419218,121.8939544545,124.1850450549,33812730,0.0,1.0
2023-05-26 00:00:00+00:00,125.43,126.0,123.29,124.065,25169036,124.4032441598,124.968578204,122.2807619585,123.0494178959,25169036,0.0,1.0
2023-05-30 00:00:00+00:00,124.64,126.38,122.89,126.29,27230726,123.6197110107,125.3454675668,121.8840363134,125.2562042967,27230726,0.0,1.0
2023-05-31 00:00:00+00:00,123.37,124.9,123.1,123.7,41478777,122.3601070875,123.87758268,122.0923172771,122.6874057447,41478777,0.0,1.0
2023-06-01 00:00:00+00:00,124.37,125.04,123.3,123.5,25017674,123.3519212003,124.0164366558,122.2906800996,122.4890429222,25017674,0.0,1.0
2023-06-02 00:00:00+00:00,125.23,126.745,124.35,124.49,19367453,124.2048813372,125.707479718,123.332084918,123.4709388938,19367453,0.0,1.0
2023-06-05 00:00:00+00:00,126.63,127.99,124.38,124.61,22672516,125.593421095,126.9422882883,123.3618393414,123.5899565873,22672516,0.0,1.0
2023-06-06 00:00:00+00:00,127.91,128.88,125.97,126.6,19450128,126.8629431593,127.8250028487,124.9388237806,125.5636666716,19450128,0.0,1.0
2023-06-07 00:00:00+00:00,122.94,129.55,122.63,127.575,34179348,121.9336270191,128.4895183042,121.6261646441,126.5306854316,34179348,0.0,1.0
2023-06-08 00:00:00+00:00,122.67,123.73,122.01,122.585,24814996,121.6658372086,122.7171601681,121.0112398942,121.581533009,24814996,0.0,1.0
2023-06-09 00:00:00+00:00,122.87,124.285,122.42,122.56,20313676,121.8642000312,123.2676170007,121.4178836804,121.5567376562,20313676,0.0,1.0
2023-06-12 00:00:00+00:00,124.35,124.75,122.35,123.395,22289632,123.332084918,123.7288105631,121.3484566925,122.3849024403,22289632,0.0,1.0
2023-06-13 00:00:00+00:00,124.43,125.86,123.845,125.65,19287650,123.411430047,124.8297242282,122.8312187911,124.6214432646,19287650,0.0,1.0
2023-06-14 00:00:00+00:00,124.38,124.79,122.16,123.8,24659620,123.3618393414,123.7684831276,121.1600120111,122.786587156,24659620,0.0,1.0
2023-06-15 00:00:00+00:00,125.79,126.16,123.14,123.88,24517071,124.7602972403,125.127268462,122.1319898416,122.865932285,24517071,0.0,1.0
2023-06-16 00:00:00+00:00,124.06,126.7,123.79,126.7,56699200,123.0444588253,125.6628480829,122.7766690149,125.6628480829,56699200,0.0,1.0
2023-06-20 00:00:00+00:00,123.85,125.175,122.83,123.535,22698028,122.8361778616,124.150331561,121.8245274667,122.5237564161,22698028,0.0,1.0
2023-06-21 00:00:00+00:00,121.26,123.41,120.86,123.235,22612002,120.2673793097,122.399779652,119.8706536646,122.2262121823,22612002,0.0,1.0
2023-06-22 00:00:00+00:00,123.87,123.935,119.6,120.66,20781888,122.8560141439,122.9204820612,118.6209678825,119.672290842,20781888,0.0,1.0
2023-06-23 00:00:00+00:00,123.02,123.44,121.86,122.04,29573123,122.0129721481,122.4295340754,120.8624677773,121.0409943176,29573123,0.0,1.0
2023-06-26 00:00:00+00:00,119.09,122.72,118.99,121.4656,23184961,118.115142685,121.7154279143,118.0159612738,120.4712962912,23184961,0.0,1.0
2023-06-27 00:00:00+00:00,119.01,119.895,116.91,117.84,27221714,118.035797556,118.9135530458,115.9529879193,116.8753750441,27221714,0.0,1.0
2023-06-28 00:00:00+00:00,121.08,121.27,117.6,117.96,19753145,120.0888527694,120.2772974508,116.6373396571,116.9943927377,19753145,0.0,1.0
2023-06-29 00:00:00+00:00,120.01,120.91,119.21,120.09,18517458,119.0276116688,119.9202443702,118.2341603786,119.1069567978,18517458,0.0,1.0
2023-06-30 00:00:00+00:00,120.97,122.03,120.88,121.1,23871764,119.979753217,121.0310761765,119.8904899468,120.1086890516,23871764,0.0,1.0
2023-07-03 00:00:00+00:00,120.56,121.02,119.705,120.32,13888262,119.5731094308,120.0293439226,118.7251083644,119.3350740437,13888262,0.0,1.0
2023-07-05 00:00:00+00:00,122.63,123.37,120.06,120.06,17830347,121.6261646441,122.3601070875,119.0772023744,119.0772023744,17830347,0.0,1.0
2023-07-06 00:00:00+00:00,120.93,121.1499,119.2499,120.64,17750181,119.9400806525,120.1581805759,118.2737337617,119.6524545598,17750181,0.0,1.0
2023-07-07 00:00:00+00:00,120.14,121.75,120.09,120.89,20997665,119.1565475034,120.7533682249,119.1069567978,119.900408088,20997665,0.0,1.0
2023-07-10 00:00:00+00:00,116.87,119.07,116.64,119.07,32960078,115.9133153548,118.0953064028,115.6851981089,118.0953064028,32960078,0.0,1.0
2023-07-11 00:00:00+00:00,117.71,118.225,115.83,116.76,18286571,116.7464392095,117.2572234775,114.8818286775,115.8042158024,18286571,0.0,1.0
2023-07-12 00:00:00+00:00,119.62,120.96,119.0,119.3,22059611,118.6408041648,119.9698350758,118.0258794149,118.3234236487,22059611,0.0,1.0
2023-07-13 00:00:00+00:00,124.83,125.335,121.06,121.54,31535853,123.8081556921,124.309021819,120.0690164871,120.5450872612,31535853,0.0,1.0
2023-07-14 00:00:00+00:00,125.7,127.09,124.9,125.13,20499780,124.6710339702,126.0496555869,123.87758268,124.1056999259,20499780,0.0,1.0
2023-07-17 00:00:00+00:00,125.06,127.28,124.5,126.06,20675297,124.036272938,126.2381002683,123.4808570349,125.0280870508,20675297,0.0,1.0
2023-07-18 00:00:00+00:00,124.08,124.99,123.3,124.905,21071248,123.0642951076,123.9668459501,122.2906800996,123.8825417506,21071248,0.0,1.0
2023-07-19 00:00:00+00:00,122.78,125.47,122.47,124.79,22313803,121.774936761,124.4429167243,121.4674743861,123.7684831276,22313803,0.0,1.0
2023-07-20 00:00:00+00:00,119.53,124.7,118.685,122.12,27541711,118.5515408946,123.6792198575,117.7134579694,121.1203394466,27541711,0.0,1.0
2023-07-21 00:00:00+00:00,120.31,121.3,119.07,120.87,56514645,119.3251559026,120.3070518742,118.0953064028,119.8805718057,56514645,0.0,1.0
2023-07-24 00:00:00+00:00,121.88,123.35,121.38,121.926,22312220,120.8823040596,122.3402708053,120.3863970032,120.9279275087,22312220,0.0,1.0
2023-07-25 00:00:00+00:00,122.79,123.69,121.53,121.88,31820846,121.7848549021,122.6774876036,120.5351691201,120.8823040596,31820846,0.0,1.0
2023-07-26 00:00:00+00:00,129.66,131.37,128.71,130.36,46216895,128.5986178566,130.2946199894,127.6563944495,129.2928877355,46216895,0.0,1.0
2023-07-27 00:00:00+00:00,129.87,133.6,129.18,131.8,35931612,128.8068988203,132.5063654608,128.1225470825,130.7211000578,35931612,0.0,1.0
2023-07-28 00:00:00+00:00,133.01,134.07,130.92,130.97,26971011,131.9211951342,132.9725180937,129.8483036386,129.8978943443,26971011,0.0,1.0
2023-07-31 00:00:00+00:00,133.11,133.83,132.13,133.01,18381891,132.0203765455,132.7344827067,131.048398715,131.9211951342,18381891,0.0,1.0
2023-08-01 00:00:00+00:00,131.89,132.92,130.75,130.855,22219012,130.810363328,131.8319318641,129.6796952395,129.7838357213,22219012,0.0,1.0
2023-08-02 00:00:00+00:00,128.64,130.42,127.85,129.84,22705778,127.5869674616,129.3523965823,126.8034343126,128.7771443969,22705778,0.0,1.0
2023-08-03 00:00:00+00:00,128.77,129.77,127.775,128.37,15086132,127.7159032963,128.707717409,126.7290482541,127.3191776512,15086132,0.0,1.0
2023-08-04 00:00:00+00:00,128.54,131.93,128.315,129.6,20521852,127.4877860503,130.8500358925,127.264627875,128.5391090098,20521852,0.0,1.0
2023-08-07 00:00:00+00:00,131.94,132.06,129.43,129.51,17621041,130.8599540336,130.9789717272,128.3705006107,128.4498457397,17621041,0.0,1.0
2023-08-08 00:00:00+00:00,131.84,131.94,130.13,130.98,16835952,130.7607726224,130.8599540336,129.0647704896,129.9078124854,16835952,0.0,1.0
2023-08-09 00:00:00+00:00,130.15,132.47,129.505,132.19,17745218,129.0846067718,131.3856155134,128.4448866691,131.1079075618,17745218,0.0,1.0
2023-08-10 00:00:00+00:00,130.21,132.647,130.035,131.97,17855681,129.1441156186,131.5611666113,128.9705481489,130.889708457,17855681,0.0,1.0
2023-08-11 00:00:00+00:00,130.17,130.44,128.75,129.202,15205465,129.1044430541,129.3722328645,127.696067014,128.144366993,15205465,0.0,1.0
2023-08-14 00:00:00+00:00,131.83,131.91,129.59,129.85,17526195,130.7508544812,130.8301996102,128.5291908687,128.787062538,17526195,0.0,1.0
2023-08-15 00:00:00+00:00,130.27,131.99,129.819,131.59,14769173,129.2036244654,130.9095447393,128.7563163005,130.5128190942,14769173,0.0,1.0
2023-08-16 00:00:00+00:00,129.11,130.8975,128.46,129.28,17548355,128.0531200946,129.8259878211,127.4084409213,128.2217284938,17548355,0.0,1.0
2023-08-17 00:00:00+00:00,130.46,132.4913,129.85,130.45,23665562,129.3920691468,131.406741154,128.787062538,129.3821510057,23665562,0.0,1.0
2023-08-18 00:00:00+00:00,128.11,129.83,127.0,129.06,23627202,127.0613059819,128.7672262558,125.9603923167,128.003529389,23627202,0.0,1.0
2023-08-21 00:00:00+00:00,128.93,129.26,127.16,127.85,21851070,127.8745935543,128.2018922115,126.1190825748,126.8034343126,21851070,0.0,1.0
2023-08-22 00:00:00+00:00,129.69,130.95,128.925,129.13,15569373,128.62837228,129.878058062,127.8696344837,128.0729563769,15569373,0.0,1.0
2023-08-23 00:00:00+00:00,133.21,134.07,130.51,130.85,26497027,132.1195579568,132.9725180937,129.4416598524,129.7788766507,26497027,0.0,1.0
2023-08-24 00:00:00+00:00,130.42,134.97,130.3,134.7272,18680381,129.3523965823,133.8651507952,129.2333788887,133.6243383286,18680381,0.0,1.0
2023-08-25 00:00:00+00:00,130.69,131.4,128.04,130.14,20678096,129.6201863927,130.3243744127,126.991878994,129.0746886307,20678096,0.0,1.0
2023-08-28 00:00:00+00:00,131.79,133.24,130.85,132.08,16715467,130.7111819167,132.1493123802,129.7788766507,130.9988080094,16715467,0.0,1.0
2023-08-29 00:00:00+00:00,135.49,137.295,132.98,132.9981,30803265,134.3808941338,136.1711186073,131.8914407109,131.9093925463,30803265,0.0,1.0
2023-08-30 00:00:00+00:00,136.93,137.25,135.021,135.57,21773356,135.8091064561,136.1264869722,133.9157333149,134.4602392628,21773356,0.0,1.0
2023-08-31 00:00:00+00:00,137.35,138.4,136.82,137.05,28147850,136.2256683835,137.2670732019,135.7000069037,135.9281241497,28147850,0.0,1.0
2023-09-01 00:00:00+00:00,136.8,138.58,135.94,138.43,16671647,135.6801706215,137.4455997422,134.8272104845,137.2968276252,16671647,0.0,1.0
2023-09-05 00:00:00+00:00,136.71,137.37,135.56,136.44,17730218,135.5909073513,136.2455046657,134.4503211217,135.3231175409,17730218,0.0,1.0
2023-09-06 00:00:00+00:00,135.37,137.48,134.69,137.015,15814327,134.2618764403,136.3546042181,133.5874428436,135.8934106557,15814327,0.0,1.0
2023-09-07 00:00:00+00:00,136.2,136.58,133.9601,134.6,16975956,135.0850821539,135.4619715167,132.8635177228,133.4981795735,16975956,0.0,1.0
2023-09-08 00:00:00+00:00,137.2,137.515,135.87,135.87,17820005,136.0768962666,136.3893177121,134.7577834967,134.7577834967,17820005,0.0,1.0
2023-09-11 00:00:00+00:00,137.74,138.2638,136.55,137.38,17180755,136.6124758875,137.1319881197,135.4322170933,136.2554228069,17180755,0.0,1.0
2023-09-12 00:00:00+00:00,136.07,137.64,135.93,137.13,15212934,134.9561463192,136.5132944762,134.8172923434,136.0074692787,15212934,0.0,1.0
2023-09-13 00:00:00+00:00,137.5,137.7,134.93,135.9,16394915,136.3744405004,136.5728033229,133.8254782307,134.78753792,16394915,0.0,1.0
2023-09-14 00:00:00+00:00,138.99,139.55,137.06,138.39,19064607,137.8522435284,138.4076594315,135.9380422908,137.2571550607,19064607,0.0,1.0
2023-09-15 00:00:00+00:00,138.3,139.36,137.18,138.8,48958837,137.1678917906,138.2192147501,136.0570599843,137.663798847,48958837,0.0,1.0
2023-09-18 00:00:00+00:00,138.96,139.93,137.63,137.63,16233590,137.822489105,138.7845487943,136.5033763351,136.5033763351,16233590,0.0,1.0
2023-09-19 00:00:00+00:00,138.83,139.175,137.5,138.25,15484644,137.6935532703,138.0357291392,136.3744405004,137.118301085,15484644,0.0,1.0
2023-09-20 00:00:00+00:00,134.59,138.84,134.52,138.83,21473533,133.4882614324,137.7034714115,133.4188344445,137.6935532703,21473533,0.0,1.0
2023-09-21 00:00:00+00:00,131.36,133.19,131.09,132.39,22058375,130.2847018482,132.0997216745,130.0169120378,131.3062703844,22058375,0.0,1.0
2023-09-22 00:00:00+00:00,131.25,133.01,130.51,131.68,17355284,130.1756022958,131.9211951342,129.4416598524,130.6020823643,17355284,0.0,1.0
2023-09-25 00:00:00+00:00,132.17,132.22,130.03,130.77,14650032,131.0880712796,131.1376619852,128.9655890783,129.6995315217,14650032,0.0,1.0
2023-09-26 00:00:00+00:00,129.45,131.405,128.19,130.914,20378789,128.3903368929,130.3293334833,127.1406511109,129.842352754,20378789,0.0,1.0
2023-09-27 00:00:00+00:00,131.46,131.72,129.38,129.44,18764201,130.3838832595,130.6417549288,128.320909905,128.3804187518,18764201,0.0,1.0
2023-09-28 00:00:00+00:00,133.13,134.1799,130.69,130.69,18201389,132.0402128278,133.0815184647,129.6201863927,129.6201863927,18201389,0.0,1.0
2023-09-29 00:00:00+00:00,131.85,134.89,131.32,134.08,23237336,130.7706907635,133.7858056662,130.2450292837,132.9824362349,23237336,0.0,1.0
2023-10-02 00:00:00+00:00,135.17,135.36,132.065,132.155,19210394,134.0635136177,134.2519582992,130.9839307977,131.0731940679,19210394,0.0,1.0
2023-10-03 00:00:00+00:00,133.3,135.24,132.815,134.93,19628736,132.2088212269,134.1329406056,131.7277913823,133.8254782307,19628736,0.0,1.0
2023-10-04 00:00:00+00:00,136.27,136.57,133.43,133.66,22847987,135.1545091417,135.4520533756,132.3377570616,132.5658743075,22847987,0.0,1.0
2023-10-05 00:00:00+00:00,135.99,136.5,134.455,136.13,15922944,134.8768011902,135.3826263877,133.3543665271,135.015655166,15922944,0.0,1.0
2023-10-06 00:00:00+00:00,138.73,139.1857,134.94,134.94,20826683,137.5943718591,138.0463415502,133.8353963718,133.8353963718,20826683,0.0,1.0
2023-10-09 00:00:00+00:00,139.5,139.97,136.7,137.99,16599099,138.3580687259,138.8242213588,135.5809892102,136.8604294156,16599099,0.0,1.0
2023-10-10 00:00:00+00:00,139.2,140.74,138.43,139.51,19554916,138.060524492,139.5879182256,137.2968276252,138.367986867,19554916,0.0,1.0
2023-10-11 00:00:00+00:00,141.7,142.22,139.84,139.85,20146341,140.5400597739,141.0558031125,138.6952855242,138.7052036653,20146341,0.0,1.0
2023-10-12 00:00:00+00:00,140.29,142.38,139.45,142.16,18173107,139.1416018749,141.2144933705,138.3084780202,140.9962942657,18173107,0.0,1.0
2023-10-13 00:00:00+00:00,138.58,141.34,137.97,140.65,19447565,137.4455997422,140.1830066933,136.8405931334,139.4986549555,19447565,0.0,1.0
2023-10-16 00:00:00+00:00,140.49,140.905,139.32,139.73,17345556,139.3399646975,139.7515675542,138.1795421856,138.5861859718,17345556,0.0,1.0
2023-10-17 00:00:00+00:00,140.99,141.25,138.5287,140.03,17424024,139.8358717538,140.0937434231,137.3947196782,138.8837302056,17424024,0.0,1.0
2023-10-18 00:00:00+00:00,139.28,141.99,138.705,140.75,18304869,138.1398696211,140.8276858666,137.5695765062,139.5978363668,18304869,0.0,1.0
2023-10-19 00:00:00+00:00,138.98,141.005,138.6,139.8,21831181,137.8423253872,139.8507489655,137.4654360244,138.6556129597,21831181,0.0,1.0
2023-10-20 00:00:00+00:00,136.74,139.04,136.245,138.59,24970263,135.6206617747,137.901834234,135.1297137889,137.4555178833,24970263,0.0,1.0
2023-10-23 00:00:00+00:00,137.9,139.02,135.11,136.23,20780665,136.7711661455,137.8819979518,134.004004771,135.1148365772,20780665,0.0,1.0
2023-10-24 00:00:00+00:00,140.12,140.7099,138.75,139.16,26535198,138.9729934758,139.5580646209,137.6142081413,138.0208519275,26535198,0.0,1.0
2023-10-25 00:00:00+00:00,126.67,130.1,126.09,129.77,58796067,125.6330936595,129.0350160662,125.0578414742,128.707717409,58796067,0.0,1.0
2023-10-26 00:00:00+00:00,123.44,125.46,122.32,124.47,33907363,122.4295340754,124.4329985831,121.3187022692,123.4511026115,33907363,0.0,1.0
2023-10-27 00:00:00+00:00,123.4,124.44,121.46,124.03,37367673,122.3898615109,123.4213481881,120.4657421322,123.0147044019,37367673,0.0,1.0
2023-10-30 00:00:00+00:00,125.75,126.55,123.88,124.46,24165631,124.7206246758,125.514075966,122.865932285,123.4411844704,24165631,0.0,1.0
2023-10-31 00:00:00+00:00,125.3,126.56,123.925,126.27,21123418,124.2743083251,125.5239941071,122.9105639201,125.2363680144,21123418,0.0,1.0
2023-11-01 00:00:00+00:00,127.57,127.74,124.925,125.34,26536604,126.525726361,126.6943347602,123.9023780328,124.3139808896,26536604,0.0,1.0
2023-11-02 00:00:00+00:00,128.58,130.09,128.11,129.56,24091672,127.5274586149,129.0250979251,127.0613059819,128.4994364453,24091672,0.0,1.0
2023-11-03 00:00:00+00:00,130.37,130.73,129.01,129.09,19529448,129.3028058766,129.6598589572,127.9539386833,128.0332838123,19529448,0.0,1.0
2023-11-06 00:00:00+00:00,131.45,131.56,129.93,130.22,15360362,130.3739651184,130.4830646708,128.866407667,129.1540337597,15360362,0.0,1.0
2023-11-07 00:00:00+00:00,132.4,133.28,131.14,131.98,19223786,131.3161885255,132.1889849447,130.0665027434,130.8996265981,19223786,0.0,1.0
2023-11-08 00:00:00+00:00,133.26,133.54,132.16,132.36,15093598,132.1691486624,132.446856614,131.0781531384,131.276515961,15093598,0.0,1.0
2023-11-09 00:00:00+00:00,131.69,133.96,131.51,133.36,17976533,130.6120005054,132.8634185413,130.4334739652,132.2683300737,17976533,0.0,1.0
2023-11-10 00:00:00+00:00,134.06,134.27,130.87,131.53,20879838,132.9625999526,133.1708809163,129.798712933,130.4533102474,20879838,0.0,1.0
2023-11-13 00:00:00+00:00,133.64,134.11,132.77,133.36,16409856,132.5460380253,133.0121906582,131.6831597472,132.2683300737,16409856,0.0,1.0
2023-11-14 00:00:00+00:00,135.43,137.24,135.1,135.65,22317345,134.3213852871,136.1165688311,133.9940866299,134.5395843919,22317345,0.0,1.0
2023-11-15 00:00:00+00:00,136.38,136.84,135.33,136.64,15840883,135.2636086941,135.719843186,134.2222038758,135.5214803635,15840883,0.0,1.0
2023-11-16 00:00:00+00:00,138.7,138.8799,136.08,136.96,17615068,137.5646174357,137.7430447946,134.9660644603,135.8388608795,17615068,0.0,1.0
2023-11-17 00:00:00+00:00,136.94,138.0,135.48,137.82,25590191,135.8190245973,136.8703475568,134.3709759927,136.6918210165,25590191,0.0,1.0
2023-11-20 00:00:00+00:00,137.92,138.425,135.49,135.5,19589006,136.7910024277,137.2918685547,134.3808941338,134.3908122749,19589006,0.0,1.0
2023-11-21 00:00:00+00:00,138.62,138.965,137.705,137.94,17648067,137.4852723067,137.8274481756,136.5777623935,136.81083871,17648067,0.0,1.0
2023-11-22 00:00:00+00:00,140.02,141.1,139.0,139.1,17310209,138.8738120645,139.9449713062,137.8621616695,137.9613430808,17310209,0.0,1.0
2023-11-24 00:00:00+00:00,138.22,139.677,137.47,139.54,8828640,137.0885466616,138.5336198238,136.344686077,138.3977412904,8828640,0.0,1.0
2023-11-27 00:00:00+00:00,138.05,139.63,137.54,137.57,17886389,136.9199382624,138.4870045605,136.4141130649,136.4438674883,17886389,0.0,1.0
2023-11-28 00:00:00+00:00,138.62,138.66,137.04,137.63,17046868,137.4852723067,137.5249448712,135.9182060085,136.5033763351,17046868,0.0,1.0
2023-11-29 00:00:00+00:00,136.4,139.67,136.295,138.985,21014715,135.2834449764,138.526677125,135.1793044946,137.8472844578,21014715,0.0,1.0
2023-11-30 00:00:00+00:00,133.92,136.96,132.79,136.4,29913531,132.8237459768,135.8388608795,131.7029960294,135.2834449764,29913531,0.0,1.0
2023-12-01 00:00:00+00:00,133.32,133.5,132.1517,133.32,24267987,132.2286575092,132.4071840495,131.0699210813,132.2286575092,24267987,0.0,1.0
2023-12-04 00:00:00+00:00,130.63,131.45,129.4,131.294,24117083,129.5606775459,130.3739651184,128.3407461873,130.2192421168,24117083,0.0,1.0
2023-12-05 00:00:00+00:00,132.39,133.54,129.73,130.37,19235145,131.3062703844,132.446856614,128.6680448445,129.3028058766,19235145,0.0,1.0
2023-12-06 00:00:00+00:00,131.43,133.31,131.31,132.9,16265640,130.3541288361,132.2187393681,130.2351111426,131.8120955818,16265640,0.0,1.0
2023-12-07 00:00:00+00:00,138.45,140.0,136.23,136.6,38419426,137.3166639075,138.8539757822,135.1148365772,135.4818077989,38419426,0.0,1.0
2023-12-08 00:00:00+00:00,136.64,137.99,135.57,135.66,23016139,135.5214803635,136.8604294156,134.4602392628,134.549502533,23016139,0.0,1.0
2023-12-11 00:00:00+00:00,134.7,134.79,132.89,133.82,24502860,133.5973609848,133.6866242549,131.8021774407,132.7245645656,24502860,0.0,1.0
2023-12-12 00:00:00+00:00,133.64,134.54,132.83,133.27,26583981,132.5460380253,133.4386707267,131.742668594,132.1790668036,26583981,0.0,1.0
2023-12-13 00:00:00+00:00,133.97,134.78,132.95,134.545,25414461,132.8733366825,133.6767061138,131.8616862875,133.4436297973,25414461,0.0,1.0
2023-12-14 00:00:00+00:00,133.2,135.035,131.06,134.77,29619098,132.1096398157,133.9296187125,129.9871576144,133.6667879727,29619098,0.0,1.0
2023-12-15 00:00:00+00:00,133.84,134.83,132.63,132.92,58594004,132.7444008478,133.7262968194,131.5443057714,131.8319318641,58594004,0.0,1.0
2023-12-18 00:00:00+00:00,137.19,138.38,133.77,133.86,25699767,136.0669781255,137.2472369196,132.6749738599,132.7642371301,25699767,0.0,1.0
2023-12-19 00:00:00+00:00,138.1,138.77,137.45,138.0,20601632,136.969528968,137.6340444236,136.3248497948,136.8703475568,20601632,0.0,1.0
2023-12-20 00:00:00+00:00,139.66,143.0783,139.41,140.33,33507342,138.5167589839,141.9070771654,138.2688054557,139.1812744394,33507342,0.0,1.0
2023-12-21 00:00:00+00:00,141.8,142.03,140.4725,140.77,18101476,140.6392411851,140.8673584311,139.3226079505,139.617672649,18101476,0.0,1.0
2023-12-22 00:00:00+00:00,142.72,143.25,142.055,142.13,18513524,141.5517101689,142.0773716486,140.8921537839,140.9665398423,18513524,0.0,1.0
2023-12-26 00:00:00+00:00,142.82,143.945,142.5001,142.98,11170066,141.6508915801,142.766682457,141.3336102455,141.8095818382,11170066,0.0,1.0
2023-12-27 00:00:00+00:00,141.44,143.32,141.0512,142.83,17261305,140.2821881046,142.1467986365,139.8965707775,141.6608097213,17261305,0.0,1.0
2023-12-28 00:00:00+00:00,141.28,142.27,140.8283,141.85,12192549,140.1234978465,141.1053938181,139.6754954118,140.6888318908,12192549,0.0,1.0
2023-12-29 00:00:00+00:00,140.93,141.435,139.9,140.68,14880961,139.7763629071,140.277229034,138.754794371,139.5284093789,14880961,0.0,1.0
2024-01-02 00:00:00+00:00,139.56,140.6147,137.74,139.6,20071885,138.4175775726,139.4636439173,136.6124758875,138.4572501371,20071885,0.0,1.0
2024-01-03 00:00:00+00:00,140.36,141.09,138.43,138.6,18974308,139.2110288628,139.9350531651,137.2968276252,137.4654360244,18974308,0.0,1.0
2024-01-04 00:00:00+00:00,138.04,140.635,138.01,139.85,18253331,136.9100201213,139.4837777438,136.8802656979,138.7052036653,18253331,0.0,1.0
2024-01-05 00:00:00+00:00,137.39,138.81,136.85,138.352,15140136,136.265340948,137.6737169881,135.7297613271,137.2194661245,15140136,0.0,1.0
2024-01-08 00:00:00+00:00,140.53,140.64,137.88,138.0,17645293,139.379637262,139.4887368144,136.7513298632,136.8703475568,17645293,0.0,1.0
2024-01-09 00:00:00+00:00,142.56,142.7998,139.79,140.06,19579667,141.3930199108,141.6308569351,138.6456948186,138.913484629,19579667,0.0,1.0
2024-01-10 00:00:00+00:00,143.8,144.525,142.46,142.52,16641881,142.6228694106,143.3419346423,141.2938384995,141.3533473463,16641881,0.0,1.0
2024-01-11 00:00:00+00:00,143.67,146.66,142.215,144.895,17471130,142.4939335759,145.459457773,141.0508440419,143.708905864,17471130,0.0,1.0
2024-01-12 00:00:00+00:00,144.24,144.74,143.36,144.34,13998729,143.0592676202,143.5551746766,142.186471201,143.1584490315,13998729,0.0,1.0
2024-01-16 00:00:00+00:00,144.08,145.84,143.0564,143.43,19198939,142.9005773622,144.6461702006,141.8853564364,142.2558981889,19198939,0.0,1.0
2024-01-17 00:00:00+00:00,142.89,143.41,140.51,142.91,17884548,141.720318568,142.2360619066,139.3598009797,141.7401548503,17884548,0.0,1.0
2024-01-18 00:00:00+00:00,144.99,145.585,143.35,143.44,18876800,143.8031282048,144.3932576018,142.1765530599,142.26581633,18876800,0.0,1.0
2024-01-19 00:00:00+00:00,147.97,148.04,145.8,146.305,27181032,146.7587342607,146.8281612486,144.6064976361,145.107363763,27181032,0.0,1.0
2024-01-22 00:00:00+00:00,147.71,150.015,147.58,148.71,21829232,146.5008625914,148.7869941212,146.3719267567,147.4926767041,21829232,0.0,1.0
2024-01-23 00:00:00+00:00,148.68,148.86,147.19,147.72,14113649,147.4629222807,147.641448821,145.9851192528,146.5107807325,14113649,0.0,1.0
2024-01-24 00:00:00+00:00,150.35,151.57,149.84,150.29,18892741,149.119251849,150.3292650665,148.6134266515,149.0597430022,18892741,0.0,1.0
2024-01-25 00:00:00+00:00,153.64,154.76,151.22,151.74,21495120,152.3823202799,153.4931520861,149.9821301271,150.4978734657,21495120,0.0,1.0
2024-01-26 00:00:00+00:00,153.79,154.11,152.8,152.87,19494488,152.5310923968,152.8484729129,151.5491964252,151.6186234131,19494488,0.0,1.0
2024-01-29 00:00:00+00:00,154.84,155.2,152.92,153.64,20909258,153.5724972151,153.9295502957,151.6682141187,152.3823202799,20909258,0.0,1.0
2024-01-30 00:00:00+00:00,153.05,155.04,152.775,154.01,26578934,151.7971499534,153.7708600377,151.5244010724,152.7492915016,26578934,0.0,1.0
2024-01-31 00:00:00+00:00,141.8,145.59,141.55,145.39,43908584,140.6392411851,144.3982166724,140.391287657,144.1998538498,43908584,0.0,1.0
2024-02-01 00:00:00+00:00,142.71,144.62,142.26,143.69,25526855,141.5417920277,143.436156983,141.095475677,142.5137698582,25526855,0.0,1.0
2024-02-02 00:00:00+00:00,143.54,143.88,138.17,140.89,42136127,142.3649977413,142.7022145396,137.0389559559,139.7366903426,42136127,0.0,1.0
2024-02-05 00:00:00+00:00,144.93,146.67,143.91,144.04,29254444,143.743619358,145.4693759141,142.731968963,142.8609047977,29254444,0.0,1.0
2024-02-06 00:00:00+00:00,145.41,146.74,144.52,145.96,21517655,144.2196901321,145.538802902,143.3369755718,144.7651878941,21517655,0.0,1.0
2024-02-07 00:00:00+00:00,146.68,147.0,145.2103,146.12,21436126,145.4792940553,145.7966745713,144.0216248538,144.9238781521,21436126,0.0,1.0
2024-02-08 00:00:00+00:00,147.22,147.61,146.42,146.97,18241319,146.0148736761,146.4016811801,145.221422386,145.766920148,18241319,0.0,1.0
2024-02-09 00:00:00+00:00,150.22,150.695,147.43,147.95,21877693,148.9903160143,149.4614277179,146.2231546398,146.7388979784,21877693,0.0,1.0
2024-02-12 00:00:00+00:00,148.73,150.59,148.56,149.54,17236108,147.5125129864,149.357287236,147.3439045872,148.3158824177,17236108,0.0,1.0
2024-02-13 00:00:00+00:00,146.37,148.04,145.11,146.07,18138482,145.1718316803,146.8281612486,143.9221458983,144.8742874465,18138482,0.0,1.0
2024-02-14 00:00:00+00:00,147.14,147.83,145.555,147.37,16651824,145.9355285471,146.6198802849,144.3635031784,146.1636457931,16651824,0.0,1.0
2024-02-15 00:00:00+00:00,143.94,144.76,141.88,144.46,26724305,142.7617233864,143.5750109588,140.7185863142,143.277466725,26724305,0.0,1.0
2024-02-16 00:00:00+00:00,141.76,144.48,141.52,144.21,21865118,140.5995686206,143.2973030073,140.3615332336,143.0295131968,21865118,0.0,1.0
2024-02-20 00:00:00+00:00,142.2,143.3285,140.8,140.94,18625589,141.0359668302,142.1552290565,139.6474270724,139.7862810482,18625589,0.0,1.0
2024-02-21 00:00:00+00:00,143.84,143.98,141.91,142.64,16499584,142.6625419751,142.8013959509,140.7483407375,141.4723650398,16499584,0.0,1.0
2024-02-22 00:00:00+00:00,145.32,146.2,144.01,146.12,23024707,144.130426862,145.0032232812,142.8311503743,144.9238781521,23024707,0.0,1.0
2024-02-23 00:00:00+00:00,145.29,145.955,144.79,144.97,14519434,144.1006724386,144.7602288235,143.6047653822,143.7832919225,14519434,0.0,1.0
2024-02-26 00:00:00+00:00,138.75,143.84,138.74,143.45,33513011,137.6142081413,142.6625419751,137.6042900002,142.2757344711,33513011,0.0,1.0
2024-02-27 00:00:00+00:00,140.1,140.49,138.5,139.41,22363981,138.9531571935,139.3399646975,137.3662546131,138.2688054557,22363981,0.0,1.0
2024-02-28 00:00:00+00:00,137.43,139.28,136.64,139.1,30628702,136.3050135125,138.1398696211,135.5214803635,137.9613430808,30628702,0.0,1.0
2024-02-29 00:00:00+00:00,139.78,139.95,137.57,138.35,35485006,138.6357766774,138.8043850766,136.4438674883,137.2174824962,35485006,0.0,1.0
2024-03-01 00:00:00+00:00,138.08,140.0,137.975,139.61,28551525,136.9496926858,138.8539757822,136.845552204,138.4671682783,28551525,0.0,1.0
2024-03-04 00:00:00+00:00,134.2,136.63,132.86,136.54,43571510,133.1014539284,135.5115622223,131.7724230173,135.4222989522,43571510,0.0,1.0
2024-03-05 00:00:00+00:00,133.78,134.02,131.55,132.74,28447550,132.684892001,132.9229273881,130.4731465297,131.6534053238,28447550,0.0,1.0
2024-03-06 00:00:00+00:00,132.56,134.74,131.95,134.24,23175200,131.4748787835,133.6370335493,130.8698721748,133.1411264929,23175200,0.0,1.0
2024-03-07 00:00:00+00:00,135.24,135.82,132.66,133.89,24107282,134.1329406056,134.708192791,131.5740601948,132.7939915534,24107282,0.0,1.0
2024-03-08 00:00:00+00:00,136.29,138.985,134.8,135.035,26495160,135.174345424,137.8472844578,133.696542396,133.9296187125,26495160,0.0,1.0
2024-03-11 00:00:00+00:00,138.94,139.98,137.07,137.07,22462576,137.8026528227,138.8341395,135.9479604319,135.9479604319,22462576,0.0,1.0
2024-03-12 00:00:00+00:00,139.62,140.28,138.21,138.25,18951920,138.4770864194,139.1316837338,137.0786285204,137.118301085,18951920,0.0,1.0
2024-03-13 00:00:00+00:00,140.77,142.19,140.01,140.06,19589151,139.617672649,141.0260486891,138.8638939234,138.913484629,19589151,0.0,1.0
2024-03-14 00:00:00+00:00,144.34,144.73,141.485,142.3,35991108,143.1584490315,143.5452565354,140.3268197396,141.1351482415,35991108,0.0,1.0
2024-03-15 00:00:00+00:00,142.17,144.34,141.1301,143.41,41039494,141.0062124069,143.1584490315,139.974824911,142.2360619066,41039494,0.0,1.0
2024-03-18 00:00:00+00:00,148.48,152.93,148.14,149.37,47676689,147.2645594582,151.6781322598,146.9273426599,148.1472740185,47676689,0.0,1.0
2024-03-19 00:00:00+00:00,147.92,149.62,147.01,148.98,17748367,146.7091435551,148.3952275467,145.8065927125,147.7604665145,17748367,0.0,1.0
2024-03-20 00:00:00+00:00,149.68,149.76,147.665,148.79,17729996,148.4547363935,148.5340815225,146.4562309563,147.5720218331,17729996,0.0,1.0
2024-03-21 00:00:00+00:00,148.74,151.305,148.0101,150.32,19843915,147.5224311275,150.0664343266,146.7985060066,149.0894974256,19843915,0.0,1.0
2024-03-22 00:00:00+00:00,151.77,152.56,150.09,150.24,19252925,150.5276278891,151.3111610381,148.8613801797,149.0101522966,19252925,0.0,1.0
2024-03-25 00:00:00+00:00,151.15,151.456,148.8,150.95,15114728,149.9127031392,150.2161982577,147.5819399743,149.7143403166,15114728,0.0,1.0
2024-03-26 00:00:00+00:00,151.7,153.2,151.03,151.24,19312694,150.4582009012,151.9459220703,149.7936854456,150.0019664093,19312694,0.0,1.0
2024-03-27 00:00:00+00:00,151.94,152.69,150.13,152.145,16621964,150.6962362882,151.4400968728,148.9010527442,150.8995581813,16621964,0.0,1.0
2024-03-28 00:00:00+00:00,152.26,152.67,151.33,152.0,21105628,151.0136168043,151.4202605905,150.0912296795,150.755745135,21105628,0.0,1.0
2024-04-01 00:00:00+00:00,156.5,157.0,151.65,151.83,24416137,155.2189086423,155.7148156986,150.4086101955,150.5871367358,24416137,0.0,1.0
2024-04-02 00:00:00+00:00,155.87,155.99,153.46,154.75,17549140,154.5940657513,154.7130834448,152.2037937396,153.483233945,17549140,0.0,1.0
2024-04-03 00:00:00+00:00,156.37,156.55,154.1321,154.92,16984168,155.0899728076,155.2684993479,152.8703920047,153.6518423442,16984168,0.0,1.0
2024-04-04 00:00:00+00:00,151.94,156.18,151.88,155.08,23901697,150.6962362882,154.9015281262,150.6367274415,153.8105326022,23901697,0.0,1.0
2024-04-05 00:00:00+00:00,153.94,154.84,151.081,151.68,16212049,152.6798645137,153.5724972151,149.8442679654,150.4383646189,16212049,0.0,1.0
2024-04-08 00:00:00+00:00,156.14,156.655,153.99,154.015,16280924,154.8618555617,155.3726398298,152.7294552193,152.7542505721,16280924,0.0,1.0
2024-04-09 00:00:00+00:00,158.14,159.89,156.64,157.35,21435146,156.8454837872,158.5811584844,155.3577626181,156.0619506381,21435146,0.0,1.0
2024-04-10 00:00:00+00:00,157.66,158.16,156.2,157.88,16339174,156.369413013,156.8653200694,154.9213644085,156.5876121178,16339174,0.0,1.0
2024-04-11 00:00:00+00:00,160.79,161.1199,157.93,158.34,17841703,159.4737911859,159.8009906617,156.6372028235,157.0438466097,17841703,0.0,1.0
2024-04-12 00:00:00+00:00,159.19,161.7,158.6,159.405,16989765,157.8868886055,160.3763420285,157.301718279,158.1001286398,16989765,0.0,1.0
2024-04-15 00:00:00+00:00,156.33,160.83,156.15,160.28,21140948,155.0503002431,159.5134637504,154.8717737028,158.9679659884,21140948,0.0,1.0
2024-04-16 00:00:00+00:00,156.0,157.23,155.05,155.64,15413201,154.7230015859,155.9429329446,153.7807781788,154.3659485053,15413201,0.0,1.0
2024-04-17 00:00:00+00:00,156.88,158.681,156.135,157.19,16237752,155.5957980051,157.3820552221,154.8568964911,155.9032603801,16237752,0.0,1.0
2024-04-18 00:00:00+00:00,157.46,158.485,156.21,156.925,14016065,156.1710501905,157.187659656,154.9312825496,155.6404296402,14016065,0.0,1.0
2024-04-19 00:00:00+00:00,155.72,157.99,153.91,157.75,21479881,154.4452936343,156.6967116702,152.6501100903,156.4586762832,21479881,0.0,1.0
2024-04-22 00:00:00+00:00,157.95,159.185,155.66,156.01,17243870,156.6570391057,157.881929535,154.3857847876,154.732919727,17243870,0.0,1.0
2024-04-23 00:00:00+00:00,159.92,160.48,157.965,158.59,16115408,158.6109129078,159.1663288109,156.6719163174,157.2918001379,16115408,0.0,1.0
2024-04-24 00:00:00+00:00,161.1,161.39,158.82,159.09,19485694,159.7812535608,160.0688796535,157.5199173838,157.7877071942,19485694,0.0,1.0
2024-04-25 00:00:00+00:00,157.95,158.28,152.768,153.36,36197789,156.6570391057,156.9843377629,151.5174583736,152.1046123283,36197789,0.0,1.0
2024-04-26 00:00:00+00:00,173.69,176.42,171.4,175.99,56500787,172.2681932401,174.9758457679,169.996938922,174.5493656994,56500787,0.0,1.0
2024-04-29 00:00:00+00:00,167.9,171.38,167.06,170.77,35914561,166.5255895274,169.9771026397,165.6924656727,169.3720960309,35914561,0.0,1.0
2024-04-30 00:00:00+00:00,164.64,169.87,164.5,167.38,29420755,163.2922755199,168.4794633295,163.1534215441,166.0098461888,29420755,0.0,1.0
2024-05-01 00:00:00+00:00,165.57,168.81,164.9,166.18,25223245,164.2146626447,167.42814037,163.5501471892,164.8196692535,25223245,0.0,1.0
2024-05-02 00:00:00+00:00,168.46,168.53,165.69,166.67,17041119,167.0810054305,167.1504324184,164.3336803383,165.3056581687,17041119,0.0,1.0
2024-05-03 00:00:00+00:00,168.99,169.85,164.98,169.54,22767056,167.6066669103,168.4596270472,163.6294923182,168.1521646723,22767056,0.0,1.0
2024-05-06 00:00:00+00:00,169.83,169.9,167.89,169.22,15147906,168.439790765,168.5092177529,166.5156713863,167.8347841562,15147906,0.0,1.0
2024-05-07 00:00:00+00:00,172.98,173.47,170.0,170.12,21102434,171.5640052201,172.0499941353,168.6083991641,168.7274168577,21102434,0.0,1.0
2024-05-08 00:00:00+00:00,171.16,171.9092,170.522,170.75,14569858,169.7589035349,170.5019706682,169.126126131,169.3522597487,14569858,0.0,1.0
2024-05-09 00:00:00+00:00,171.58,172.44,169.93,171.15,11937704,170.1754654622,171.0284255992,168.5389721762,169.7489853938,11937704,0.0,1.0
2024-05-10 00:00:00+00:00,170.29,171.34,167.91,169.69,18740458,168.8960252568,169.9374300752,166.5355076685,168.3009367892,18740458,0.0,1.0
2024-05-13 00:00:00+00:00,170.9,170.95,165.76,165.847,19648585,169.5010318656,169.5506225712,164.4031073262,164.489395154,19648585,0.0,1.0
2024-05-14 00:00:00+00:00,171.93,172.78,170.42,171.59,18729463,170.5226004017,171.3656423975,169.0249610915,170.1853836034,18729463,0.0,1.0
2024-05-15 00:00:00+00:00,173.88,174.0459,172.03,172.3,20958245,172.4566379215,172.6211798828,170.621781813,170.8895716234,20958245,0.0,1.0
2024-05-16 00:00:00+00:00,175.43,176.34,174.05,174.6,17247311,173.9939497963,174.8965006388,172.6252463207,173.1707440827,17247311,0.0,1.0
2024-05-17 00:00:00+00:00,177.29,177.495,174.98,175.55,16546353,175.8387240459,176.042045939,173.5476334455,174.1129674898,16546353,0.0,1.0
2024-05-20 00:00:00+00:00,178.46,179.95,177.225,177.31,17495122,176.9991465578,178.4769495858,175.7742561286,175.8585603282,17495122,0.0,1.0
2024-05-21 00:00:00+00:00,179.54,179.82,177.31,178.4,14706021,178.0703057996,178.3480137511,175.8585603282,176.9396377111,14706021,0.0,1.0
2024-05-22 00:00:00+00:00,178.0,178.852,176.7801,178.4,16189404,176.542912066,177.38793769,175.3329980299,176.9396377111,16189404,0.0,1.0
2024-05-23 00:00:00+00:00,175.06,179.91,174.54,178.78,14928363,173.6269785746,178.4372770213,173.1112352359,177.3165270739,14928363,0.0,1.0
2024-05-24 00:00:00+00:00,176.33,177.3044,175.2,176.52,11403560,174.8865824977,175.8530061692,173.7658325503,175.0750271791,11403560,0.0,1.0
2024-05-28 00:00:00+00:00,178.02,178.51,175.68,175.74,15655340,176.5627483482,177.0487372635,174.2419033244,174.3014121712,15655340,0.0,1.0
2024-05-29 00:00:00+00:00,177.4,178.23,176.26,176.81,15023847,175.9478235983,176.7710293119,174.8171555098,175.3626532718,15023847,0.0,1.0
2024-05-30 00:00:00+00:00,173.56,176.69,173.23,176.69,18844036,172.1392574055,175.2436355783,171.8119587483,175.2436355783,18844036,0.0,1.0
2024-05-31 00:00:00+00:00,173.96,174.42,170.97,173.4,28085151,172.5359830505,172.9922175424,169.5704588535,171.9805671474,28085151,0.0,1.0
2024-06-03 00:00:00+00:00,174.42,175.86,172.45,173.88,20742798,172.9922175424,174.4204298647,171.0383437403,172.4566379215,20742798,0.0,1.0
2024-06-04 00:00:00+00:00,175.13,175.19,173.22,174.45,14066602,173.6964055624,173.7559144092,171.8020406071,173.0219719658,14066602,0.0,1.0
2024-06-05 00:00:00+00:00,177.07,177.97,175.29,176.535,15233861,175.6205249411,176.5131576426,173.8550958205,175.0899043908,15233861,0.0,1.0
2024-06-06 00:00:00+00:00,178.35,178.71,177.21,177.43,14255818,176.8900470054,177.247100086,175.7593789169,175.9775780217,14255818,0.0,1.0
2024-06-07 00:00:00+00:00,175.95,179.42,175.79,178.46,14716270,174.5096931349,177.9512881061,174.3510028768,176.9991465578,14716270,0.0,1.0
2024-06-10 00:00:00+00:00,176.63,178.47,174.38,176.45,17122247,175.3824895541,177.2094939179,173.148380957,175.2037608663,17122247,0.2,1.0
2024-06-11 00:00:00+00:00,178.19,178.39,175.44,177.72,14402401,176.9314715147,177.1300589456,174.2008943405,176.4647910522,14402401,0.0,1.0
2024-06-12 00:00:00+00:00,179.56,182.08,177.78,179.75,18600421,178.291795416,180.7939970447,176.5243672815,178.4804534753,18600421,0.0,1.0
2024-06-13 00:00:00+00:00,176.74,178.51,176.66,177.84,15956941,175.491712641,177.2492114041,175.4122776687,176.5839435107,15956941,0.0,1.0
2024-06-14 00:00:00+00:00,178.37,178.73,175.852,175.852,12361571,177.1102002025,177.467657578,174.6099844481,174.6099844481,12361571,0.0,1.0
2024-06-17 00:00:00+00:00,178.78,179.92,176.49,176.98,15272864,177.5173044357,178.6492527915,175.2434783525,175.7300175581,15272864,0.0,1.0
2024-06-18 00:00:00+00:00,176.45,178.91,175.62,178.79,15640257,175.2037608663,177.6463862658,174.3796230283,177.5272338072,15640257,0.0,1.0
2024-06-20 00:00:00+00:00,177.71,178.74,176.46,176.71,16753166,176.4548616807,177.4775869495,175.2136902379,175.4619245264,16753166,0.0,1.0
2024-06-21 00:00:00+00:00,180.26,182.5117,178.06,178.49,59728019,178.986851424,181.2226480142,176.8023896847,177.229352661,59728019,0.0,1.0
2024-06-24 00:00:00+00:00,180.79,182.08,180.23,181.28,18198282,179.5131081157,180.7939970447,178.9570633094,179.9996473213,18198282,0.0,1.0
2024-06-25 00:00:00+00:00,185.58,185.75,181.105,181.145,18917734,184.2692770846,184.4380764008,179.8258833193,179.8656008055,18917734,0.0,1.0
2024-06-26 00:00:00+00:00,185.37,185.93,183.99,184.2,13375715,184.0607602822,184.6168050885,182.6905070093,182.8990238117,13375715,0.0,1.0
2024-06-27 00:00:00+00:00,186.86,187.5,185.45,185.645,13025656,185.540236642,186.1757164207,184.1401952545,184.3338179996,13025656,0.0,1.0
2024-06-28 00:00:00+00:00,183.42,186.58,183.325,185.72,23032362,182.1245328314,185.2622142388,182.0302038017,184.4082882862,23032362,0.0,1.0
2024-07-01 00:00:00+00:00,184.49,185.34,182.73,184.48,11815862,183.1869755864,184.0309721675,181.439406195,183.1770462149,11815862,0.0,1.0
2024-07-02 00:00:00+00:00,186.61,186.95,183.06,183.47,12555545,185.2920023534,185.6296009859,181.7670754559,182.1741796891,12555545,0.0,1.0
2024-07-03 00:00:00+00:00,187.39,187.62,185.385,186.3,7409106,186.0664933337,186.2948688792,184.0756543395,184.9841918356,7409106,0.0,1.0
2024-07-05 00:00:00+00:00,191.96,192.26,187.32,187.32,14303361,190.6042161286,190.9020972749,185.9969877329,185.9969877329,14303361,0.0,1.0
2024-07-08 00:00:00+00:00,190.48,191.6791,189.32,191.365,12097611,189.1346691404,190.325300082,187.9828620414,190.0134185219,12097611,0.0,1.0
2024-07-09 00:00:00+00:00,190.44,192.86,190.23,191.75,10224925,189.0949516542,191.4978595675,188.8864348518,190.3956993262,10224925,0.0,1.0
2024-07-10 00:00:00+00:00,192.66,193.31,190.62,190.75,12052906,191.2992721366,191.9446812869,189.273680342,189.402762172,12052906,0.0,1.0
2024-07-11 00:00:00+00:00,187.3,192.41,186.82,191.34,16451981,185.9771289899,191.051037848,185.5005191558,189.988595093,16451981,0.0,1.0
2024-07-12 00:00:00+00:00,186.78,188.69,186.14,186.92,14449113,185.4608016697,187.3573116343,184.8253218909,185.5998128713,14449113,0.0,1.0
2024-07-15 00:00:00+00:00,188.19,189.9,186.49,186.49,12186015,186.8608430571,188.5587655909,185.1728498949,185.1728498949,12186015,0.0,1.0
2024-07-16 00:00:00+00:00,185.5,190.34,185.12,188.96,12760102,184.1898421122,188.9956579388,183.8125259936,187.6254046659,12760102,0.0,1.0
2024-07-17 00:00:00+00:00,182.62,185.23,181.62,184.68,17376563,181.330183108,183.9217490806,180.3372459538,183.3756336457,17376563,0.0,1.0
2024-07-18 00:00:00+00:00,179.22,184.05,178.21,183.54,17877197,177.9541967836,182.7500832386,176.9513302578,182.2436852899,17877197,0.0,1.0
2024-07-19 00:00:00+00:00,179.39,181.97,178.86,180.37,14485899,178.1229960998,180.6847739577,177.596739408,179.096074511,14485899,0.0,1.0
2024-07-22 00:00:00+00:00,183.35,184.3,181.9,182.35,16303896,182.0550272306,182.9983175271,180.6152683569,181.0620900764,16303896,0.0,1.0
2024-07-23 00:00:00+00:00,183.6,185.22,183.33,183.84,23772602,182.3032615192,183.911819709,182.0351684875,182.5415664362,23772602,0.0,1.0
2024-07-24 00:00:00+00:00,174.37,177.95,173.57,175.39,31250683,173.1384515855,176.6931665977,172.3441018621,174.1512474828,31250683,0.0,1.0
2024-07-25 00:00:00+00:00,169.16,175.2,169.05,174.25,28967880,167.9652490119,173.9625894235,167.8560259249,173.019299127,28967880,0.0,1.0
2024-07-26 00:00:00+00:00,168.68,169.84,165.865,168.77,25150116,167.4886391778,168.6404462768,164.6935210886,167.5780035217,25150116,0.0,1.0
2024-07-29 00:00:00+00:00,171.13,172.16,169.72,170.5,13768931,169.9213352057,170.9440604746,168.5212938183,169.2957847986,13768931,0.0,1.0
2024-07-30 00:00:00+00:00,171.86,172.95,170.12,171.83,13681418,170.6461793283,171.7284808265,168.91846868,170.6163912137,13681418,0.0,1.0
2024-07-31 00:00:00+00:00,173.15,175.91,171.72,174.92,15650154,171.9270682573,174.667574803,170.5071681267,173.6845670203,15650154,0.0,1.0
2024-08-01 00:00:00+00:00,172.45,175.68,170.51,171.98,17177833,171.2320122493,174.4391992576,169.3057141701,170.7653317868,17177833,0.0,1.0
2024-08-02 00:00:00+00:00,168.4,170.21,166.39,168.19,18907773,167.2106167747,169.0078330238,165.2148130946,167.0020999723,18907773,0.0,1.0
2024-08-05 00:00:00+00:00,160.64,165.94,156.6,157.37,34907815,159.5054244577,164.7679913752,155.4939583546,156.2585199633,34907815,0.0,1.0
2024-08-06 00:00:00+00:00,160.54,162.35,158.13,160.945,36146541,159.4061307423,161.2033469915,157.0131522006,159.8082702898,36146541,0.0,1.0
2024-08-07 00:00:00+00:00,160.75,164.79,160.24,163.24,19334246,159.6146475447,163.6261136478,159.108249596,162.0870610588,19334246,0.0,1.0
2024-08-08 00:00:00+00:00,163.84,165.5,162.03,162.344,15733612,162.6828233513,164.3310990273,160.8856071021,161.1973893686,15733612,0.0,1.0
2024-08-09 00:00:00+00:00,165.39,165.52,160.93,161.645,13549230,164.2218759404,164.3509577704,159.7933762325,160.5033262977,13549230,0.0,1.0
2024-08-12 00:00:00+00:00,163.95,166.7,163.55,165.995,12434969,162.7920464383,165.5226236124,162.3948715766,164.8226029187,12434969,0.0,1.0
2024-08-13 00:00:00+00:00,165.93,166.54,164.77,165.185,12717628,164.7580620037,165.3637536678,163.6062549048,164.0183238238,12717628,0.0,1.0
2024-08-14 00:00:00+00:00,162.03,164.96,159.53,164.21,22515895,160.8856071021,163.7949129641,158.4032642165,163.0502100984,22515895,0.0,1.0
2024-08-15 00:00:00+00:00,163.17,163.52,161.49,162.21,18392452,162.017555458,162.3650834619,160.3494210388,161.0643357899,18392452,0.0,1.0
2024-08-16 00:00:00+00:00,164.74,166.95,163.08,163.41,16853137,163.5764667901,165.770857901,161.9281911141,162.255860375,16853137,0.0,1.0
2024-08-19 00:00:00+00:00,168.4,168.47,166.09,167.0,13100762,167.2106167747,167.2801223755,164.9169319484,165.8205047587,13100762,0.0,1.0
2024-08-20 00:00:00+00:00,168.96,170.41,168.66,168.74,12622523,167.766661581,169.2064204547,167.4687804348,167.5482154071,12622523,0.0,1.0
2024-08-21 00:00:00+00:00,167.63,168.64,166.57,166.99,15269550,166.4460551659,167.4489216917,165.3935417824,165.8105753872,15269550,0.0,1.0
2024-08-22 00:00:00+00:00,165.49,169.42,165.03,169.04,19123778,164.3211696558,168.223412672,163.8644185649,167.8460965534,19123778,0.0,1.0
2024-08-23 00:00:00+00:00,167.43,167.95,165.66,166.55,14281621,166.247467735,166.7637950552,164.489968972,165.3736830393,14281621,0.0,1.0
2024-08-26 00:00:00+00:00,167.93,169.38,166.32,168.155,11990305,166.7439363122,168.1836951858,165.1453074938,166.9673471719,11990305,0.0,1.0
2024-08-27 00:00:00+00:00,166.38,168.245,166.16,167.61,13718162,165.2048837231,167.0567115157,164.9864375491,166.4261964228,13718162,0.0,1.0
2024-08-28 00:00:00+00:00,164.5,167.39,163.28,166.78,15208736,163.3381618731,166.2077502489,162.1267785449,165.6020585848,15208736,0.0,1.0
2024-08-29 00:00:00+00:00,163.4,167.63,161.982,166.06,17133830,162.2459310034,166.4460551659,160.8379461187,164.8871438337,17133830,0.0,1.0
2024-08-30 00:00:00+00:00,165.11,165.28,163.41,164.22,18498777,163.9438535372,164.1126528534,162.255860375,163.0601394699,18498777,0.0,1.0
2024-09-03 00:00:00+00:00,158.61,163.38,157.855,163.315,26533110,157.4897620346,162.2260722604,156.7400944832,162.1615313453,26533110,0.0,1.0
2024-09-04 00:00:00+00:00,157.81,160.4,157.44,158.075,15942997,156.6954123112,159.2671195407,156.3280255641,156.9585406571,15942997,0.0,1.0
2024-09-05 00:00:00+00:00,158.6,161.015,157.52,157.78,14139501,157.4798326631,159.8777758906,156.4074605365,156.6656241966,14139501,0.0,1.0
2024-09-06 00:00:00+00:00,152.13,159.22,151.935,158.69,24999062,151.0555292751,158.0954536987,150.86190653,157.5691970069,24999062,0.0,1.0
2024-09-09 00:00:00+00:00,149.54,154.64,148.2,153.63,28057746,148.6824094765,153.7531617055,147.3500941849,152.7489539111,28057746,0.2,1.0
2024-09-10 00:00:00+00:00,150.01,152.3,149.5427,151.45,20401774,149.1497140937,151.426581271,148.6850939924,150.5814558995,20401774,0.0,1.0
2024-09-11 00:00:00+00:00,152.15,152.48,148.7,151.09,18991486,151.2774414996,151.6055489967,147.8472267564,150.223520448,18991486,0.0,1.0
2024-09-12 00:00:00+00:00,155.54,155.61,153.5,154.81,21024062,154.6480003342,154.7175988942,152.6196994425,153.9221867798,21024062,0.0,1.0
2024-09-13 00:00:00+00:00,158.37,159.275,156.11,156.362,16733908,157.4617706887,158.3615806431,155.2147314656,155.4652862817,16733908,0.0,1.0
2024-09-16 00:00:00+00:00,158.99,159.24,157.61,158.33,14157614,158.0782150773,158.3267813631,156.7061291801,157.422000083,14157614,0.0,1.0
2024-09-17 00:00:00+00:00,160.28,161.59,159.41,160.09,12064790,159.3608171117,160.663304449,158.4958064374,159.1719067346,12064790,0.0,1.0
2024-09-18 00:00:00+00:00,160.81,161.63,159.66,160.85,16756450,159.8877776375,160.7030750547,158.7443727231,159.9275482432,16756450,0.0,1.0
2024-09-19 00:00:00+00:00,163.24,164.99,162.5216,164.82,17548190,162.3038419349,164.043805935,161.5895618562,163.8747808607,17548190,0.0,1.0
2024-09-20 00:00:00+00:00,164.64,164.75,163.18,164.52,46362673,163.695813135,163.8051823007,162.2441860263,163.5765013178,46362673,0.0,1.0
2024-09-23 00:00:00+00:00,163.07,166.61,162.95,165.34,15648446,162.1348168606,165.6545154666,162.0155050434,164.391798735,15648446,0.0,1.0
2024-09-24 00:00:00+00:00,163.64,164.55,162.03,164.25,18774056,162.701547992,163.6063292721,161.1007811119,163.3080497292,18774056,0.0,1.0
2024-09-25 00:00:00+00:00,162.99,164.217,162.775,162.97,13607892,162.0552756491,163.2752389795,161.8415086434,162.0353903463,13607892,0.0,1.0
2024-09-26 00:00:00+00:00,163.83,165.5,163.5,165.03,18234497,162.8904583692,164.5508811579,162.562350872,164.0835765407,18234497,0.0,1.0
2024-09-27 00:00:00+00:00,165.29,166.97,163.83,163.91,13604261,164.3420854779,166.0124509181,162.8904583692,162.9699995806,13604261,0.0,1.0
2024-09-30 00:00:00+00:00,167.19,167.36,164.64,164.78,14083451,166.2311892495,166.4002143238,163.695813135,163.835010255,14083451,0.0,1.0
2024-10-01 00:00:00+00:00,168.42,170.44,165.9,168.86,18629506,167.4541353753,169.4625509641,164.9485872151,167.8916120382,18629506,0.0,1.0
2024-10-02 00:00:00+00:00,167.31,168.88,166.25,167.76,12744975,166.3505010667,167.9114973411,165.2965800151,166.797920381,12744975,0.0,1.0
2024-10-03 00:00:00+00:00,167.21,167.91,165.37,165.82,11004333,166.2510745524,166.9470601524,164.4216266893,164.8690460037,11004333,0.0,1.0
2024-10-04 00:00:00+00:00,168.56,169.55,166.96,169.34,11435318,167.5933324953,168.5776549869,166.0025082666,168.3688593068,11435318,0.0,1.0
2024-10-07 00:00:00+00:00,164.39,169.9,164.13,169.14,14034722,163.4472468492,168.9256477869,163.1887379121,168.1700062783,14034722,0.0,1.0
2024-10-08 00:00:00+00:00,165.7,166.1,164.31,165.43,11723885,164.7497341865,165.1474402437,163.3677056378,164.4812825979,11723885,0.0,1.0
2024-10-09 00:00:00+00:00,163.06,166.26,161.12,164.855,19666411,162.1248742091,165.3065226666,160.1959998318,163.9095801407,19666411,0.0,1.0
2024-10-10 00:00:00+00:00,163.18,164.3107,161.64,162.11,12900492,162.2441860263,163.3684016234,160.7130177061,161.1803223233,12900492,0.0,1.0
2024-10-11 00:00:00+00:00,164.52,165.27,162.5,163.33,10945971,163.5765013178,164.322200175,161.5680857291,162.3933257977,10945971,0.0,1.0
2024-10-14 00:00:00+00:00,166.35,167.62,164.78,164.91,9981765,165.3960065294,166.658723261,163.835010255,163.9642647236,9981765,0.0,1.0
2024-10-15 00:00:00+00:00,166.9,169.09,166.05,167.14,14829338,165.942852358,168.1202930211,165.0977269865,166.1814759924,14829338,0.0,1.0
2024-10-16 00:00:00+00:00,166.74,167.28,165.216,166.03,9968474,165.7837699352,166.3206731124,164.2685098573,165.0778416837,9968474,0.0,1.0
2024-10-17 00:00:00+00:00,164.51,167.93,164.37,167.38,15113356,163.5665586664,166.9669454553,163.4273615464,166.4200996267,15113356,0.0,1.0
2024-10-18 00:00:00+00:00,165.05,166.3699,164.75,164.87,13091267,164.1034618436,165.4157924058,163.8051823007,163.9244941179,13091267,0.0,1.0
2024-10-21 00:00:00+00:00,165.8,166.22,164.305,164.58,11384047,164.8491607008,165.2667520608,163.3627343121,163.6361572264,11384047,0.0,1.0
2024-10-22 00:00:00+00:00,166.82,167.47,164.67,164.7,11958617,165.8633111466,166.5095834895,163.7256410893,163.7554690436,11958617,0.0,1.0
2024-10-23 00:00:00+00:00,164.48,167.6,163.6325,166.43,12754283,163.5367307121,166.6388379581,162.6940910035,165.4755477409,12754283,0.0,1.0
2024-10-24 00:00:00+00:00,164.53,165.05,162.77,164.59,12764430,163.5864439693,164.1034618436,161.8365373177,163.6460998778,12764430,0.0,1.0
2024-10-25 00:00:00+00:00,166.99,167.4,165.23,165.365,14566410,166.0323362209,166.4399849295,164.2824295693,164.4166553636,14566410,0.0,1.0
2024-10-28 00:00:00+00:00,168.34,170.606,165.79,170.59,20858254,167.3745941639,169.6275989778,164.8392180494,169.6116907355,20858254,0.0,1.0
2024-10-29 00:00:00+00:00,171.14,171.86,168.66,169.385,28916106,170.1585365641,170.8744074671,167.6927590096,168.4136012383,28916106,0.0,1.0
2024-10-30 00:00:00+00:00,176.14,183.79,175.7451,182.41,49698313,175.1298622789,182.7359906224,174.7372269739,181.3639047252,49698313,0.0,1.0
2024-10-31 00:00:00+00:00,172.69,178.42,172.56,174.72,32801898,171.6996475357,177.3967868048,171.5703930671,173.7180057759,32801898,0.0,1.0
2024-11-01 00:00:00+00:00,172.65,173.82,170.31,171.54,21752859,171.65987693,172.8231671472,169.3332964955,170.5562426213,21752859,0.0,1.0
2024-11-04 00:00:00+00:00,170.68,171.92,169.485,171.24,16193994,169.7011745984,170.9340633756,168.5130277526,170.2579630784,16193994,0.0,1.0
2024-11-05 00:00:00+00:00,171.41,172.0973,170.37,170.83,12518282,170.4269881527,171.1103465855,169.3929524041,169.8503143698,12518282,0.0,1.0
2024-11-06 00:00:00+00:00,178.33,178.64,175.04,175.35,27061510,177.3073029419,177.6155251363,174.0361706216,174.344392816,27061510,0.0,1.0
2024-11-07 00:00:00+00:00,182.28,182.58,178.89,179.11,16730407,181.2346502566,181.5329297995,177.864091422,178.0828297534,16730407,0.0,1.0
2024-11-08 00:00:00+00:00,179.86,182.35,179.57,182.0,15021549,178.8285286107,181.3042488166,178.5401917192,180.9562560166,15021549,0.0,1.0
2024-11-11 00:00:00+00:00,181.97,182.085,179.99,180.07,12503422,180.9264280623,181.0407685537,178.9577830792,179.0373242907,12503422,0.0,1.0
2024-11-12 00:00:00+00:00,183.32,184.025,180.99,181.38,14065845,182.2686860053,182.969642931,179.9520482222,180.3398116279,14065845,0.0,1.0
2024-11-13 00:00:00+00:00,180.49,182.615,180.12,182.15,13969709,179.4549156507,181.5677290795,179.0870375478,181.105395788,13969709,0.0,1.0
2024-11-14 00:00:00+00:00,177.35,180.445,176.03,179.75,17925763,176.3329231019,179.4101737193,175.0204931132,178.7191594449,17925763,0.0,1.0
2024-11-15 00:00:00+00:00,173.89,175.88,172.745,175.64,21708870,172.8927657073,174.8713533417,171.7543321186,174.6327297074,21708870,0.0,1.0
2024-11-18 00:00:00+00:00,176.8,176.91,174.42,174.955,18725422,175.7860772732,175.895446439,173.419726233,173.9516580845,18725422,0.0,1.0
2024-11-19 00:00:00+00:00,179.58,180.17,175.116,175.235,15392866,178.5501343706,179.136750805,174.1117347725,174.2300523245,15392866,0.0,1.0
2024-11-20 00:00:00+00:00,177.33,179.11,175.33,178.83,15729806,176.313037799,178.0828297534,174.3245075131,177.8044355134,15729806,0.0,1.0
2024-11-21 00:00:00+00:00,169.24,175.58,165.31,175.455,38839431,168.2694327925,174.5730737988,164.3619707808,174.448790656,38839431,0.0,1.0
2024-11-22 00:00:00+00:00,166.57,168.2645,165.71,167.16,24497042,165.6147448609,167.2995271456,164.7596768379,166.2013612952,24497042,0.0,1.0
2024-11-25 00:00:00+00:00,169.43,170.46,167.4,167.99,21395652,168.4583431697,169.4824362669,166.4399849295,167.0266013639,21395652,0.0,1.0
2024-11-26 00:00:00+00:00,170.62,171.495,169.43,169.49,14937478,169.6415186898,170.5115006899,168.4583431697,168.5179990783,14937478,0.0,1.0
2024-11-27 00:00:00+00:00,170.82,171.14,169.67,170.68,12433371,169.8403717184,170.1585365641,168.696966804,169.7011745984,12433371,0.0,1.0
2024-11-29 00:00:00+00:00,170.49,170.87,168.75,170.06,9250712,169.5122642212,169.8900849756,167.7822428725,169.0847302098,9250712,0.0,1.0
2024-12-02 00:00:00+00:00,172.98,173.6,170.27,170.32,16593444,171.9879844272,172.6044288158,169.2935258898,169.3432391469,16593444,0.0,1.0
2024-12-03 00:00:00+00:00,173.02,174.32,172.51,173.12,15721483,172.0277550329,173.3202997187,171.52067981,172.1271815472,15721483,0.0,1.0
2024-12-04 00:00:00+00:00,176.09,176.43,172.75,172.78,18239842,175.0801490217,175.4181991703,171.7593034443,171.7891313986,18239842,0.0,1.0
2024-12-05 00:00:00+00:00,174.31,177.71,174.01,177.32,16145520,173.3103570673,176.6908585533,173.0120775244,176.3030951476,16145520,0.0,1.0
2024-12-06 00:00:00+00:00,176.49,176.8389,173.55,173.88,13319549,175.4778550789,175.8247541873,172.5547155587,172.8828230558,13319549,0.0,1.0
2024-12-09 00:00:00+00:00,177.1,178.04,175.4,175.715,19887786,176.2832098447,177.2188745384,174.5910502923,174.9045975035,19887786,0.2,1.0
2024-12-10 00:00:00+00:00,186.53,188.03,182.67,184.535,34317438,185.6697184209,187.1628003789,181.8275208489,183.6839194167,34317438,0.0,1.0
2024-12-11 00:00:00+00:00,196.71,196.89,186.26,186.7,41664489,195.802767976,195.981937811,185.4009636684,185.8389343761,41664489,0.0,1.0
2024-12-12 00:00:00+00:00,193.63,196.7053,193.28,196.3,25197757,192.7369730222,195.7980896525,192.388587232,195.3946589075,25197757,0.0,1.0
2024-12-13 00:00:00+00:00,191.38,194.34,191.26,192.71,18883217,190.4973500852,193.4436984823,190.3779035285,191.8212160879,18883217,0.0,1.0
2024-12-16 00:00:00+00:00,198.16,200.64,194.11,194.365,32248640,197.2460805354,199.7146427061,193.2147592488,193.4685831816,32248640,0.0,1.0
2024-12-17 00:00:00+00:00,197.12,202.88,196.69,198.53,24129481,196.2108770445,201.9443117634,195.7828602166,197.6143740851,24129481,0.0,1.0
2024-12-18 00:00:00+00:00,190.15,198.6899,189.28,196.83,27638416,189.2730228796,197.7735366218,188.4070353439,195.9222145327,27638416,0.0,1.0
2024-12-19 00:00:00+00:00,189.7,194.6,189.52,193.28,26981196,188.8250982922,193.7024993551,188.6459284572,192.388587232,26981196,0.0,1.0
2024-12-20 00:00:00+00:00,192.96,194.1354,186.37,187.01,45319703,192.0700630809,193.2400421033,185.5104563453,186.1475046474,45319703,0.0,1.0
2024-12-23 00:00:00+00:00,195.99,196.49,191.63,194.03,15235942,195.0860886362,195.5837826222,190.7461970782,193.135128211,15235942,0.0,1.0
2024-12-24 00:00:00+00:00,197.57,197.67,195.1979,196.17,6809823,196.658801632,196.7583404292,194.2976418235,195.2652584711,6809823,0.0,1.0
2024-12-26 00:00:00+00:00,197.1,198.16,195.87,196.74,7918434,196.1909692851,197.2460805354,194.9666420795,195.8326296152,7918434,0.0,1.0
2024-12-27 00:00:00+00:00,194.04,196.8,191.972,196.47,14692994,193.1450820907,195.8923528935,191.0866197646,195.5638748627,14692994,0.0,1.0
2024-12-30 00:00:00+00:00,192.69,193.78,190.36,190.865,12209534,191.8013083285,192.886281218,189.4820543537,189.9847252796,12209534,0.0,1.0
2024-12-31 00:00:00+00:00,190.44,193.25,189.58,192.445,14355221,189.5616853915,192.3587255928,188.7056517355,191.5574382754,14355221,0.0,1.0
