date,close,high,low,open,volume,adjClose,adjHigh,adjLow,adjOpen,adjVolume,divCash,splitFactor
2020-01-02 00:00:00+00:00,160.62,160.73,158.33,158.78,22634546,152.1471089795,152.2513063521,149.9779091316,150.4041711105,22634546,0.0,1.0
2020-01-03 00:00:00+00:00,158.62,159.95,158.06,158.32,21121681,150.2526112958,151.5124522554,149.7221519443,149.9684366432,21121681,0.0,1.0
2020-01-06 00:00:00+00:00,159.03,159.1,156.51,157.08,20826702,150.6409833209,150.7072907399,148.2539162395,148.7938480793,20826702,0.0,1.0
2020-01-07 00:00:00+00:00,157.58,159.67,157.32,159.32,21881740,149.2674725002,151.2472225797,149.0211878014,150.9156854851,21881740,0.0,1.0
2020-01-08 00:00:00+00:00,160.09,160.8,157.95,158.93,27762026,151.6450670933,152.317613771,149.6179545717,150.5462584368,27762026,0.0,1.0
2020-01-09 00:00:00+00:00,162.09,162.22,161.03,161.84,21399951,153.539564777,153.6627071265,152.5354810047,153.3027525666,21399951,0.0,1.0
2020-01-10 00:00:00+00:00,161.34,163.22,161.18,162.82,20733946,152.8291281456,154.6099559683,152.6775683309,154.2310564316,20733946,0.0,1.0
2020-01-13 00:00:00+00:00,163.28,163.31,161.26,161.76,18666414,154.6667908988,154.6952083641,152.7533482383,153.2269726592,18666414,0.0,1.0
2020-01-14 00:00:00+00:00,162.13,163.6,161.72,163.39,23500783,153.5774547307,154.9699105282,153.1890827055,154.7709882714,23500783,0.0,1.0
2020-01-15 00:00:00+00:00,163.18,163.94,162.57,162.62,21417871,154.5720660147,155.2919751345,153.9942442211,154.0416066632,21417871,0.0,1.0
2020-01-16 00:00:00+00:00,166.17,166.24,164.03,164.35,23865360,157.4043400518,157.4706474707,155.3772275302,155.6803471596,23865360,0.0,1.0
2020-01-17 00:00:00+00:00,167.1,167.47,165.43,167.42,34371659,158.2852814747,158.6357635462,156.7033759088,158.5884011041,34371659,0.0,1.0
2020-01-21 00:00:00+00:00,166.5,168.19,166.43,166.68,29223486,157.7169321696,159.3177827124,157.6506247507,157.8874369612,29223486,0.0,1.0
2020-01-22 00:00:00+00:00,165.7,167.49,165.68,167.4,24138777,156.9591330961,158.6547085231,156.9401881193,158.5694561273,24138777,0.0,1.0
2020-01-23 00:00:00+00:00,166.72,166.8,165.27,166.19,19680766,157.9253269148,158.0011068222,156.5518160941,157.4232850287,19680766,0.0,1.0
2020-01-24 00:00:00+00:00,165.04,167.53,164.45,167.51,24918117,156.3339488605,158.6925984767,155.7750720438,158.6736534999,24918117,0.0,1.0
2020-01-27 00:00:00+00:00,162.28,163.38,160.2,161.15,32078067,153.719542057,154.761515783,151.7492644659,152.6491508657,32078067,0.0,1.0
2020-01-28 00:00:00+00:00,165.46,165.76,163.07,163.78,24899940,156.7317933741,157.0159680267,154.4678686421,155.1404153198,24899940,0.0,1.0
2020-01-29 00:00:00+00:00,168.04,168.75,165.69,167.84,35127771,159.1756953861,159.8482420638,156.9496606077,158.9862456177,35127771,0.0,1.0
2020-01-30 00:00:00+00:00,172.78,174.05,170.79,174.05,51597470,163.6656548965,164.8686609257,161.7806297012,164.8686609257,51597470,0.0,1.0
2020-01-31 00:00:00+00:00,170.23,172.4,169.58,172.21,36142690,161.2501703498,163.3057003366,160.6344586026,163.1257230566,36142690,0.0,1.0
2020-02-03 00:00:00+00:00,174.38,174.5,170.4,170.43,30149052,165.1812530435,165.2949229045,161.4112026529,161.4396201181,30149052,0.0,1.0
2020-02-04 00:00:00+00:00,180.12,180.64,176.31,177.14,36433339,170.6184613958,171.1110307935,167.0094433083,167.795659847,36433339,0.0,1.0
2020-02-05 00:00:00+00:00,179.9,184.2,178.41,184.03,39186324,170.4100666505,174.4832366705,168.9986658762,174.3222043674,39186324,0.0,1.0
2020-02-06 00:00:00+00:00,183.63,183.82,180.06,180.97,27751381,173.9433048307,174.1232821106,170.5616264652,171.4236229113,27751381,0.0,1.0
2020-02-07 00:00:00+00:00,183.89,185.63,182.48,182.85,33529074,174.1895895296,175.8378025144,172.8539686625,173.204450734,33529074,0.0,1.0
2020-02-10 00:00:00+00:00,188.7,188.84,183.25,183.58,35844267,178.7458564589,178.8784712968,173.5833502708,173.8959423886,35844267,0.0,1.0
2020-02-11 00:00:00+00:00,184.44,190.7,183.5,190.65,53159906,174.7105763926,180.6403541426,173.8201624812,180.5929917005,53159906,0.0,1.0
2020-02-12 00:00:00+00:00,184.71,185.85,181.85,185.58,47062921,174.9663335799,176.0461972596,172.2572018922,175.7904400723,47062921,0.0,1.0
2020-02-13 00:00:00+00:00,183.71,186.23,182.87,183.08,35295834,174.019084738,176.4061518195,173.2233957109,173.4223179677,35295834,0.0,1.0
2020-02-14 00:00:00+00:00,185.35,185.41,182.65,183.25,23149516,175.5725728387,175.6294077692,173.0150009657,173.5833502708,23149516,0.0,1.0
2020-02-18 00:00:00+00:00,187.23,187.7,185.5,185.61,27853113,177.3534006614,177.7986076171,175.714660165,175.8188575376,27853113,0.0,1.0
2020-02-19 00:00:00+00:00,187.28,188.18,186.47,188.06,29997471,177.8838600128,178.7387055597,177.1144990207,178.6247261534,29997471,0.51,1.0
2020-02-20 00:00:00+00:00,184.42,187.25,181.1,186.95,36862376,175.1673508307,177.8553651613,172.0139205912,177.5704166456,36862376,0.0,1.0
2020-02-21 00:00:00+00:00,178.59,183.5,177.25,183.17,48600385,169.6298513439,174.2935087161,168.3570813075,173.9800653489,48600385,0.0,1.0
2020-02-24 00:00:00+00:00,170.89,174.55,163.23,167.77,68311066,162.3161727765,165.792544667,155.0404873446,159.3527082142,68311066,0.0,1.0
2020-02-25 00:00:00+00:00,168.07,174.84,167.65,174.2,68073295,159.6376567298,166.0679948988,159.2387288079,165.4601047321,68073295,0.0,1.0
2020-02-26 00:00:00+00:00,170.17,173.26,168.21,169.71,56387148,161.6322963391,164.5672660499,159.7706327037,161.1953752818,56387148,0.0,1.0
2020-02-27 00:00:00+00:00,158.18,167.03,157.98,163.32,93174906,150.2438539984,158.649835209,150.0538883214,155.1259718993,93174906,0.0,1.0
2020-02-28 00:00:00+00:00,162.01,163.71,152.0,152.41,97073557,153.8816967144,155.4964049696,144.3739145768,144.7633442148,97073557,0.0,1.0
2020-03-02 00:00:00+00:00,172.79,172.92,162.31,165.31,71030810,164.1208467088,164.2443243989,154.16664523,157.0161303862,71030810,0.0,1.0
2020-03-03 00:00:00+00:00,164.51,175.0,162.26,173.8,71677019,156.2562676779,166.2199674404,154.1191538108,165.080173378,71677019,0.0,1.0
2020-03-04 00:00:00+00:00,170.55,170.7,165.62,168.49,49814383,161.9932311255,162.1357053833,157.3105771856,160.0365846516,49814383,0.0,1.0
2020-03-05 00:00:00+00:00,166.27,170.87,165.69,166.05,47817251,157.9279656361,162.2971762088,157.3770651726,157.7190033913,47817251,0.0,1.0
2020-03-06 00:00:00+00:00,161.57,163.11,156.0,162.61,72821057,153.4637722249,154.9265079383,148.1732281183,154.4515937456,72821057,0.0,1.0
2020-03-09 00:00:00+00:00,150.62,157.75,150.0,151.0,70419274,143.063151405,149.8354277927,142.4742578061,143.4240861915,70419274,0.0,1.0
2020-03-10 00:00:00+00:00,160.92,161.03,152.58,158.16,65354385,152.8463837744,152.9508648968,144.9248150403,150.2248574307,65354385,0.0,1.0
2020-03-11 00:00:00+00:00,153.63,157.7,151.15,157.13,56504304,145.922134845,149.7879363735,143.5665604493,149.2465341938,56504304,0.0,1.0
2020-03-12 00:00:00+00:00,139.06,153.47,138.58,145.3,93226366,132.0831352701,145.7701623033,131.6272176451,138.0100643948,93226366,0.0,1.0
2020-03-13 00:00:00+00:00,158.83,161.91,140.73,147.5,92727446,150.8612424489,153.7867138759,133.6693486737,140.0996868426,92727446,0.0,1.0
2020-03-16 00:00:00+00:00,135.42,149.35,135.0,140.0,87905868,128.6257599473,141.8568693556,128.2268320255,132.9759739523,87905868,0.0,1.0
2020-03-17 00:00:00+00:00,146.57,147.5,135.0,140.0,81059817,139.2163464443,140.0996868426,128.2268320255,132.9759739523,81059817,0.0,1.0
2020-03-18 00:00:00+00:00,140.4,146.0,135.02,138.0,81593173,133.3559053065,138.6749442646,128.2458285932,131.0763171816,81593173,0.0,1.0
2020-03-19 00:00:00+00:00,142.71,150.15,139.0,142.77,85922661,135.5500088767,142.6167320639,132.026145567,135.6069985798,85922661,0.0,1.0
2020-03-20 00:00:00+00:00,137.35,147.1,135.86,146.0,84866215,130.4589287311,139.7197554885,129.0436844369,138.6749442646,84866215,0.0,1.0
2020-03-23 00:00:00+00:00,135.98,140.57,132.52,137.01,78975176,129.1576638431,133.517376132,125.8712576297,130.1359870801,78975176,0.0,1.0
2020-03-24 00:00:00+00:00,148.34,149.6,141.27,143.75,82516727,140.8975426864,142.0943264519,134.1822560018,136.5378303975,82516727,0.0,1.0
2020-03-25 00:00:00+00:00,146.92,154.33,144.44,148.91,75638224,139.5487863791,146.5870147148,137.1932119834,141.438944866,75638224,0.0,1.0
2020-03-26 00:00:00+00:00,156.11,156.66,148.37,148.4,64694427,148.2777092407,148.8001148527,140.9260375379,140.9545323895,64694427,0.0,1.0
2020-03-27 00:00:00+00:00,149.7,154.89,149.2,151.75,57042291,142.1893092905,147.1189186106,141.7143950978,144.1364574805,57042291,0.0,1.0
2020-03-30 00:00:00+00:00,160.23,160.6,150.01,152.44,63420326,152.1910021885,152.542438691,142.4837560899,144.7918390664,63420326,0.0,1.0
2020-03-31 00:00:00+00:00,157.71,164.78,156.56,159.4,77927186,149.7974346573,156.5127213419,148.7051320141,151.4026446286,77927186,0.0,1.0
2020-04-01 00:00:00+00:00,152.11,157.75,150.82,153.0,57969926,144.4783956992,149.8354277927,143.2531170821,145.3237429622,57969926,0.0,1.0
2020-04-02 00:00:00+00:00,155.26,155.48,150.36,151.86,49630735,147.4703551131,147.6793173579,142.8161960248,144.2409386029,49630735,0.0,1.0
2020-04-03 00:00:00+00:00,153.83,157.38,152.19,155.1,41243284,146.1121005221,149.4839912901,144.5543819701,147.3183825715,41243284,0.0,1.0
2020-04-06 00:00:00+00:00,165.27,166.5,157.58,160.32,67111697,156.9781372507,158.1464261648,149.6739569672,152.2764867431,67111697,0.0,1.0
2020-04-07 00:00:00+00:00,163.49,170.0,163.26,169.59,62769038,155.2874427248,161.4708255136,155.0689821961,161.0813958756,62769038,0.0,1.0
2020-04-08 00:00:00+00:00,165.13,166.67,163.5,165.67,48318234,156.8451612768,158.3078969903,155.2969410086,157.3580686049,48318234,0.0,1.0
2020-04-09 00:00:00+00:00,165.14,167.37,163.33,166.36,51431775,156.8546595606,158.97277686,155.1354701831,158.0134501908,51431775,0.0,1.0
2020-04-13 00:00:00+00:00,165.51,165.57,162.3,164.35,41905264,157.2060960632,157.2630857664,154.1571469462,156.1042951362,41905264,0.0,1.0
2020-04-14 00:00:00+00:00,173.7,173.75,168.0,169.0,52874338,164.9851905394,165.0326819587,159.5711687428,160.5209971282,52874338,0.0,1.0
2020-04-15 00:00:00+00:00,171.88,173.57,169.24,171.2,40940833,163.2565028781,164.8617128493,160.7489559407,162.610619576,40940833,0.0,1.0
2020-04-16 00:00:00+00:00,177.04,177.28,172.9,174.3,50479610,168.1576173466,168.3855761591,164.2253278311,165.5550875707,50479610,0.0,1.0
2020-04-17 00:00:00+00:00,178.6,180.0,175.87,179.5,52765625,169.6393496278,170.9691093673,167.0463181357,170.4941951746,52765625,0.0,1.0
2020-04-20 00:00:00+00:00,175.06,178.75,174.99,176.63,36669595,166.2769571436,169.7818238856,166.2104691566,167.7681877086,36669595,0.0,1.0
2020-04-21 00:00:00+00:00,167.82,173.67,166.11,173.5,56203749,159.4001996334,164.9566956879,157.7759930945,164.7952248624,56203749,0.0,1.0
2020-04-22 00:00:00+00:00,173.52,174.0,170.82,171.39,34651604,164.8142214301,165.2701390551,162.2496847896,162.7910869692,34651604,0.0,1.0
2020-04-23 00:00:00+00:00,171.42,175.06,170.91,174.11,32790804,162.8195818208,166.2769571436,162.3351693443,165.3746201774,32790804,0.0,1.0
2020-04-24 00:00:00+00:00,174.55,174.56,170.71,172.06,34305320,165.792544667,165.8020429509,162.1452036672,163.4274719874,34305320,0.0,1.0
2020-04-27 00:00:00+00:00,174.05,176.9,173.3,176.59,33194384,165.3176304743,168.0246413726,164.6052591853,167.7301945732,33194384,0.0,1.0
2020-04-28 00:00:00+00:00,169.81,175.67,169.39,175.59,34392694,161.2903581203,166.8563524586,160.8914301985,166.7803661878,34392694,0.0,1.0
2020-04-29 00:00:00+00:00,177.43,177.68,171.88,173.22,51286559,168.5280504169,168.7655075132,163.2565028781,164.5292729145,51286559,0.0,1.0
2020-04-30 00:00:00+00:00,179.21,180.4,176.23,180.0,53875857,170.2187449429,171.3490407214,167.3882563544,170.9691093673,53875857,0.0,1.0
2020-05-01 00:00:00+00:00,174.57,178.64,174.01,175.8,39370474,165.8115412347,169.6773427632,165.2796373389,166.9798301487,39370474,0.0,1.0
2020-05-04 00:00:00+00:00,178.84,179.0,173.8,174.49,30372862,169.8673084403,170.0192809819,165.080173378,165.7355549639,30372862,0.0,1.0
2020-05-05 00:00:00+00:00,180.76,183.65,179.9,180.62,36839168,171.6909789402,174.4359829739,170.8741265288,171.5580029662,36839168,0.0,1.0
2020-05-06 00:00:00+00:00,182.54,184.2,181.63,182.08,32139299,173.3816734662,174.9583885859,172.5173296355,172.9447524089,32139299,0.0,1.0
2020-05-07 00:00:00+00:00,183.6,184.55,182.58,184.17,28315992,174.3884915546,175.2908285208,173.4196666016,174.9298937343,28315992,0.0,1.0
2020-05-08 00:00:00+00:00,184.68,185.0,183.36,184.98,30912638,175.4143062108,175.7182512942,174.1605327422,175.6992547265,30912638,0.0,1.0
2020-05-11 00:00:00+00:00,186.74,187.51,182.85,183.15,30892660,177.3709526847,178.1023205415,173.6761202656,173.9610687812,30892660,0.0,1.0
2020-05-12 00:00:00+00:00,182.51,187.04,182.3,186.8,32038199,173.3531786146,177.6559012003,173.1537146537,177.4279423878,32038199,0.0,1.0
2020-05-13 00:00:00+00:00,179.75,184.05,176.54,182.55,44711488,170.731652271,174.8159143281,167.6827031539,173.39117175,44711488,0.0,1.0
2020-05-14 00:00:00+00:00,180.53,180.69,175.68,177.54,41873911,171.4725184115,171.6244909532,166.8658507425,168.6325315393,41873911,0.0,1.0
2020-05-15 00:00:00+00:00,183.16,187.06,177.0,179.06,46610382,173.9705670651,177.674897768,168.1196242112,170.076270685,46610382,0.0,1.0
2020-05-18 00:00:00+00:00,184.91,186.2,183.96,185.75,35306620,175.6327667395,176.8580453566,174.7304297734,176.4306225832,35306620,0.0,1.0
2020-05-19 00:00:00+00:00,183.63,186.6,183.49,185.03,26799116,174.4169864062,177.2379767108,174.2840104323,175.7467461457,26799116,0.0,1.0
2020-05-20 00:00:00+00:00,185.66,185.85,183.94,184.81,31261334,176.8295505051,177.0105136344,175.1913579656,176.0199786106,31261334,0.51,1.0
2020-05-21 00:00:00+00:00,183.43,186.67,183.29,185.4,29032741,174.7056148289,177.7915124032,174.5722735757,176.5819167491,29032741,0.0,1.0
2020-05-22 00:00:00+00:00,183.51,184.46,182.54,183.19,20826898,174.7818098308,175.6866254776,173.8579454336,174.4770298234,20826898,0.0,1.0
2020-05-26 00:00:00+00:00,181.57,186.5,181.1,186.34,36073609,172.9340810363,177.6295980243,172.4864354005,177.4772080206,36073609,0.0,1.0
2020-05-27 00:00:00+00:00,181.81,181.99,176.6,180.2,39517146,173.1626660418,173.3341047959,168.2004665474,171.6292416299,39517146,0.0,1.0
2020-05-28 00:00:00+00:00,181.4,184.15,180.38,180.74,33831824,172.7721666574,175.3913698454,171.800680384,172.1435578923,33831824,0.0,1.0
2020-05-29 00:00:00+00:00,183.25,184.27,180.41,182.73,42146720,174.5341760748,175.5056623482,171.8292535097,174.0389085629,42146720,0.0,1.0
2020-06-01 00:00:00+00:00,182.83,183.0,181.46,182.54,22668821,174.1341523152,174.2960666941,172.8293129088,173.8579454336,22668821,0.0,1.0
2020-06-02 00:00:00+00:00,184.91,185.0,181.35,184.25,30794585,176.1152223629,176.2009417399,172.7245447813,175.4866135977,30794585,0.0,1.0
2020-06-03 00:00:00+00:00,185.36,185.94,183.58,184.82,27311016,176.5438192482,177.0962330115,174.8484804574,176.0295029858,27311016,0.0,1.0
2020-06-04 00:00:00+00:00,182.92,185.84,182.3,184.3,28761809,174.2198716923,177.0009892592,173.6293604281,175.5342354739,28761809,0.0,1.0
2020-06-05 00:00:00+00:00,187.2,187.73,182.01,182.62,39893643,178.2963042904,178.8010961775,173.3531535464,173.9341404354,39893643,0.0,1.0
2020-06-08 00:00:00+00:00,188.36,188.55,184.44,185.94,33211590,179.4011318169,179.5820949463,175.6675767271,177.0962330115,33211590,0.0,1.0
2020-06-09 00:00:00+00:00,189.8,190.7,187.26,188.0,29783916,180.7726418499,181.6298356206,178.3534505417,179.0582543087,29783916,0.0,1.0
2020-06-10 00:00:00+00:00,196.84,198.52,191.01,191.13,43872329,187.4778020113,189.0778970498,181.9250912527,182.0393837554,43872329,0.0,1.0
2020-06-11 00:00:00+00:00,186.27,195.76,186.07,193.13,52854672,177.410537394,186.4491694865,177.2200498895,183.9442588013,52854672,0.0,1.0
2020-06-12 00:00:00+00:00,187.74,191.72,185.18,190.54,43373587,178.8106205527,182.6013218939,176.3723804941,181.4774456169,43373587,0.0,1.0
2020-06-15 00:00:00+00:00,188.94,190.82,184.01,184.58,32770189,179.9535455802,181.7441281233,175.2580285922,175.8009179803,32770189,0.0,1.0
2020-06-16 00:00:00+00:00,193.57,195.58,191.46,192.89,42556656,184.3633313113,186.2777307324,182.353688138,183.7156737958,42556656,0.0,1.0
2020-06-17 00:00:00+00:00,194.24,196.32,193.69,195.03,25687822,185.0014644517,186.9825344994,184.4776238141,185.7538900948,25687822,0.0,1.0
2020-06-18 00:00:00+00:00,196.32,196.49,194.0,194.0,23061648,186.9825344994,187.1444488783,184.7728794462,184.7728794462,23061648,0.0,1.0
2020-06-19 00:00:00+00:00,195.15,199.29,194.37,198.59,44441141,185.8681825976,189.8112739424,185.1252813297,189.1445676764,44441141,0.0,1.0
2020-06-22 00:00:00+00:00,200.57,200.76,195.23,195.79,32818929,191.0303939718,191.2113571011,185.9443775994,186.4777426122,32818929,0.0,1.0
2020-06-23 00:00:00+00:00,201.91,203.95,201.43,202.09,30917447,192.3066602525,194.2496327992,191.8494902415,192.4780990066,30917447,0.0,1.0
2020-06-24 00:00:00+00:00,197.84,203.25,196.56,201.6,36740647,188.4302395342,193.5829265332,187.2111195049,192.0114046204,36740647,0.0,1.0
2020-06-25 00:00:00+00:00,200.34,200.61,195.47,197.8,27803933,190.8113333415,191.0684914727,186.1729626049,188.3921420333,27803933,0.0,1.0
2020-06-26 00:00:00+00:00,196.33,199.89,194.88,199.73,54675780,186.9920588746,190.3827364562,185.6110244664,190.2303464525,54675780,0.0,1.0
2020-06-29 00:00:00+00:00,198.44,198.53,193.55,195.78,26701586,189.001702048,189.087421425,184.3442825609,186.468218237,26701586,0.0,1.0
2020-06-30 00:00:00+00:00,203.51,204.4,197.74,197.88,34310283,193.8305602892,194.6782296845,188.3349957819,188.4683370351,34310283,0.0,1.0
2020-07-01 00:00:00+00:00,204.7,206.35,201.77,203.14,32071431,194.9639609414,196.5354828542,192.1733189993,193.4781584057,32071431,0.0,1.0
2020-07-02 00:00:00+00:00,206.26,208.02,205.0,205.68,29322547,196.4497634772,198.1260535175,195.2496921983,195.8973497139,29322547,0.0,1.0
2020-07-06 00:00:00+00:00,210.7,211.13,208.09,208.83,32033747,200.6785860789,201.0881342138,198.1927241441,198.8975279111,32033747,0.0,1.0
2020-07-07 00:00:00+00:00,208.25,214.67,207.99,210.45,33600749,198.3451141478,204.4597630449,198.0974803918,200.4404766982,33600749,0.0,1.0
2020-07-08 00:00:00+00:00,212.83,213.26,208.69,210.07,33602226,202.7072780028,203.1168261376,198.7641866579,200.0785504395,33602226,0.0,1.0
2020-07-09 00:00:00+00:00,214.32,216.38,211.47,216.33,33122280,204.1264099119,206.0884312091,201.4119629716,206.040809333,33122280,0.0,1.0
2020-07-10 00:00:00+00:00,213.67,214.08,211.08,213.62,26178663,203.507325522,203.8978249064,201.0405123376,203.4597036459,26178663,0.0,1.0
2020-07-13 00:00:00+00:00,207.07,215.8,206.5,214.48,38135816,197.2212378707,205.5360174458,196.6783484827,204.2787999156,38135816,0.0,1.0
2020-07-14 00:00:00+00:00,208.35,208.85,202.03,206.13,37598121,198.4403579001,198.9165766615,192.4209527552,196.3259465992,37598121,0.0,1.0
2020-07-15 00:00:00+00:00,208.04,211.33,205.03,209.56,32248893,198.145102268,201.2786217184,195.278265324,199.5928073028,32248893,0.0,1.0
2020-07-16 00:00:00+00:00,203.92,205.7,202.31,205.4,29940718,194.2210596735,195.9163984643,192.6876352617,195.6306672075,29940718,0.0,1.0
2020-07-17 00:00:00+00:00,202.88,205.04,201.39,204.47,31636070,193.2305246497,195.2877896992,191.8113927406,194.7449003112,31636070,0.0,1.0
2020-07-20 00:00:00+00:00,211.6,212.3,203.01,205.0,36386080,201.5357798496,202.2024861156,193.3543415277,195.2496921983,36386080,0.0,1.0
2020-07-21 00:00:00+00:00,208.75,213.94,208.03,213.66,37702523,198.8213329092,203.7644836532,198.1355778927,203.4978011468,37702523,0.0,1.0
2020-07-22 00:00:00+00:00,211.75,212.3,208.39,209.2,49605692,201.678645478,202.2024861156,198.478455401,199.2499297946,49605692,0.0,1.0
2020-07-23 00:00:00+00:00,202.54,210.92,202.15,207.19,67457035,192.9066958919,200.888122334,192.535245258,197.3355303735,67457035,0.0,1.0
2020-07-24 00:00:00+00:00,201.3,202.86,197.51,200.42,39826989,191.7256733635,193.2114758993,188.1159351516,190.8875283433,39826989,0.0,1.0
2020-07-27 00:00:00+00:00,203.85,203.97,200.86,201.47,30160867,194.1543890469,194.2686815497,191.3066008534,191.8875877424,30160867,0.0,1.0
2020-07-28 00:00:00+00:00,202.02,204.7,201.74,203.61,23251388,192.41142838,194.9639609414,192.1447458736,193.9258040414,23251388,0.0,1.0
2020-07-29 00:00:00+00:00,204.06,204.65,202.01,202.5,19632602,194.3544009268,194.9163390653,192.4019040048,192.868598391,19632602,0.0,1.0
2020-07-30 00:00:00+00:00,203.9,204.46,199.57,201.0,25079596,194.2020109231,194.7353759359,190.0779564489,191.4399421066,25079596,0.0,1.0
2020-07-31 00:00:00+00:00,205.01,205.1,199.01,204.4,51247969,195.2592165735,195.3449359506,189.544591436,194.6782296845,51247969,0.0,1.0
2020-08-03 00:00:00+00:00,216.54,217.64,210.44,211.52,78983009,206.2408212128,207.288502488,200.430952323,201.4595848477,78983009,0.0,1.0
2020-08-04 00:00:00+00:00,213.29,214.77,210.31,214.17,49280056,203.1453992633,204.5550067972,200.307135445,203.9835442835,49280056,0.0,1.0
2020-08-05 00:00:00+00:00,212.94,215.0,211.57,214.9,28858621,202.8120461303,204.7740674275,201.5072067239,204.6788236752,28858621,0.0,1.0
2020-08-06 00:00:00+00:00,216.35,216.3705,211.55,212.34,32656843,206.0598580834,206.0793830526,201.4881579734,202.2405836165,32656843,0.0,1.0
2020-08-07 00:00:00+00:00,212.48,215.7,210.93,214.85,27820421,202.3739248697,205.4407736935,200.8976467092,204.631201799,27820421,0.0,1.0
2020-08-10 00:00:00+00:00,208.25,211.88,206.35,211.67,36716462,198.3451141478,201.802462356,196.5354828542,201.6024504762,36716462,0.0,1.0
2020-08-11 00:00:00+00:00,203.38,207.65,203.14,207.155,36446459,193.7067434112,197.773651634,193.4781584057,197.3021950602,36446459,0.0,1.0
2020-08-12 00:00:00+00:00,209.19,210.28,204.75,205.29,28041364,199.2404054193,200.2785623193,195.0115828176,195.5258990799,28041364,0.0,1.0
2020-08-13 00:00:00+00:00,208.7,211.35,208.15,209.44,22588870,198.7737110331,201.2976704688,198.2498703955,199.4785148001,22588870,0.0,1.0
2020-08-14 00:00:00+00:00,208.9,209.59,207.51,208.76,17958936,198.9641985377,199.6213804285,197.6403103808,198.8308572845,17958936,0.0,1.0
2020-08-17 00:00:00+00:00,210.28,211.1874,208.915,209.6,20063496,200.2785623193,201.1428041276,198.9784851005,199.6309048037,20063496,0.0,1.0
2020-08-18 00:00:00+00:00,211.49,212.36,209.21,210.53,21336167,201.431011722,202.259632367,199.2594541698,200.5166717,21336167,0.0,1.0
2020-08-19 00:00:00+00:00,209.7,212.1,209.25,211.49,27627561,200.2118916927,202.5033010397,199.7822524401,201.920901164,27627561,0.51,1.0
2020-08-20 00:00:00+00:00,214.58,215.0,208.91,209.54,26981478,204.8710906982,205.272087334,199.457636116,200.0591310696,26981478,0.0,1.0
2020-08-21 00:00:00+00:00,213.02,216.25,212.85,213.86,36249319,203.3816746227,206.4655297022,203.2193664606,204.1836678941,36249319,0.0,1.0
2020-08-24 00:00:00+00:00,213.69,215.52,212.43,214.79,25460147,204.0213597321,205.7685593591,202.8183698249,205.0715890161,25460147,0.0,1.0
2020-08-25 00:00:00+00:00,216.47,216.61,213.1,213.1,23043696,206.675575559,206.8092411042,203.4580549343,203.4580549343,23043696,0.0,1.0
2020-08-26 00:00:00+00:00,221.15,222.09,217.36,217.88,39600828,211.1438237856,212.0412924465,207.5253065252,208.0217785503,39600828,0.0,1.0
2020-08-27 00:00:00+00:00,226.58,231.15,219.4,222.89,57602195,216.3281374332,220.6913627314,209.4730044701,212.8050955622,57602195,0.0,1.0
2020-08-28 00:00:00+00:00,228.91,230.644,226.58,228.18,26292896,218.5527140075,220.2082572607,216.3281374332,217.8557436645,26292896,0.0,1.0
2020-08-31 00:00:00+00:00,225.53,228.7,224.31,227.0,28774156,215.3256458439,218.3522156897,214.1608460925,216.7291340689,28774156,0.0,1.0
2020-09-01 00:00:00+00:00,227.27,227.45,224.43,225.51,25791235,216.9869176204,217.1587733214,214.2754165598,215.306550766,25791235,0.0,1.0
2020-09-02 00:00:00+00:00,231.65,232.86,227.35,227.97,34080839,221.1687396787,222.3239918911,217.063297932,217.6552453466,34080839,0.0,1.0
2020-09-03 00:00:00+00:00,217.3,229.31,214.9602,229.27,58400288,207.4680212915,218.9346155654,205.234088129,218.8964254096,58400288,0.0,1.0
2020-09-04 00:00:00+00:00,214.25,218.3599,205.19,215.1,59664072,204.556021913,208.4799649444,195.9059516282,205.3675627234,59664072,0.0,1.0
2020-09-08 00:00:00+00:00,202.66,210.03,202.2,206.5,52924330,193.4904242749,200.5269604779,193.0512374834,197.1566792301,52924330,0.0,1.0
2020-09-09 00:00:00+00:00,211.29,214.8399,206.7,207.6,45678986,201.7299503851,205.1192312354,197.347630009,198.2069085141,45678986,0.0,1.0
2020-09-10 00:00:00+00:00,205.37,214.74,204.11,213.4,35461514,196.0778073292,205.0238513214,194.874817422,203.7444811026,35461514,0.0,1.0
2020-09-11 00:00:00+00:00,204.03,208.63,201.24,207.2,33620073,194.7984371105,199.1903050255,192.1346737446,197.8250069563,33620073,0.0,1.0
2020-09-14 00:00:00+00:00,205.41,209.2,204.03,204.24,30375768,196.115997485,199.7345147454,194.7984371105,194.9989354283,30375768,0.0,1.0
2020-09-15 00:00:00+00:00,208.78,209.78,206.93,208.42,21823942,199.3335181097,200.2882720043,197.5672234047,198.9898067076,21823942,0.0,1.0
2020-09-16 00:00:00+00:00,205.05,210.65,204.64,210.62,26372464,195.7722860829,201.1189078926,195.3808369862,201.0902652757,26372464,0.0,1.0
2020-09-17 00:00:00+00:00,202.91,204.33,199.96,200.05,34011257,193.7291127485,195.0848632788,190.9125887595,190.99851661,34011257,0.0,1.0
2020-09-18 00:00:00+00:00,200.39,203.65,196.25,202.8,55225326,191.3231329342,194.4356306305,187.3704518107,193.6240898201,55225326,0.0,1.0
2020-09-21 00:00:00+00:00,202.54,202.71,196.38,197.19,39839657,193.3758538075,193.5381619696,187.4945698169,188.2679204716,39839657,0.0,1.0
2020-09-22 00:00:00+00:00,207.42,208.1,202.075,205.06,33517065,198.0350528131,198.6842854614,192.9318932466,195.7818336219,33517065,0.0,1.0
2020-09-23 00:00:00+00:00,200.59,208.1,200.03,207.9,30803780,191.5140837131,198.6842854614,190.9794215322,198.4933346825,30803780,0.0,1.0
2020-09-24 00:00:00+00:00,203.19,205.57,199.2,199.85,31202493,193.996443839,196.2687581081,190.1869757997,190.8075658311,31202493,0.0,1.0
2020-09-25 00:00:00+00:00,207.82,209.04,202.54,203.55,29437312,198.4169543709,199.5817541223,193.3758538075,194.3401552411,29437312,0.0,1.0
2020-09-28 00:00:00+00:00,209.44,212.57,208.06,210.88,32004936,199.9636556801,202.9520353701,198.6460953056,201.3385012883,32004936,0.0,1.0
2020-09-29 00:00:00+00:00,207.26,210.07,206.81,209.35,24464472,197.8822921899,200.5651506337,197.4526529374,199.8777278296,24464472,0.0,1.0
2020-09-30 00:00:00+00:00,210.33,211.98,206.54,207.73,33829088,200.8133866463,202.3887305723,197.1948693858,198.3310265204,33829088,0.0,1.0
2020-10-01 00:00:00+00:00,212.46,213.99,211.32,213.49,27158418,202.8470124417,204.3077859004,201.7585930019,203.8304089532,27158418,0.0,1.0
2020-10-02 00:00:00+00:00,206.19,210.99,205.54,208.0,33154781,196.8607055227,201.4435242167,196.2401154913,198.5888100719,33154781,0.0,1.0
2020-10-05 00:00:00+00:00,210.38,210.41,206.98,207.22,21331561,200.861124341,200.8897669579,197.6149610995,197.8441020342,21331561,0.0,1.0
2020-10-06 00:00:00+00:00,205.91,210.18,204.82,208.82,28554261,196.5933744323,200.6701735621,195.5526926872,199.3717082655,28554261,0.0,1.0
2020-10-07 00:00:00+00:00,209.83,210.11,206.72,207.06,25681054,200.336009699,200.6033407895,197.3667250869,197.691341411,25681054,0.0,1.0
2020-10-08 00:00:00+00:00,210.58,211.19,208.32,210.51,19925837,201.0520751199,201.6344749956,198.8943313182,200.9852423473,19925837,0.0,1.0
2020-10-09 00:00:00+00:00,215.81,215.86,211.23,211.23,26458047,206.0454379886,206.0931756833,201.6726651514,201.6726651514,26458047,0.0,1.0
2020-10-12 00:00:00+00:00,221.4,223.86,216.81,218.79,40461368,211.3825122593,213.7312068399,207.0001918831,208.8906045944,40461368,0.0,1.0
2020-10-13 00:00:00+00:00,222.86,225.21,220.43,222.72,28950843,212.7764529453,215.0201245976,210.4564009815,212.6427874001,28950843,0.0,1.0
2020-10-14 00:00:00+00:00,220.86,224.22,219.13,223.0,23451713,210.8669451562,214.074918242,209.2152209186,212.9101184906,23451713,0.0,1.0
2020-10-15 00:00:00+00:00,219.66,220.36,216.01,217.1,22733064,209.7212404827,210.3895682089,206.2363887675,207.2770705126,22733064,0.0,1.0
2020-10-16 00:00:00+00:00,219.66,222.29,219.32,220.15,26057882,209.7212404827,212.2322432254,209.3966241585,210.189069891,26057882,0.0,1.0
2020-10-19 00:00:00+00:00,214.22,222.3,213.72,220.415,27625841,204.5273792962,212.2417907644,204.0500023489,210.4420796731,27625841,0.0,1.0
2020-10-20 00:00:00+00:00,214.65,217.37,213.0901,215.8,22753511,204.9379234709,207.5348540641,203.4486028707,206.0358904496,22753511,0.0,1.0
2020-10-21 00:00:00+00:00,214.8,216.92,213.12,213.12,22724906,205.081136555,207.1052148116,203.4771500122,203.4771500122,22724906,0.0,1.0
2020-10-22 00:00:00+00:00,214.89,216.055,211.7,213.93,22351450,205.1670644056,206.2793526927,202.1213994819,204.2505006668,22351450,0.0,1.0
2020-10-23 00:00:00+00:00,216.23,216.28,213.16,215.03,18879608,206.4464346243,206.494172319,203.5153401679,205.3007299508,18879608,0.0,1.0
2020-10-26 00:00:00+00:00,210.08,216.3399,208.1,213.85,37111561,200.5746981726,206.5513620773,198.6842854614,204.1741203552,37111561,0.0,1.0
2020-10-27 00:00:00+00:00,213.25,214.67,210.329,211.59,36700325,203.6012680185,204.9570185488,200.8124318924,202.0163765535,36700325,0.0,1.0
2020-10-28 00:00:00+00:00,202.68,208.84,202.1,207.67,51195593,193.5095193528,199.3908033434,192.9557620939,198.2737412867,51195593,0.0,1.0
2020-10-29 00:00:00+00:00,204.72,207.36,203.37,204.07,31432563,195.4572172977,197.9777675794,194.16829954,194.8366272662,31432563,0.0,1.0
2020-10-30 00:00:00+00:00,202.47,204.29,199.62,203.5,36980111,193.3090210349,195.046673123,190.5879724354,194.2924175463,36980111,0.0,1.0
2020-11-02 00:00:00+00:00,202.33,205.28,200.12,204.29,30842163,193.1753554897,195.9918794787,191.0653493827,195.046673123,30842163,0.0,1.0
2020-11-03 00:00:00+00:00,206.43,208.12,203.12,203.89,27512030,197.0898464574,198.7033805393,193.9296110664,194.6647715652,27512030,0.0,1.0
2020-11-04 00:00:00+00:00,216.39,218.32,212.4185,214.02,42311777,206.5991952474,208.441870264,202.8073901551,204.3364285173,42311777,0.0,1.0
2020-11-05 00:00:00+00:00,223.29,224.12,221.15,222.04,36080137,213.18699712,213.9794428525,211.1438237856,211.9935547518,36080137,0.0,1.0
2020-11-06 00:00:00+00:00,223.72,224.36,218.03,222.26,25231895,213.5975412947,214.2085837872,208.1649916345,212.2036006086,25231895,0.0,1.0
2020-11-09 00:00:00+00:00,218.39,228.12,217.88,224.435,44394950,208.5087030366,217.7984584308,208.0217785503,214.2801903293,44394950,0.0,1.0
2020-11-10 00:00:00+00:00,211.01,216.5,209.72,214.5,44045120,201.4626192946,206.7042181758,200.2309867706,204.7947103867,44045120,0.0,1.0
2020-11-11 00:00:00+00:00,216.55,218.04,212.2,212.39,29440788,206.7519558706,208.1745391735,202.5987764291,202.7801796691,29440788,0.0,1.0
2020-11-12 00:00:00+00:00,215.44,219.11,214.46,217.21,21616115,205.6921790476,209.1961258407,204.7565202309,207.382093441,21616115,0.0,1.0
2020-11-13 00:00:00+00:00,216.51,217.42,214.16,216.36,18630307,206.7137657148,207.5825917588,204.4700940625,206.5705526306,18630307,0.0,1.0
2020-11-16 00:00:00+00:00,217.23,217.74,214.52,214.87,24953344,207.4011885189,207.8881130051,204.8138054646,205.1479693277,24953344,0.0,1.0
2020-11-17 00:00:00+00:00,214.46,217.68,214.08,216.1,24154112,204.7565202309,207.8308277714,204.393713751,206.322316618,24154112,0.0,1.0
2020-11-18 00:00:00+00:00,211.08,215.17,210.93,213.65,28372789,202.0641142482,205.97941758,201.9205212165,204.5243415251,28372789,0.56,1.0
2020-11-19 00:00:00+00:00,212.42,213.03,209.93,211.38,24792746,203.346878665,203.9308236607,200.9632343383,202.3513003116,24792746,0.0,1.0
2020-11-20 00:00:00+00:00,210.39,213.285,210.0,212.2,22843119,201.4035863022,204.1749318146,201.0302444197,203.1362755518,22843119,0.0,1.0
2020-11-23 00:00:00+00:00,210.11,212.29,208.16,210.95,25683507,201.1355459763,203.2224313708,199.2688365639,201.939666954,25683507,0.0,1.0
2020-11-24 00:00:00+00:00,213.86,214.25,208.86,209.59,33830438,204.7253717696,205.098713652,199.9389373786,200.6377567997,33830438,0.0,1.0
2020-11-25 00:00:00+00:00,213.87,215.29,212.46,215.11,21012887,204.7349446383,206.0942920054,203.3851701401,205.9219803673,21012887,0.0,1.0
2020-11-27 00:00:00+00:00,215.23,216.27,214.04,214.85,14512213,206.0368547927,207.032433146,204.8976834076,205.673085779,14512213,0.0,1.0
2020-11-30 00:00:00+00:00,214.07,214.76,210.835,214.1,33064753,204.926402014,205.5869299599,201.829578963,204.9551206203,33064753,0.0,1.0
2020-12-01 00:00:00+00:00,216.21,217.32,213.35,214.51,30498026,206.9749959333,208.0375843681,204.2371554617,205.3476082404,30498026,0.0,1.0
2020-12-02 00:00:00+00:00,215.37,215.47,212.8,214.88,23724509,206.1708749556,206.2666036434,203.7106476787,205.7018043853,23724509,0.0,1.0
2020-12-03 00:00:00+00:00,214.24,216.3757,213.65,214.61,25120922,205.0891407833,207.133618369,204.5243415251,205.4433369282,25120922,0.0,1.0
2020-12-04 00:00:00+00:00,214.36,215.38,213.18,214.22,24666039,205.2040152086,206.1804478244,204.0744166924,205.0699950457,24666039,0.0,1.0
2020-12-07 00:00:00+00:00,214.29,215.54,212.99,214.37,24619997,205.1370051272,206.3336137249,203.8925321855,205.2135880774,24619997,0.0,1.0
2020-12-08 00:00:00+00:00,216.01,216.95,212.89,213.97,23284094,206.7835385577,207.6833882232,203.7968034977,204.8306733262,23284094,0.0,1.0
2020-12-09 00:00:00+00:00,211.8,215.225,211.214,215.16,32440603,202.7533608005,206.0320683583,202.1923906899,205.9698447112,32440603,0.0,1.0
2020-12-10 00:00:00+00:00,210.52,213.08,210.36,211.77,26467017,201.5280335964,203.9786880046,201.3748676959,202.7246421941,26467017,0.0,1.0
2020-12-11 00:00:00+00:00,213.26,213.32,209.11,210.05,30979440,204.1509996426,204.2084368553,200.1782590982,201.0781087637,30979440,0.0,1.0
2020-12-14 00:00:00+00:00,214.2,216.21,212.88,213.1,28798379,205.0508493081,206.9749959333,203.7872306289,203.9978337421,28798379,0.0,1.0
2020-12-15 00:00:00+00:00,214.13,215.42,212.24,215.165,27018106,204.9838392267,206.2187392995,203.1745670269,205.9746311456,27018106,0.0,1.0
2020-12-16 00:00:00+00:00,219.28,220.11,214.72,214.75,35023253,209.9138666493,210.7084147582,205.5486384848,205.5773570911,35023253,0.0,1.0
2020-12-17 00:00:00+00:00,219.42,220.89,217.92,219.87,32515784,210.0478868123,211.4550985232,208.611956495,210.4786659075,32515784,0.0,1.0
2020-12-18 00:00:00+00:00,218.59,219.69,216.02,218.59,63354922,209.2533387034,210.3063542694,206.7931114264,209.2533387034,63354922,0.0,1.0
2020-12-21 00:00:00+00:00,222.59,224.0,217.2801,217.55,37181886,213.0824862161,214.4322607144,207.9993886216,208.2577603501,37181886,0.0,1.0
2020-12-22 00:00:00+00:00,223.94,225.63,221.85,222.69,22643397,214.3748235017,215.9926383258,212.3740939263,213.178214904,22643397,0.0,1.0
2020-12-23 00:00:00+00:00,221.02,223.5589,220.8,223.11,18699638,211.5795458174,214.0100014724,211.3689427042,213.5802753928,18699638,0.0,1.0
2020-12-24 00:00:00+00:00,222.75,223.61,221.2,221.42,10550572,213.2356521167,214.0589188319,211.7518574555,211.9624605687,10550572,0.0,1.0
2020-12-28 00:00:00+00:00,224.96,226.03,223.02,224.45,17762701,215.3512561175,216.3755530771,213.4941195738,214.8630398096,17762701,0.0,1.0
2020-12-29 00:00:00+00:00,224.15,227.18,223.58,226.31,17403213,214.5758537461,217.476432987,214.0302002256,216.643593403,17403213,0.0,1.0
2020-12-30 00:00:00+00:00,221.68,225.63,221.47,225.23,20272337,212.211355157,215.9926383258,212.0103249126,215.6097235746,20272337,0.0,1.0
2020-12-31 00:00:00+00:00,222.42,223.0,219.68,221.7,20942132,212.9197474469,213.4749738362,210.2967814006,212.2305008946,20942132,0.0,1.0
2021-01-04 00:00:00+00:00,217.69,223.0,214.81,222.53,37130139,208.391780513,213.4749738362,205.6347943038,213.0250490035,37130139,0.0,1.0
2021-01-05 00:00:00+00:00,217.9,218.52,215.7,217.26,23822953,208.5928107574,209.1863286219,206.4867796254,207.9801471554,23822953,0.0,1.0
2021-01-06 00:00:00+00:00,212.25,216.4899,211.94,212.17,35930653,203.1841398957,207.2429405305,202.8873809634,203.1075569454,35930653,0.0,1.0
2021-01-07 00:00:00+00:00,218.29,219.34,213.71,214.04,27694480,208.9661526399,209.971303862,204.5817787378,204.8976834076,27694480,0.0,1.0
2021-01-08 00:00:00+00:00,219.62,220.58,217.0261,218.68,22956206,210.2393441879,211.158339591,207.7562377546,209.3394945224,22956206,0.0,1.0
2021-01-11 00:00:00+00:00,217.49,218.91,216.73,218.47,23047029,208.2003231374,209.5596705044,207.47278511,209.138464278,23047029,0.0,1.0
2021-01-12 00:00:00+00:00,214.93,217.1,213.3202,216.5,23148341,205.7496687292,207.8269812549,204.2086283127,207.252609128,23148341,0.0,1.0
2021-01-13 00:00:00+00:00,216.34,216.76,213.9266,214.02,20087080,207.0994432275,207.5015037163,204.7891270756,204.8785376701,20087080,0.0,1.0
2021-01-14 00:00:00+00:00,213.02,217.46,212.74,215.91,29346737,203.9212507919,208.171604531,203.653210466,206.6878098698,29346737,0.0,1.0
2021-01-15 00:00:00+00:00,212.65,214.51,212.03,213.52,31746512,203.5670546469,205.3476082404,202.9735367825,204.399894231,31746512,0.0,1.0
2021-01-19 00:00:00+00:00,216.44,216.98,212.63,213.75,30480859,207.1951719153,207.7121068295,203.5479089094,204.620070213,30480859,0.0,1.0
2021-01-20 00:00:00+00:00,224.34,225.79,217.2908,217.7,37777260,214.757738253,216.1458042263,208.0096315912,208.4013533818,37777260,0.0,1.0
2021-01-21 00:00:00+00:00,224.97,226.3,222.42,224.7,30749553,215.3608289862,216.6340205342,212.9197474469,215.1023615291,30749553,0.0,1.0
2021-01-22 00:00:00+00:00,225.95,230.07,225.8,227.08,30172663,216.2989701269,220.242992065,216.1553770951,217.3807042992,30172663,0.0,1.0
2021-01-25 00:00:00+00:00,229.53,229.78,224.22,229.12,33152095,219.7260571508,219.9653788703,214.6428638276,219.3335695307,33152095,0.0,1.0
2021-01-26 00:00:00+00:00,232.33,234.18,230.08,231.86,49169601,222.4064604097,224.1774411344,220.2525649338,221.956535577,49169601,0.0,1.0
2021-01-27 00:00:00+00:00,232.9,240.44,230.14,238.0,69870638,222.9521139303,230.1700569918,220.3100021465,227.834277009,69870638,0.0,1.0
2021-01-28 00:00:00+00:00,238.93,242.64,235.09,235.61,49111159,228.7245538058,232.2760881238,225.0485721935,225.5463613702,49111159,0.0,1.0
2021-01-29 00:00:00+00:00,231.96,238.02,231.35,235.99,42503138,222.0522642648,227.8534227466,221.4683192691,225.9101303839,42503138,0.0,1.0
2021-02-01 00:00:00+00:00,239.65,242.5,232.43,235.06,33314193,229.4138003581,232.1420679609,222.5021890975,225.0198535872,33314193,0.0,1.0
2021-02-02 00:00:00+00:00,239.51,242.31,238.69,241.3,25678356,229.2797801951,231.960183454,228.494804955,230.9933237071,25678356,0.0,1.0
2021-02-03 00:00:00+00:00,243.0,245.09,239.26,239.57,27158104,232.6207114,234.6214409754,229.0404584756,229.3372174078,27158104,0.0,1.0
2021-02-04 00:00:00+00:00,242.01,243.2399,240.37,242.66,25296100,231.6729973906,232.8503645221,230.1030469103,232.2952338614,25296100,0.0,1.0
2021-02-05 00:00:00+00:00,242.2,243.28,240.42,242.23,18054752,231.8548818974,232.8887517259,230.1509112543,231.8836005038,18054752,0.0,1.0
2021-02-08 00:00:00+00:00,242.47,243.68,240.81,243.15,22211929,232.1133493545,233.2716664772,230.5242531368,232.7643044317,22211929,0.0,1.0
2021-02-09 00:00:00+00:00,243.77,244.76,241.38,241.87,23471475,233.3578222962,234.3055363056,231.0699066573,231.5389772276,23471475,0.0,1.0
2021-02-10 00:00:00+00:00,242.82,245.92,240.89,245.0,22117240,232.4483997619,235.4159890843,230.600836087,234.5352851564,22117240,0.0,1.0
2021-02-11 00:00:00+00:00,244.49,245.15,242.15,244.78,15751059,234.0470688485,234.6788781881,231.8070175535,234.3246820432,15751059,0.0,1.0
2021-02-12 00:00:00+00:00,244.99,245.3,242.73,243.9332,16561079,234.5257122876,234.8224712198,232.3622439429,233.5140515147,16561079,0.0,1.0
2021-02-16 00:00:00+00:00,243.7,246.13,242.92,245.03,26728487,233.2908122147,235.6170193287,232.5441284497,234.5640037627,26728487,0.0,1.0
2021-02-17 00:00:00+00:00,244.2,244.31,240.94,241.32,21451617,234.3055363056,234.41107934,231.1776245597,231.5422277693,21451617,0.56,1.0
2021-02-18 00:00:00+00:00,243.79,243.93,240.86,241.8,16925563,233.912148632,234.0464761303,231.1008659892,232.002779192,16925563,0.0,1.0
2021-02-19 00:00:00+00:00,240.97,243.86,240.18,243.75,25262600,231.2064090236,233.9793123812,230.4484181404,233.8737693468,25262600,0.0,1.0
2021-02-22 00:00:00+00:00,234.51,237.93,232.4,237.42,36182764,225.0081544596,228.2895833464,222.9836471639,227.8002474598,36182764,0.0,1.0
2021-02-23 00:00:00+00:00,233.27,234.83,228.73,230.325,30228704,223.8183966176,225.3151887414,219.4623477444,220.9927217428,30228704,0.0,1.0
2021-02-24 00:00:00+00:00,234.55,235.2,229.0,230.01,26339746,225.0465337448,225.6701971297,219.7214079197,220.6904848716,26339746,0.0,1.0
2021-02-25 00:00:00+00:00,228.99,234.5852,227.88,232.08,39118089,219.7118130984,225.0803075158,218.6467879333,222.6766128821,39118089,0.0,1.0
2021-02-26 00:00:00+00:00,232.38,235.37,229.54,231.525,37545055,222.9644575213,225.8333090919,220.2395282702,222.1441002996,37545055,0.0,1.0
2021-03-01 00:00:00+00:00,236.94,237.47,233.15,235.9,25332837,227.3396960371,227.8482215663,223.7032587619,226.3418346212,25332837,0.0,1.0
2021-03-02 00:00:00+00:00,233.87,237.3,233.45,237.01,22812459,224.3940858959,227.6851096041,223.9911034011,227.4068597862,22812459,0.0,1.0
2021-03-03 00:00:00+00:00,227.56,233.5799,227.26,232.155,34029526,218.3397536515,224.1157401298,218.0519090123,222.7485740419,34029526,0.0,1.0
2021-03-04 00:00:00+00:00,226.73,232.49,224.26,226.735,44727785,217.5433834831,223.0700005556,215.1734626204,217.5481808937,44727785,0.0,1.0
2021-03-05 00:00:00+00:00,231.6,233.27,226.46,229.5165,41872770,222.2160614594,223.8183966176,217.2843233078,220.2169804401,41872770,0.0,1.0
2021-03-08 00:00:00+00:00,227.39,233.365,227.13,231.37,35267440,218.1766416893,223.90954742,217.9271763353,221.9953805693,35267440,0.0,1.0
2021-03-09 00:00:00+00:00,233.78,235.3839,231.67,232.88,33080531,224.3077325042,225.8466458935,222.2832252085,223.4441985866,33080531,0.0,1.0
2021-03-10 00:00:00+00:00,232.42,237.0,232.04,237.0,29746812,223.0028368065,227.3972649649,222.6382335969,227.3972649649,29746812,0.0,1.0
2021-03-11 00:00:00+00:00,237.13,239.17,234.31,234.96,29907586,227.5219976419,229.4793411884,224.8162580334,225.4399214184,29907586,0.0,1.0
2021-03-12 00:00:00+00:00,235.75,235.82,233.23,234.01,22653662,226.1979123016,226.2650760507,223.7800173323,224.5284133942,22653662,0.0,1.0
2021-03-15 00:00:00+00:00,234.81,235.185,231.81,234.96,26042669,225.2959990988,225.6558048978,222.4175527068,225.4399214184,26042669,0.0,1.0
2021-03-16 00:00:00+00:00,237.71,240.055,235.94,236.28,28092196,228.0784972777,230.328482874,226.3802139064,226.7064378308,28092196,0.0,1.0
2021-03-17 00:00:00+00:00,237.04,238.55,233.23,236.15,29562100,227.4356442501,228.8844622674,223.7800173323,226.5817051538,29562100,0.0,1.0
2021-03-18 00:00:00+00:00,230.72,234.19,230.33,232.56,34852251,221.3717171844,224.7011201778,220.9975191534,223.1371643048,34852251,0.0,1.0
2021-03-19 00:00:00+00:00,230.35,232.474,229.3496,231.02,46430730,221.016708796,223.0546488416,220.0568428725,221.6595618236,46430730,0.0,1.0
2021-03-22 00:00:00+00:00,235.99,236.9,230.14,230.27,30127005,226.4281880129,227.3013167518,220.8152175486,220.9399502256,30127005,0.0,1.0
2021-03-23 00:00:00+00:00,237.58,241.05,237.07,237.485,31638376,227.9537646007,231.283167594,227.464428714,227.8626137983,31638376,0.0,1.0
2021-03-24 00:00:00+00:00,235.46,238.0,235.32,237.845,25620127,225.9196624837,228.3567470955,225.7853349854,228.2080273653,25620127,0.0,1.0
2021-03-25 00:00:00+00:00,232.34,236.94,231.57,235.3,34061853,222.926078236,227.3396960371,222.1872769954,225.7661453428,34061853,0.0,1.0
2021-03-26 00:00:00+00:00,236.48,236.71,231.55,231.55,25479853,226.898334257,227.119015147,222.1680873528,222.1680873528,25479853,0.0,1.0
2021-03-29 00:00:00+00:00,235.24,236.8,231.88,236.59,25227455,225.7085764149,227.2053685388,222.4847164559,227.0038772913,25227455,0.0,1.0
2021-03-30 00:00:00+00:00,231.85,233.85,231.1,233.525,24792012,222.455931992,224.3748962533,221.736320394,224.0630645609,24792012,0.0,1.0
2021-03-31 00:00:00+00:00,235.77,239.1,232.39,232.91,43623471,226.2171019442,229.4121774393,222.9740523426,223.4729830505,43623471,0.0,1.0
2021-04-01 00:00:00+00:00,242.35,242.84,238.0501,238.47,30337982,232.5304943639,233.0006406079,228.4048171503,228.807703697,30337982,0.0,1.0
2021-04-05 00:00:00+00:00,249.07,249.96,242.7,242.76,36910609,238.9782142819,239.8321533782,232.8663131096,232.9238820375,36910609,0.0,1.0
2021-04-06 00:00:00+00:00,247.86,249.4,246.88,247.61,22931923,237.8172409038,239.294843385,236.8769484158,237.5773703711,22931923,0.0,1.0
2021-04-07 00:00:00+00:00,249.9,250.93,247.19,247.81,22719835,239.7745844503,240.7628510449,237.1743878763,237.7692667973,22719835,0.0,1.0
2021-04-08 00:00:00+00:00,253.25,254.139,252.0,252.77,23625197,242.988849588,243.8418292022,241.7894969247,242.5282981653,23625197,0.0,1.0
2021-04-09 00:00:00+00:00,255.85,255.99,252.44,252.87,24326833,245.4835031277,245.617830626,242.2116690622,242.6242463784,24326833,0.0,1.0
2021-04-12 00:00:00+00:00,255.91,257.67,254.62,254.71,27148668,245.5410720556,247.2297606055,244.303340107,244.3896934988,27148668,0.0,1.0
2021-04-13 00:00:00+00:00,258.49,259.19,256.83,257.2573,23837469,248.0165359526,248.6881734441,246.4237956158,246.8337823302,23837469,0.0,1.0
2021-04-14 00:00:00+00:00,255.59,258.83,255.16,257.475,23070938,245.2340377737,248.3427598771,244.8214604576,247.04266159,23070938,0.0,1.0
2021-04-15 00:00:00+00:00,259.5,259.93,257.73,257.931,25627481,248.9856129046,249.3981902208,247.2873295333,247.4801854416,25627481,0.0,1.0
2021-04-16 00:00:00+00:00,260.74,261.0,257.6014,259.47,24878582,250.1753707466,250.4248361006,247.1639401313,248.9568284407,24878582,0.0,1.0
2021-04-19 00:00:00+00:00,258.74,261.48,257.821,260.19,23209260,248.2564064853,250.8853875233,247.3746424072,249.6476555747,23209260,0.0,1.0
2021-04-20 00:00:00+00:00,258.26,260.2,256.84,257.82,19722875,247.7958550626,249.6572503961,246.4333904371,247.3736829251,19722875,0.0,1.0
2021-04-21 00:00:00+00:00,260.58,260.68,257.25,258.94,24030383,250.0218536057,250.1178018188,246.8267781106,248.4483029114,24030383,0.0,1.0
2021-04-22 00:00:00+00:00,257.17,261.78,255.64,260.21,25606152,246.7500195402,251.1732321625,245.2820118803,249.6668452174,25606152,0.0,1.0
2021-04-23 00:00:00+00:00,261.15,261.51,257.27,257.88,21499286,250.5687584202,250.9141719872,246.8459677532,247.4312518529,21499286,0.0,1.0
2021-04-26 00:00:00+00:00,261.55,262.435,260.17,261.66,19763346,250.9525512724,251.8016929581,249.6284659321,251.0580943068,19763346,0.0,1.0
2021-04-27 00:00:00+00:00,261.97,263.19,260.12,261.585,31014213,251.3555337673,252.5261019667,249.5804918256,250.986133147,31014213,0.0,1.0
2021-04-28 00:00:00+00:00,254.56,256.5399,252.95,256.078,46903119,244.2457711792,246.1454498497,242.7010049488,245.7022650535,46903119,0.0,1.0
2021-04-29 00:00:00+00:00,252.51,256.1,249.0,255.46,40589023,242.2788328113,245.7233736604,238.9110505327,245.1093050968,40589023,0.0,1.0
2021-04-30 00:00:00+00:00,252.18,253.08,249.6,249.74,30945098,241.9622037082,242.8257376258,239.4867398111,239.6210673094,30945098,0.0,1.0
2021-05-03 00:00:00+00:00,251.86,254.35,251.12,253.4,19626568,241.6551694264,244.0442799317,240.9451526497,243.1327719076,19626568,0.0,1.0
2021-05-04 00:00:00+00:00,247.79,251.21,245.76,250.97,32756052,237.7500771546,241.0315060415,235.8023284294,240.8012303301,32756052,0.0,1.0
2021-05-05 00:00:00+00:00,246.47,249.5,245.82,249.06,21901325,236.4835607422,239.3907915981,235.8598973573,238.9686194606,21901325,0.0,1.0
2021-05-06 00:00:00+00:00,249.73,249.86,244.69,246.45,26491085,239.6114724881,239.7362051651,234.7756825496,236.4643710996,26491085,0.0,1.0
2021-05-07 00:00:00+00:00,252.46,254.3,251.17,252.15,27032912,242.2308587048,243.9963058252,240.9931267563,241.9334192443,27032912,0.0,1.0
2021-05-10 00:00:00+00:00,247.18,251.73,247.12,250.87,29299890,237.1647930549,241.5304367494,237.1072241271,240.7052821171,29299890,0.0,1.0
2021-05-11 00:00:00+00:00,246.23,246.6,242.57,244.55,33641589,236.2532850308,236.6082934192,232.7415804326,234.6413550513,33641589,0.0,1.0
2021-05-12 00:00:00+00:00,239.0,244.38,238.07,242.165,36684370,229.3162292262,234.4782430891,228.4239108447,232.3529901697,36684370,0.0,1.0
2021-05-13 00:00:00+00:00,243.03,245.6,241.42,241.8,29624298,233.1829422127,235.6488112885,231.6381759824,232.002779192,29624298,0.0,1.0
2021-05-14 00:00:00+00:00,248.15,249.18,245.49,245.575,23901081,238.0954907217,239.0837573163,235.5432682541,235.6248242352,23901081,0.0,1.0
2021-05-17 00:00:00+00:00,245.18,246.59,243.52,246.55,24970168,235.2458287936,236.5986985979,233.6530884568,236.5603193126,24970168,0.0,1.0
2021-05-18 00:00:00+00:00,243.08,246.41,242.9,246.27,20167975,233.2309163193,236.4259918143,233.0582095357,236.2916643161,20167975,0.0,1.0
2021-05-19 00:00:00+00:00,243.12,243.23,238.6,239.31,25739807,233.8066055977,233.9123917387,229.4597568921,230.142558348,25739807,0.56,1.0
2021-05-20 00:00:00+00:00,246.48,247.95,243.86,243.96,21800716,237.0378913611,238.4515788826,234.5182578194,234.6144270385,21800716,0.0,1.0
2021-05-21 00:00:00+00:00,245.17,248.33,244.74,247.565,21863058,235.7780745902,238.8170219154,235.3645469479,238.0813273889,21863058,0.0,1.0
2021-05-24 00:00:00+00:00,250.78,251.16,247.51,247.785,21411547,241.1731677846,241.5386108173,238.0284343183,238.292899671,21411547,0.0,1.0
2021-05-25 00:00:00+00:00,251.72,252.75,250.82,251.769,17704303,242.0771584446,243.0677014018,241.2116354722,242.1242813619,17704303,0.0,1.0
2021-05-26 00:00:00+00:00,251.49,252.94,250.75,251.43,17771600,241.8559692405,243.2504229182,241.1443170188,241.798267709,17771600,0.0,1.0
2021-05-27 00:00:00+00:00,249.31,251.48,249.25,251.17,24426244,239.759480263,241.8463523186,239.7017787316,241.5482277392,24426244,0.0,1.0
2021-05-28 00:00:00+00:00,249.68,252.08,249.56,250.995,18274942,240.1153063739,242.4233676335,239.9999033109,241.3799316057,18274942,0.0,1.0
2021-06-01 00:00:00+00:00,247.4,251.29,246.96,251.23,23213310,237.9226481773,241.6636308022,237.499503613,241.6059292707,23213310,0.0,1.0
2021-06-02 00:00:00+00:00,247.3,249.27,245.84,248.125,19406705,237.8264789581,239.7210125754,236.4224083585,238.6198750161,19406705,0.0,1.0
2021-06-03 00:00:00+00:00,245.71,246.34,243.0,245.22,25307711,236.2973883736,236.9032544543,233.6912025347,235.8261591998,25307711,0.0,1.0
2021-06-04 00:00:00+00:00,250.79,251.65,247.51,247.76,25281094,241.1827847065,242.0098399912,238.0284343183,238.2688573662,25281094,0.0,1.0
2021-06-07 00:00:00+00:00,253.81,254.09,249.81,249.98,23079167,244.0870951248,244.3563689384,240.2403263588,240.4038140314,23079167,0.0,1.0
2021-06-08 00:00:00+00:00,252.57,256.01,252.51,255.16,22454998,242.8945968073,246.2028179461,242.8368952759,245.3853795833,22454998,0.0,1.0
2021-06-09 00:00:00+00:00,253.59,255.53,253.21,253.81,17937634,243.8755228427,245.7412056942,243.5100798099,244.0870951248,17937634,0.0,1.0
2021-06-10 00:00:00+00:00,257.24,257.46,253.67,254.29,24563619,247.3856993416,247.5972716238,243.952458218,244.5487073767,24563619,0.0,1.0
2021-06-11 00:00:00+00:00,257.89,258.4868,256.61,257.985,18999731,248.0107992661,248.584737166,246.779833261,248.1021600243,18999731,0.0,1.0
2021-06-14 00:00:00+00:00,259.89,259.95,256.8,257.9,19150507,249.9341836491,249.9918851806,246.9625547774,248.020416188,19150507,0.0,1.0
2021-06-15 00:00:00+00:00,258.36,259.99,257.68,259.775,18038931,248.4627945961,250.0303528683,247.8088439059,249.8235890471,18038931,0.0,1.0
2021-06-16 00:00:00+00:00,257.38,260.58,254.42,259.4,27036535,247.5203362485,250.5977512613,244.6737273616,249.4629544753,27036535,0.0,1.0
2021-06-17 00:00:00+00:00,260.9,261.75,256.01,256.065,27565537,250.9054927625,251.7229311253,246.2028179461,246.2557110166,27565537,0.0,1.0
2021-06-18 00:00:00+00:00,259.43,262.3,258.75,259.63,37202217,249.491805241,252.2518618306,248.8378545508,249.6841436793,37202217,0.0,1.0
2021-06-21 00:00:00+00:00,262.63,263.52,257.92,259.82,26696119,252.5692202538,253.4251263043,248.0396500319,249.8668651957,26696119,0.0,1.0
2021-06-22 00:00:00+00:00,265.51,265.79,262.4,262.72,24694090,255.3388937654,255.608167579,252.3480310498,252.6557725511,24694090,0.0,1.0
2021-06-23 00:00:00+00:00,265.275,266.83,264.43,265.99,19518681,255.1128961004,256.6083274581,254.3002661985,255.8005060173,19518681,0.0,1.0
2021-06-24 00:00:00+00:00,266.69,267.85,265.47,266.16,21446867,256.4736905513,257.5892534935,255.3004260777,255.9639936898,21446867,0.0,1.0
2021-06-25 00:00:00+00:00,265.02,267.25,264.76,266.23,25611113,254.8676645915,257.0122381786,254.6176246217,256.0313121432,25611113,0.0,1.0
2021-06-28 00:00:00+00:00,268.72,268.9,265.91,266.185,19590024,258.4259257001,258.5990302945,255.723570642,255.9880359946,19590024,0.0,1.0
2021-06-29 00:00:00+00:00,271.4,271.65,267.98,268.865,19937811,261.0032607733,261.2436838212,257.7142734784,258.5653710678,19937811,0.0,1.0
2021-06-30 00:00:00+00:00,270.9,271.3598,269.6043,270.69,21656457,260.5224146775,260.9646007472,259.276350105,260.3204593173,21656457,0.0,1.0
2021-07-01 00:00:00+00:00,271.6,271.84,269.6,269.61,16725323,261.1955992116,261.4264053376,259.2722148286,259.2818317505,16725323,0.0,1.0
2021-07-02 00:00:00+00:00,277.65,278.0,272.5,272.82,26474408,267.0138369702,267.3504292372,262.061122184,262.3688636852,26474408,0.0,1.0
2021-07-06 00:00:00+00:00,277.66,279.3698,274.3,278.03,31565560,267.0234538921,268.6677552011,263.7921681287,267.3792800029,31565560,0.0,1.0
2021-07-07 00:00:00+00:00,279.93,280.6945,277.15,279.4,23260031,269.2064951668,269.9417088472,266.5329908744,268.6967983053,23260031,0.0,1.0
2021-07-08 00:00:00+00:00,277.42,278.73,274.87,276.9,24618591,266.7926477661,268.052464537,264.3403326778,266.2925678266,24618591,0.0,1.0
2021-07-09 00:00:00+00:00,277.94,278.05,275.32,275.72,23916665,267.2927277057,267.3985138468,264.773094164,265.1577710406,23916665,0.0,1.0
2021-07-12 00:00:00+00:00,277.32,279.77,276.58,279.157,18931695,266.696478547,269.0526244162,265.9848263253,268.4631071028,18931695,0.0,1.0
2021-07-13 00:00:00+00:00,280.98,282.8477,277.39,277.52,26120128,270.2162719679,272.0124244739,266.7637970004,266.8888169853,26120128,0.0,1.0
2021-07-14 00:00:00+00:00,282.51,283.66,280.55,282.345,23113662,271.6876610209,272.7936070411,269.8027443255,271.5289818093,23113662,0.0,1.0
2021-07-15 00:00:00+00:00,281.03,282.51,279.83,282.0,22604227,270.2643565775,271.6876610209,269.1103259477,271.1971980032,22604227,0.0,1.0
2021-07-16 00:00:00+00:00,280.75,284.1,279.46,282.07,26186848,269.9950827638,273.2167516054,268.7544998368,271.2645164566,26186848,0.0,1.0
2021-07-19 00:00:00+00:00,277.01,280.37,274.45,278.9335,32935634,266.3983539676,269.6296397311,263.9364219574,268.248168898,32935634,0.0,1.0
2021-07-20 00:00:00+00:00,279.32,280.97,276.26,278.03,26259741,268.61986293,270.206655046,265.677084824,267.3792800029,26259741,0.0,1.0
2021-07-21 00:00:00+00:00,281.4,281.52,277.29,278.905,24364320,270.6201826883,270.7355857513,266.6676277812,268.2207606705,24364320,0.0,1.0
2021-07-22 00:00:00+00:00,286.14,286.42,283.42,283.84,23384059,275.178603676,275.4478774896,272.5628009151,272.9667116356,23384059,0.0,1.0
2021-07-23 00:00:00+00:00,289.67,289.99,286.5,287.37,22768071,278.573377112,278.8811186133,275.524812865,276.3614850716,22768071,0.0,1.0
2021-07-26 00:00:00+00:00,289.05,289.69,286.642,289.0,23176073,277.9771279533,278.5926109558,275.6613731562,277.9290433437,23176073,0.0,1.0
2021-07-27 00:00:00+00:00,286.54,289.575,282.95,289.43,33604073,275.5632805526,278.4820163538,272.1108055851,278.3425709861,33604073,0.0,1.0
2021-07-28 00:00:00+00:00,286.22,290.15,283.8303,288.99,33566853,275.2555390513,279.0349893639,272.9573832213,277.9194264218,33566853,0.0,1.0
2021-07-29 00:00:00+00:00,286.5,288.618,286.08,286.235,17782235,275.524812865,277.5616769266,275.1209021445,275.2699644342,17782235,0.0,1.0
2021-07-30 00:00:00+00:00,284.91,286.66,283.91,285.17,20944846,273.9957222805,275.6786836156,273.034030089,274.2457622503,20944846,0.0,1.0
2021-08-02 00:00:00+00:00,284.82,286.775,283.74,286.36,16267357,273.9091699832,275.7892782176,272.8705424164,275.3901759582,16267357,0.0,1.0
2021-08-03 00:00:00+00:00,287.12,287.23,284.0,285.42,17879048,276.1210620237,276.2268481648,273.1205823862,274.4861852981,17879048,0.0,1.0
2021-08-04 00:00:00+00:00,286.51,287.5883,284.65,286.22,16191301,275.5344297869,276.571422477,273.7456823107,275.2555390513,16191301,0.0,1.0
2021-08-05 00:00:00+00:00,289.52,289.63,286.1,286.88,13900167,278.4291232833,278.5349094244,275.1401359884,275.8902558977,13900167,0.0,1.0
2021-08-06 00:00:00+00:00,289.46,289.5,287.6238,288.505,16589336,278.3714217518,278.4098894395,276.6055625498,277.4530057089,16589336,0.0,1.0
2021-08-09 00:00:00+00:00,288.33,291.55,287.81,289.75,16117629,277.2847095754,280.381358432,276.7846296358,278.6503124873,16117629,0.0,1.0
2021-08-10 00:00:00+00:00,286.44,289.25,285.2,288.8,18616578,275.4671113335,278.1694663916,274.274613016,277.7367049054,18616578,0.0,1.0
2021-08-11 00:00:00+00:00,286.95,288.66,285.86,287.21,13955934,275.9575743511,277.6020679986,274.9093298624,276.2076143209,13955934,0.0,1.0
2021-08-12 00:00:00+00:00,289.81,289.97,286.34,286.63,14570391,278.7080140188,278.8618847695,275.3709421143,275.6498328499,14570391,0.0,1.0
2021-08-13 00:00:00+00:00,292.85,292.9,289.3,289.48,17283015,281.631558281,281.6796428906,278.2175510012,278.3906555956,17283015,0.0,1.0
2021-08-16 00:00:00+00:00,294.6,294.82,290.02,293.19,22516027,283.3145196161,283.5260918982,278.909969379,281.9585336261,22516027,0.0,1.0
2021-08-17 00:00:00+00:00,293.08,293.43,291.08,292.39,20075250,281.852747485,282.1893397521,279.929363102,281.1891798729,20075250,0.0,1.0
2021-08-18 00:00:00+00:00,290.73,294.82,290.27,292.04,21812985,280.1313184623,284.0722158327,279.6880879511,281.3935618743,21812985,0.56,1.0
2021-08-19 00:00:00+00:00,296.77,297.47,288.64,288.6935,29850461,285.9511277819,286.6256089945,278.1175102705,278.169059906,29850461,0.0,1.0
2021-08-20 00:00:00+00:00,304.36,305.84,298.06,299.72,40817646,293.2644312151,294.6904772074,287.1941003022,288.7935843205,40817646,0.0,1.0
2021-08-23 00:00:00+00:00,304.65,305.4,301.85,303.245,22830157,293.543859146,294.266517588,290.8459342958,292.190078998,22830157,0.0,1.0
2021-08-24 00:00:00+00:00,302.62,305.65,302.0035,305.02,18175774,291.5878636296,294.5074037354,290.9938383903,293.9003706441,18175774,0.0,1.0
2021-08-25 00:00:00+00:00,302.01,304.59,300.42,304.3,20006057,291.0001014301,293.4860464707,289.4680655331,293.2066185398,20006057,0.0,1.0
2021-08-26 00:00:00+00:00,299.09,302.429,298.95,300.99,17666084,288.1865512292,291.4038266131,288.0516549867,290.017285949,17666084,0.0,1.0
2021-08-27 00:00:00+00:00,299.72,300.87,296.83,298.987,22605726,288.7935843205,289.9016605983,286.0089404573,288.0873061365,22605726,0.0,1.0
2021-08-30 00:00:00+00:00,303.59,304.22,301.06,301.115,16348072,292.5225018813,293.1295349726,290.0847340703,290.1377290227,16348072,0.0,1.0
2021-08-31 00:00:00+00:00,301.88,304.5,301.5,304.42,26285338,290.8748406335,293.3993274576,290.5086936896,293.3222438905,26285338,0.0,1.0
2021-09-01 00:00:00+00:00,301.83,305.19,301.49,302.865,18983826,290.8266634041,294.0641732243,290.4990582437,291.823932054,18983826,0.0,1.0
2021-09-02 00:00:00+00:00,301.15,303.3602,300.18,302.2,16290545,290.1714530833,292.3010793347,289.2368148316,291.1831749021,16290545,0.0,1.0
2021-09-03 00:00:00+00:00,301.14,302.6,300.26,300.99,14751610,290.1618176374,291.5685927379,289.3138983988,290.017285949,14751610,0.0,1.0
2021-09-07 00:00:00+00:00,300.18,301.09,298.2,301.005,17184083,289.2368148316,290.1136404079,287.3289965447,290.0317391178,17184083,0.0,1.0
2021-09-08 00:00:00+00:00,300.21,300.61,297.4651,299.78,15046819,289.2657211693,289.651139005,286.620887626,288.8513969959,15046819,0.0,1.0
2021-09-09 00:00:00+00:00,297.25,302.14,297.0,300.82,19927000,286.4136291848,291.1253622268,286.1727430375,289.8534833688,19927000,0.0,1.0
2021-09-10 00:00:00+00:00,295.71,299.92,295.38,298.415,19633363,284.9297705172,288.9862932384,284.6118008027,287.5361586314,19633363,0.0,1.0
2021-09-13 00:00:00+00:00,296.99,298.54,294.08,297.55,23652949,286.1631075916,287.6566017051,283.3591928366,286.7026925616,23652949,0.0,1.0
2021-09-14 00:00:00+00:00,299.79,301.39,298.1,299.56,21853433,288.8610324418,290.4027037847,287.2326420858,288.6394171862,21853433,0.0,1.0
2021-09-15 00:00:00+00:00,304.82,305.32,301.82,303.26,28356304,293.7076617262,294.1894340209,290.8170279582,292.2045321668,28356304,0.0,1.0
2021-09-16 00:00:00+00:00,305.22,305.31,300.76,303.76,19550815,294.093079562,294.179798575,289.7956706934,292.6863044615,19550815,0.0,1.0
2021-09-17 00:00:00+00:00,299.87,304.5,299.53,304.17,41372457,288.9381160089,293.3993274576,288.6105108485,293.0813577431,41372457,0.0,1.0
2021-09-20 00:00:00+00:00,294.3,298.72,289.52,296.33,38278661,283.5711726462,287.8300397312,278.9654295091,285.5271681626,38278661,0.0,1.0
2021-09-21 00:00:00+00:00,294.8,297.54,294.07,295.69,22364103,284.0529449409,286.6930571157,283.3495573907,284.9104996254,22364103,0.0,1.0
2021-09-22 00:00:00+00:00,298.58,300.22,294.51,296.725,26626342,287.6951434887,289.2753566152,283.77351701,285.9077682754,26626342,0.0,1.0
2021-09-23 00:00:00+00:00,299.56,300.9,297.5339,298.845,18604601,288.6394171862,289.930566936,286.6871794937,287.9504828048,18604601,0.0,1.0
2021-09-24 00:00:00+00:00,299.35,299.8,296.93,298.23,14998978,288.4370728225,288.8706678877,286.1052949162,287.3579028824,14998978,0.0,1.0
2021-09-27 00:00:00+00:00,294.17,296.47,292.9449,296.14,23571742,283.4459118496,285.6620644051,282.2654733732,285.3440946906,23571742,0.0,1.0
2021-09-28 00:00:00+00:00,283.52,290.78,282.75,289.795,43186237,273.184161973,280.1794956917,272.4422326392,279.2304042712,43186237,0.0,1.0
2021-09-29 00:00:00+00:00,284.0,286.77,283.01,285.1,26353696,273.6466633759,276.3156818884,272.6927542325,274.7065624242,26353696,0.0,1.0
2021-09-30 00:00:00+00:00,281.92,287.83,281.62,285.71,32343635,271.6424906301,277.3370391531,271.3534272533,275.2943246237,32343635,0.0,1.0
2021-10-01 00:00:00+00:00,289.1,289.98,281.29,282.1217,30086280,278.5607407816,279.4086600202,271.0354575388,271.8368375737,30086280,0.0,1.0
2021-10-04 00:00:00+00:00,283.11,287.75,280.25,287.4,31350747,272.7891086914,277.259955586,270.0333711658,276.9227149797,31350747,0.0,1.0
2021-10-05 00:00:00+00:00,288.76,290.398,284.0464,284.0464,24993024,278.2331356212,279.8114216586,273.6913718449,273.6913718449,24993024,0.0,1.0
2021-10-06 00:00:00+00:00,293.11,293.63,285.5093,285.78,28002559,282.4245545849,282.9255977714,275.1009412246,275.361772745,28002559,0.0,1.0
2021-10-07 00:00:00+00:00,294.85,296.64,293.92,295.175,20430471,284.1011221704,285.8258669853,283.2050257023,284.4142741619,20430471,0.0,1.0
2021-10-08 00:00:00+00:00,294.85,296.6409,293.76,296.219,17685700,284.1011221704,285.8267341754,283.050858568,285.4202147132,17685700,0.0,1.0
2021-10-11 00:00:00+00:00,294.23,297.97,292.745,292.92,19298634,283.503724525,287.1073812892,282.0728608098,282.2414811129,19298634,0.0,1.0
2021-10-12 00:00:00+00:00,292.88,295.44,292.35,295.34,17974143,282.2029393294,284.6696134781,281.692260697,284.5732590192,17974143,0.0,1.0
2021-10-13 00:00:00+00:00,296.31,297.28,293.49,294.91,23424025,285.5078972708,286.4425355225,282.7907015289,284.1589348457,23424025,0.0,1.0
2021-10-14 00:00:00+00:00,302.75,303.27,297.83,299.21,27262902,291.7131244263,292.2141676127,286.9724850466,288.30217658,27262902,0.0,1.0
2021-10-15 00:00:00+00:00,304.21,304.45,300.5191,302.34,25384803,293.1198995267,293.3511502282,289.5635528019,291.3180711446,25384803,0.0,1.0
2021-10-18 00:00:00+00:00,307.29,308.21,302.69,303.57,22729297,296.0876168619,296.9740778841,291.6553117509,292.5032309895,22729297,0.0,1.0
2021-10-19 00:00:00+00:00,308.23,309.3,307.22,308.348,17682139,296.9933487759,298.0243414865,296.0201687407,297.1070470375,17682139,0.0,1.0
2021-10-20 00:00:00+00:00,307.41,309.7,306.11,309.21,16537069,296.2032422126,298.4097593223,294.9506342465,297.9376224735,16537069,0.0,1.0
2021-10-21 00:00:00+00:00,310.76,311.02,306.36,307.1702,16918100,299.431116587,299.6816381802,295.1915203938,295.9721842201,16918100,0.0,1.0
2021-10-22 00:00:00+00:00,309.16,311.09,307.8,310.4,17449332,297.889445244,299.7490863015,296.5790246025,299.0842405348,17449332,0.0,1.0
2021-10-25 00:00:00+00:00,308.13,309.4,306.46,309.36,17554469,296.896994317,298.1206959454,295.2878748528,298.0821541619,17554469,0.0,1.0
2021-10-26 00:00:00+00:00,310.11,312.395,308.5967,311.0,28107349,298.8048126039,301.0065119906,297.3466805768,299.6623672884,28107349,0.0,1.0
2021-10-27 00:00:00+00:00,323.17,326.0973,316.0,316.0,52588690,311.3887049408,314.2092890172,304.4800902352,304.4800902352,52588690,0.0,1.0
2021-10-28 00:00:00+00:00,324.35,324.87,321.3601,324.325,26297943,312.5256875563,313.0267307427,309.6447855886,312.5015989415,26297943,0.0,1.0
2021-10-29 00:00:00+00:00,331.62,332.0,323.9,324.13,34765982,319.5306567208,319.8968036648,312.092092491,312.3137077466,34765982,0.0,1.0
2021-11-01 00:00:00+00:00,329.37,331.49,326.37,331.355,26840400,317.3626813948,319.4053959242,314.4720476267,319.2753174047,26840400,0.0,1.0
2021-11-02 00:00:00+00:00,333.13,333.45,330.0,330.31,25719044,320.9856090508,321.2939433194,317.9697144861,318.2684133088,25719044,0.0,1.0
2021-11-03 00:00:00+00:00,334.0,334.9,330.65,333.9,21500082,321.8238928435,322.6910829739,318.5960184692,321.7275383846,21500082,0.0,1.0
2021-11-04 00:00:00+00:00,336.44,336.54,329.51,332.89,23992202,324.1749416415,324.2712961005,317.4975776373,320.7543583493,23992202,0.0,1.0
2021-11-05 00:00:00+00:00,336.06,338.79,334.4217,338.51,22570098,323.8087946976,326.4392714265,322.2302195968,326.1694789415,22570098,0.0,1.0
2021-11-08 00:00:00+00:00,336.99,337.65,334.44,337.3,20897001,324.7048911657,325.3408305946,322.2478524628,325.0035899884,20897001,0.0,1.0
2021-11-09 00:00:00+00:00,335.95,338.72,334.53,337.1071,19890003,323.7028047927,326.3718233052,322.3345714759,324.8177222371,19890003,0.0,1.0
2021-11-10 00:00:00+00:00,330.8,334.6303,329.92,334.57,25500938,318.7405501576,322.4312149982,317.8926309189,322.3731132594,25500938,0.0,1.0
2021-11-11 00:00:00+00:00,332.43,333.7746,330.51,331.25,16849844,320.3111278382,321.6067098931,318.4611222267,319.1741452228,16849844,0.0,1.0
2021-11-12 00:00:00+00:00,336.72,337.23,333.79,333.92,23484434,324.4447341265,324.9361418671,321.6215484797,321.7468092764,23484434,0.0,1.0
2021-11-15 00:00:00+00:00,336.07,337.88,334.034,337.54,16723009,323.8184301435,325.5624458502,321.8566533595,325.2348406898,16723009,0.0,1.0
2021-11-16 00:00:00+00:00,339.51,340.67,335.51,335.68,20886832,327.1330235308,328.2507352545,323.2788451734,323.4426477536,20886832,0.0,1.0
2021-11-17 00:00:00+00:00,339.12,342.19,338.0,338.94,19053380,327.3546387864,330.3181288226,326.2734958416,327.1808836703,19053380,0.62,1.0
2021-11-18 00:00:00+00:00,341.27,342.45,337.12,338.18,22463533,329.4300471179,330.5691084348,325.424026385,326.4472509577,22463533,0.0,1.0
2021-11-19 00:00:00+00:00,343.11,345.1,342.2,342.64,21963403,331.2062105272,333.1271698667,330.3277818846,330.7525166129,21963403,0.0,1.0
2021-11-22 00:00:00+00:00,339.83,349.67,339.55,344.62,31031113,328.0400061889,337.5386192039,327.7697204527,332.6638228903,31031113,0.0,1.0
2021-11-23 00:00:00+00:00,337.68,339.45,333.56,337.05,30427563,325.9645978574,327.6731898326,321.9875363104,325.3564549509,30427563,0.0,1.0
2021-11-24 00:00:00+00:00,337.91,338.16,333.911,336.28,21661307,326.1866182835,326.4279448337,322.3263587869,324.6131691764,21661307,0.0,1.0
2021-11-26 00:00:00+00:00,329.68,337.93,328.12,334.35,24217242,318.2421482516,326.2059244075,316.7362705785,322.750128209,24217242,0.0,1.0
2021-11-29 00:00:00+00:00,336.63,339.03,334.74,334.94,28563481,324.9510263466,327.2677612283,323.1265976273,323.3196588674,28563481,0.0,1.0
2021-11-30 00:00:00+00:00,330.59,337.78,328.99,335.32,42885609,319.1205768943,326.0611284774,317.5760869731,323.6864752237,42885609,0.0,1.0
2021-12-01 00:00:00+00:00,330.08,339.28,329.39,335.13,33401146,318.6282707319,327.5090877785,317.9622094534,323.5030670455,33401146,0.0,1.0
2021-12-02 00:00:00+00:00,329.49,333.49,327.8028,330.3,30765980,318.0587400735,321.9199648764,316.4300754517,318.8406380961,30765980,0.0,1.0
2021-12-03 00:00:00+00:00,323.01,332.7,318.03,331.99,41779279,311.8035558929,321.1573729778,306.9963310133,320.4720055753,41779279,0.0,1.0
2021-12-06 00:00:00+00:00,326.19,327.45,319.23,323.95,30032556,314.8732296111,316.089515424,308.1546984542,312.7109437215,30032556,0.0,1.0
2021-12-07 00:00:00+00:00,334.92,335.8,330.1,331.64,31021936,323.3003527434,324.1498222,318.6475768559,320.134148405,31021936,0.0,1.0
2021-12-08 00:00:00+00:00,334.97,335.5,330.8,335.31,24760988,323.3486180534,323.8602303398,319.3232911964,323.6768221617,24760988,0.0,1.0
2021-12-09 00:00:00+00:00,333.1,336.489,332.12,334.41,22214158,321.5434954581,324.8149181723,320.5974953814,322.808046581,22214158,0.0,1.0
2021-12-10 00:00:00+00:00,342.54,343.0,334.79,334.98,38095694,330.6559859928,331.1000268452,323.1748629373,323.3582711154,38095694,0.0,1.0
2021-12-13 00:00:00+00:00,339.4,343.79,339.08,340.68,28899431,327.6249245226,331.8626187437,327.3160265384,328.8605164595,28899431,0.0,1.0
2021-12-14 00:00:00+00:00,328.34,334.64,324.11,333.22,44438699,316.9486379427,323.0300670072,312.8653927137,321.6593322022,44438699,0.0,1.0
2021-12-15 00:00:00+00:00,334.65,335.19,324.5,328.61,35381122,323.0397200692,323.5609854176,313.2418621319,317.2092706169,35381122,0.0,1.0
2021-12-16 00:00:00+00:00,324.9,336.76,323.02,335.71,35034831,313.6279846122,325.0765161527,311.8132089549,324.0629446419,35034831,0.0,1.0
2021-12-17 00:00:00+00:00,323.8,324.92,317.25,320.88,47983713,312.5661477914,313.6472907362,306.2433921768,309.7474536853,47983713,0.0,1.0
2021-12-20 00:00:00+00:00,319.91,322.8,317.57,320.05,28326532,308.8111066707,311.6008415907,306.552290161,308.9462495388,28326532,0.0,1.0
2021-12-21 00:00:00+00:00,327.29,327.73,319.8,323.29,24740597,315.9350664319,316.3598011602,308.7049229886,312.0738416291,24740597,0.0,1.0
2021-12-22 00:00:00+00:00,333.2,333.605,325.75,328.3,24831493,321.6400260782,322.0309750894,314.4484948828,316.9100256946,24831493,0.0,1.0
2021-12-23 00:00:00+00:00,334.69,336.39,332.73,332.75,19617848,323.0783323172,324.7193528584,321.1863321638,321.2056382878,19617848,0.0,1.0
2021-12-27 00:00:00+00:00,342.45,342.48,335.43,335.46,19947029,330.5691084348,330.5980676208,323.7926589057,323.8216180918,19947029,0.0,1.0
2021-12-28 00:00:00+00:00,341.25,343.81,340.32,343.15,15661467,329.4107409939,331.8819248677,328.5130062272,331.2448227753,15661467,0.0,1.0
2021-12-29 00:00:00+00:00,341.95,344.3,339.68,341.3,15041956,330.0864553344,332.3549249061,327.8952102588,329.4590063039,15041956,0.0,1.0
2021-12-30 00:00:00+00:00,339.32,343.13,338.82,341.91,15994471,327.5477000265,331.2255166512,327.0650469262,330.0478430864,15994471,0.0,1.0
2021-12-31 00:00:00+00:00,336.32,339.355,335.85,338.51,17772880,324.6517814244,327.5814857435,324.19808751,326.7658020039,17772880,0.0,1.0
2022-01-03 00:00:00+00:00,334.75,338.0,329.78,335.35,28918013,323.1362506893,326.2734958416,318.3386788717,323.7154344097,28918013,0.0,1.0
2022-01-04 00:00:00+00:00,329.01,335.2,326.12,334.83,32674306,317.5953930972,323.5706384796,314.8056581771,323.2134751853,32674306,0.0,1.0
2022-01-05 00:00:00+00:00,316.38,326.07,315.98,325.86,40054327,305.4035757821,314.7573928671,305.0174533018,314.5546785649,40054327,0.0,1.0
2022-01-06 00:00:00+00:00,313.88,318.7,311.49,313.15,39646148,302.9903102803,307.6430861678,300.6832284606,302.2856367538,39646148,0.0,1.0
2022-01-07 00:00:00+00:00,314.04,316.5,310.09,314.15,32720018,303.1447592725,305.5194125262,299.3317997796,303.2509429545,32720018,0.0,1.0
2022-01-10 00:00:00+00:00,314.27,314.72,304.69,309.485,44289467,303.3667796986,303.8011674889,294.1191462958,298.7477895282,44289467,0.0,1.0
2022-01-11 00:00:00+00:00,314.98,316.61,309.89,313.38,29267314,304.0521471011,305.6255962083,299.1387385395,302.50765718,29267314,0.0,1.0
2022-01-12 00:00:00+00:00,318.27,323.41,317.08,319.67,34372217,307.2280045015,312.1896783732,306.0792901226,308.5794331825,34372217,0.0,1.0
2022-01-13 00:00:00+00:00,304.8,320.88,304.0,320.4658,45365979,294.2253299779,309.7474536853,293.4530850173,309.347623857,45365979,0.0,1.0
2022-01-14 00:00:00+00:00,310.2,310.82,303.75,304.25,39846414,299.4379834617,300.0364733062,293.2117584671,293.6944115675,39846414,0.0,1.0
2022-01-18 00:00:00+00:00,302.65,309.8,301.74,304.07,41717982,292.1499216463,299.0518609814,291.2714930037,293.5206564513,41717982,0.0,1.0
2022-01-19 00:00:00+00:00,303.33,313.9093,302.7,306.29,45485618,292.8063298628,303.018593752,292.1981869564,295.6636362169,45485618,0.0,1.0
2022-01-20 00:00:00+00:00,301.6,311.6494,301.14,309.07,35380675,291.1363501356,300.837098269,290.6923092832,298.3471874549,35380675,0.0,1.0
2022-01-21 00:00:00+00:00,296.03,304.11,295.61,302.685,57984403,285.7595945976,293.5592686994,285.3541659933,292.1837073633,57984403,0.0,1.0
2022-01-24 00:00:00+00:00,296.37,297.11,276.05,292.2,86035393,286.0877987058,286.8021252944,266.4727767073,282.0624718488,86035393,0.0,1.0
2022-01-25 00:00:00+00:00,288.49,294.99,285.17,291.52,72848638,278.4811858442,284.7556761488,275.2763692578,281.4060636324,72848638,0.0,1.0
2022-01-26 00:00:00+00:00,296.71,308.5,293.03,307.985,90428853,286.4160028141,297.7969629205,282.8636759954,297.2998302271,90428853,0.0,1.0
2022-01-27 00:00:00+00:00,299.84,307.3,297.93,302.66,53481317,289.4374112223,296.6385954796,287.5936763789,292.1595747083,53481317,0.0,1.0
2022-01-28 00:00:00+00:00,308.26,308.48,294.45,300.23,49743698,297.5652894323,297.7776567965,284.2344108005,289.8138806406,49743698,0.0,1.0
2022-01-31 00:00:00+00:00,310.98,312.38,306.37,308.95,46444536,300.1909222983,301.5423509793,295.740860713,298.2313507108,46444536,0.0,1.0
2022-02-01 00:00:00+00:00,308.76,310.63,305.1293,310.41,40950396,298.0479425327,299.853065128,294.5432053097,299.6406977639,40950396,0.0,1.0
2022-02-02 00:00:00+00:00,313.46,315.12,308.88,309.63,36635989,302.584881676,304.1872899692,298.1637792768,298.8877589273,36635989,0.0,1.0
2022-02-03 00:00:00+00:00,301.25,311.23,299.96,309.49,43729972,290.7984929653,300.4322488484,289.5532479664,298.7526160592,43729972,0.0,1.0
2022-02-04 00:00:00+00:00,305.94,308.8,299.97,300.21,35096488,295.3257790467,298.0865547807,289.5629010284,289.7945745166,35096488,0.0,1.0
2022-02-07 00:00:00+00:00,300.95,307.84,299.9,306.17,28533286,290.5089011051,297.159860828,289.4953295943,295.5477994728,28533286,0.0,1.0
2022-02-08 00:00:00+00:00,304.56,305.561,299.95,301.25,32421188,293.9936564897,294.9599279966,289.5435949044,290.7984929653,32421188,0.0,1.0
2022-02-09 00:00:00+00:00,311.21,311.93,307.39,309.865,31284671,300.4129427244,301.1079631889,296.7254730377,299.1146058845,31284671,0.0,1.0
2022-02-10 00:00:00+00:00,302.38,309.12,300.7,304.04,45386199,291.8892889721,298.3954527649,290.2675745549,293.4916972653,45386199,0.0,1.0
2022-02-11 00:00:00+00:00,295.04,304.29,294.22,303.19,39175620,284.8039414589,293.7330238155,284.0123903743,292.6711869947,39175620,0.0,1.0
2022-02-14 00:00:00+00:00,295.0,296.76,291.35,293.77,36359487,284.7653292108,286.4642681241,281.2419615782,283.578002584,36359487,0.0,1.0
2022-02-15 00:00:00+00:00,300.47,300.8,297.02,300.008,27379488,290.0455541288,290.364105175,286.7152477363,289.599582664,27379488,0.0,1.0
2022-02-16 00:00:00+00:00,299.5,300.87,293.68,298.365,29982121,289.7076969585,291.0329041199,284.0779847839,288.609806354,29982121,0.62,1.0
2022-02-17 00:00:00+00:00,290.73,296.8,290.0,296.36,32461580,281.2244365167,287.0959748156,280.5183042336,286.6703608368,32461580,0.0,1.0
2022-02-18 00:00:00+00:00,287.93,293.86,286.305,293.05,34264008,278.5159839241,284.2520995934,276.9441141159,283.4685829506,34264008,0.0,1.0
2022-02-22 00:00:00+00:00,287.72,291.54,284.5,285.0,41569319,278.3128499796,282.0079531595,275.1981294981,275.6817817468,41569319,0.0,1.0
2022-02-23 00:00:00+00:00,280.27,291.7,280.1,290.18,37811167,271.1064314743,282.1627218791,270.9419897098,280.6924190431,37811167,0.0,1.0
2022-02-24 00:00:00+00:00,294.59,295.16,271.52,272.51,56989686,284.9582318765,285.50959544,262.6425171224,263.6001485748,56989686,0.0,1.0
2022-02-25 00:00:00+00:00,297.31,297.63,291.655,295.14,32546721,287.5893001093,287.8988375484,282.1191931767,285.49024935,32546721,0.0,1.0
2022-02-28 00:00:00+00:00,298.79,299.14,293.0,294.31,34627457,289.0209107654,289.3594673395,283.4202177257,284.6873866172,34627457,0.0,1.0
2022-03-01 00:00:00+00:00,294.95,299.97,292.15,296.4,31217778,285.3064614955,290.1623300723,282.5980089029,286.7090530167,31217778,0.0,1.0
2022-03-02 00:00:00+00:00,300.19,301.47,293.698,295.36,31873007,290.3751370617,291.6132868183,284.0953962648,285.7030563394,31873007,0.0,1.0
2022-03-03 00:00:00+00:00,295.92,303.13,294.05,302.89,27314469,286.244746858,293.2190122839,284.4358874479,292.9868592045,27314469,0.0,1.0
2022-03-04 00:00:00+00:00,289.86,295.66,287.165,294.29,32369655,280.382881604,285.9932476887,277.7759959836,284.6680405273,32369655,0.0,1.0
2022-03-07 00:00:00+00:00,278.91,289.69,278.53,288.53,43157178,269.7908973579,280.2184398394,269.4233216489,279.0963666225,43157178,0.0,1.0
2022-03-08 00:00:00+00:00,275.85,283.96,270.0,277.8,48159475,266.830945596,274.6757850696,261.1722142865,268.7171893659,48159475,0.0,1.0
2022-03-09 00:00:00+00:00,288.5,289.6,280.78,283.44,35204480,279.0673474876,280.1313824347,271.599756768,274.1727867309,35204480,0.0,1.0
2022-03-10 00:00:00+00:00,285.59,286.6,280.58,283.02,30628012,276.2524914003,277.2294689426,271.4062958685,273.7665188421,30628012,0.0,1.0
2022-03-11 00:00:00+00:00,280.07,289.51,279.43,287.96,27209330,270.9129705749,280.0443250299,270.2938956965,278.545003059,27209330,0.0,1.0
2022-03-14 00:00:00+00:00,276.44,285.3992,275.82,280.34,30660747,267.4016552494,276.0679297022,266.8019264611,271.1741427891,30660747,0.0,1.0
2022-03-15 00:00:00+00:00,287.15,287.82,278.725,280.35,34245085,277.7614864161,278.4095804294,269.6119460259,271.1838158341,34245085,0.0,1.0
2022-03-16 00:00:00+00:00,294.39,294.57,283.2,289.11,37826329,284.764770977,284.9388857865,273.9406336516,279.657403231,37826329,0.0,1.0
2022-03-17 00:00:00+00:00,295.22,295.61,289.37,293.29,30816633,285.5676337098,285.9448824638,279.9089024003,283.7007360299,30816633,0.0,1.0
2022-03-18 00:00:00+00:00,300.43,301.0,292.73,295.37,42195837,290.607290141,291.1586537045,283.1590455114,285.7127293844,42195837,0.0,1.0
2022-03-21 00:00:00+00:00,299.16,300.14,294.9,298.89,28107855,289.3788134294,290.3267718368,285.2580962707,289.1176412151,28107855,0.0,1.0
2022-03-22 00:00:00+00:00,304.06,305.0,298.77,299.8,27441386,294.1186054665,295.027871694,289.0015646754,289.9978883077,27441386,0.0,1.0
2022-03-23 00:00:00+00:00,299.49,303.23,297.7201,300.51,25715377,289.6980239135,293.3157427336,287.9859916837,290.6846745008,25715377,0.0,1.0
2022-03-24 00:00:00+00:00,304.1,304.2,298.315,299.14,24484456,294.1572976464,294.2540280961,288.5614411291,289.3594673395,24484456,0.0,1.0
2022-03-25 00:00:00+00:00,303.68,305.5,299.2855,305.23,22443541,293.7510297575,295.5115239427,289.5002101438,295.2503517284,22443541,0.0,1.0
2022-03-28 00:00:00+00:00,310.7,310.8,304.33,304.33,29578188,300.5415073289,300.6382377786,294.3797776807,294.3797776807,29578188,0.0,1.0
2022-03-29 00:00:00+00:00,315.41,315.82,309.05,313.91,30393403,305.0975115115,305.4941063554,298.9454549083,303.6465547654,30393403,0.0,1.0
2022-03-30 00:00:00+00:00,313.86,315.95,311.58,313.76,28163555,303.5981895406,305.61985594,301.3927352866,303.5014590908,28163555,0.0,1.0
2022-03-31 00:00:00+00:00,308.31,315.14,307.89,313.9,33422070,298.2296495802,304.8363392972,297.8233816913,303.6368817205,33422070,0.0,1.0
2022-04-01 00:00:00+00:00,309.42,310.13,305.54,309.37,27110529,299.3033575723,299.9901437654,295.5502161225,299.2549923474,27110529,0.0,1.0
2022-04-04 00:00:00+00:00,314.97,315.11,309.71,310.09,24335868,304.6718975326,304.8073201623,299.5838758765,299.9514515855,24335868,0.0,1.0
2022-04-05 00:00:00+00:00,310.88,314.865,309.87,313.27,22984881,300.7156221384,304.5703305604,299.7386445961,303.0274798871,22984881,0.0,1.0
2022-04-06 00:00:00+00:00,299.5,307.0,296.71,305.19,40110372,289.7076969585,296.9624806887,287.0089174109,295.2116595485,40110372,0.0,1.0
2022-04-07 00:00:00+00:00,301.37,303.65,296.35,296.66,31411155,291.5165563686,293.7220106225,286.6606877918,286.960552186,31411155,0.0,1.0
2022-04-08 00:00:00+00:00,296.97,301.12,296.28,300.44,24361917,287.2604165802,291.2747302442,286.592976477,290.616963186,24361917,0.0,1.0
2022-04-11 00:00:00+00:00,285.26,292.61,285.0,291.79,34569264,275.9332809161,283.0429689717,275.6817817468,282.2497792839,34569264,0.0,1.0
2022-04-12 00:00:00+00:00,282.06,290.739,280.49,289.235,30966721,272.8379065246,281.2331422572,271.3192384637,279.7783162931,30966721,0.0,1.0
2022-04-13 00:00:00+00:00,287.62,288.58,281.3,282.73,21907176,278.2161195299,279.1447318474,272.1027551066,273.4860005378,21907176,0.0,1.0
2022-04-14 00:00:00+00:00,279.83,288.305,279.32,288.09,28221607,270.6808174955,278.8787231106,270.1874922018,278.6707526437,28221607,0.0,1.0
2022-04-18 00:00:00+00:00,280.52,282.46,278.34,278.91,20778000,271.3482575987,273.2248283235,269.2395337944,269.7908973579,20778000,0.0,1.0
2022-04-19 00:00:00+00:00,285.3,286.17,278.41,279.38,22297720,275.971973096,276.8135280087,269.3072451092,270.2455304717,22297720,0.0,1.0
2022-04-20 00:00:00+00:00,286.36,289.7,285.3702,289.4,22805341,276.9973158632,280.2281128844,276.0398778717,279.9379215352,22805341,0.0,1.0
2022-04-21 00:00:00+00:00,280.81,293.3,280.06,288.58,29454587,271.6287759029,283.7104090749,270.9032975299,279.1447318474,29454587,0.0,1.0
2022-04-22 00:00:00+00:00,274.03,283.2,273.38,281.68,29405798,265.0704514108,273.9406336516,264.4417034875,272.4703308156,29405798,0.0,1.0
2022-04-25 00:00:00+00:00,280.72,281.11,270.77,273.29,35678852,271.5417184981,271.9189672521,261.9170387494,264.3546460828,35678852,0.0,1.0
2022-04-26 00:00:00+00:00,270.22,278.3599,270.0,277.5,42047008,261.3850212759,269.2587831539,261.1722142865,268.4269980166,42047008,0.0,1.0
2022-04-27 00:00:00+00:00,283.22,290.97,279.16,282.1,63477694,273.9599797415,281.456589596,270.0327234823,272.8765987045,63477694,0.0,1.0
2022-04-28 00:00:00+00:00,289.63,290.98,281.4562,285.185,33646570,280.1604015696,281.466262641,272.2538480691,275.8607330788,33646570,0.0,1.0
2022-04-29 00:00:00+00:00,277.52,289.88,276.5,288.61,37073923,268.4463441066,280.4022276939,267.4596935193,279.1737509823,37073923,0.0,1.0
2022-05-02 00:00:00+00:00,284.47,284.94,276.22,277.71,35151105,275.1691103632,275.623743477,267.18884826,268.6301319611,35151105,0.0,1.0
2022-05-03 00:00:00+00:00,281.78,284.13,280.15,283.96,25978605,272.5670612653,274.8402268341,270.9903549346,274.6757850696,25978605,0.0,1.0
2022-05-04 00:00:00+00:00,289.98,290.88,276.73,282.59,33463409,280.4989581437,281.3695321913,267.6821735537,273.3505779082,33463409,0.0,1.0
2022-05-05 00:00:00+00:00,277.35,286.35,274.34,285.54,43260386,268.281902342,276.9876428183,265.370315805,276.2041261754,43260386,0.0,1.0
2022-05-06 00:00:00+00:00,274.73,279.25,271.27,274.805,37780322,265.747564559,270.119780887,262.4006909981,265.8201123963,37780322,0.0,1.0
2022-05-09 00:00:00+00:00,264.58,272.36,263.32,270.06,47725952,255.9294239108,263.4550529002,254.7106202441,261.2302525563,47725952,0.0,1.0
2022-05-10 00:00:00+00:00,269.5,273.75,265.07,271.69,39336424,260.6885620378,264.7996061516,256.4034031145,262.806958887,39336424,0.0,1.0
2022-05-11 00:00:00+00:00,260.55,271.36,259.3,265.68,48975898,252.0311867864,262.4877484029,250.8220561647,256.9934588579,48975898,0.0,1.0
2022-05-12 00:00:00+00:00,255.35,259.88,250.02,257.69,51033802,247.0012034002,251.3830927732,241.8454704293,249.264695924,51033802,0.0,1.0
2022-05-13 00:00:00+00:00,261.12,263.04,255.35,257.35,34925093,252.5825503499,254.4397749849,247.0012034002,248.9358123949,34925093,0.0,1.0
2022-05-16 00:00:00+00:00,261.5,265.82,255.78,259.955,32550933,252.9501260589,257.1288814875,247.417144334,251.4556406105,32550933,0.0,1.0
2022-05-17 00:00:00+00:00,266.82,268.33,262.46,266.11,28828799,258.0961859849,259.5568157759,253.8787383764,257.4093997917,28828799,0.0,1.0
2022-05-18 00:00:00+00:00,254.08,263.6,252.77,263.0,31355985,246.3724554769,255.6036652382,245.1021944698,255.0218663036,31355985,0.62,1.0
2022-05-19 00:00:00+00:00,253.14,257.67,251.88,253.9,32692286,245.4609704795,249.8535524352,244.2391927169,246.1979157965,32692286,0.0,1.0
2022-05-20 00:00:00+00:00,252.56,258.54,246.44,257.24,39199279,244.8985648428,250.6971608903,238.9642157105,249.4365965321,39199279,0.0,1.0
2022-05-23 00:00:00+00:00,260.65,261.5,253.43,255.49,33175379,252.74315381,253.5673689673,245.7421732978,247.7396829731,33175379,0.0,1.0
2022-05-24 00:00:00+00:00,259.62,261.33,253.5,257.89,29043904,251.7443989724,253.4025259358,245.8100498402,250.0668787112,29043904,0.0,1.0
2022-05-25 00:00:00+00:00,262.52,264.58,257.125,258.14,28547947,254.556427156,256.5539368312,249.3250850697,250.3092949339,28547947,0.0,1.0
2022-05-26 00:00:00+00:00,265.9,267.11,261.4294,262.27,25002105,257.8338944872,259.0071890052,253.498910626,254.3140109333,25002105,0.0,1.0
2022-05-27 00:00:00+00:00,273.24,273.34,267.56,268.48,26910806,264.9512347863,265.0482012754,259.4435382061,260.3356299057,26910806,0.0,1.0
2022-05-31 00:00:00+00:00,271.87,274.77,268.93,272.53,37827695,263.6227938858,266.4348220694,260.7719791066,264.2627727138,37827695,0.0,1.0
2022-06-01 00:00:00+00:00,272.42,277.69,270.04,275.195,25292174,264.1561095758,269.2662435508,261.8483071355,266.846929648,25292174,0.0,1.0
2022-06-02 00:00:00+00:00,274.58,274.65,261.6,264.45,44008209,266.2505857401,266.3184622825,253.6643354564,256.4278803954,44008209,0.0,1.0
2022-06-03 00:00:00+00:00,270.02,273.45,268.41,270.31,28058958,261.8289138377,265.1548644134,260.2677533633,262.110116656,28058958,0.0,1.0
2022-06-06 00:00:00+00:00,268.75,274.18,267.22,272.06,22400342,260.5974394262,265.8627197838,259.1138521432,263.8070302151,22400342,0.0,1.0
2022-06-07 00:00:00+00:00,272.5,273.13,265.94,266.635,22860677,264.2336827671,264.8445716483,257.8726810828,258.546598182,22860677,0.0,1.0
2022-06-08 00:00:00+00:00,270.41,273.0,269.61,271.71,17372341,262.2070831451,264.7185152125,261.4313512324,263.4676475033,17372341,0.0,1.0
2022-06-09 00:00:00+00:00,264.79,272.7081,264.63,267.78,26439728,256.7575664583,264.4354700309,256.6024200758,259.6568644821,26439728,0.0,1.0
2022-06-10 00:00:00+00:00,252.99,260.58,252.53,260.58,31445841,245.3155207458,252.6752772677,244.869474896,252.6752772677,31445841,0.0,1.0
2022-06-13 00:00:00+00:00,242.26,249.0242,241.53,245.11,46135788,234.9110164666,241.4700237215,234.2031610963,237.6745614056,46135788,0.0,1.0
2022-06-14 00:00:00+00:00,244.49,245.74,241.51,243.86,28651487,237.0733691733,238.2854502869,234.1837677984,236.462480292,28651487,0.0,1.0
2022-06-15 00:00:00+00:00,251.76,255.3,246.42,248.31,33111729,244.12283293,247.5554466438,238.9448224127,240.7774890565,33111729,0.0,1.0
2022-06-16 00:00:00+00:00,244.97,247.4174,243.02,245.98,33169160,237.5388083209,239.9119661749,235.6479617837,238.5181698607,33169160,0.0,1.0
2022-06-17 00:00:00+00:00,247.65,250.5,244.03,244.7,43084780,240.1375102285,242.9010551675,236.6273233235,237.2769988004,43084780,0.0,1.0
2022-06-21 00:00:00+00:00,253.74,254.75,249.51,250.255,29928297,246.042769414,247.0221309538,241.9410869255,242.6634872693,29928297,0.0,1.0
2022-06-22 00:00:00+00:00,253.13,257.17,250.37,251.89,25961215,245.4512738306,249.3687199897,242.7749987317,244.2488893659,25961215,0.0,1.0
2022-06-23 00:00:00+00:00,258.86,259.37,253.63,255.57,25861449,251.0074536553,251.5019827497,245.936106276,247.8172561643,25861449,0.0,1.0
2022-06-24 00:00:00+00:00,267.7,267.98,261.72,261.808,33923231,259.5792912908,259.8507974602,253.7806952433,253.8660257537,33923231,0.0,1.0
2022-06-27 00:00:00+00:00,264.89,268.3,263.28,268.205,24615114,256.8545329474,260.1610902253,255.2933724731,260.0689720607,24615114,0.0,1.0
2022-06-28 00:00:00+00:00,256.48,266.91,256.32,263.98,27380247,248.699651215,258.813256027,248.5445048325,255.9721378967,27380247,0.0,1.0
2022-06-29 00:00:00+00:00,260.26,261.97,255.76,257.59,20069839,252.3649845026,254.023111466,248.0014924936,249.7759792439,20069839,0.0,1.0
2022-06-30 00:00:00+00:00,256.83,259.53,252.9,257.05,31730868,249.0390339268,251.6571291322,245.2282509057,249.2523602028,31730868,0.0,1.0
2022-07-01 00:00:00+00:00,259.58,259.77,254.61,256.39,22837692,251.7056123768,251.8898487061,246.8863778691,248.6123813749,22837692,0.0,1.0
2022-07-05 00:00:00+00:00,262.85,262.98,254.74,256.16,22971634,254.87641657,255.0024730058,247.0124343049,248.3893584499,22971634,0.0,1.0
2022-07-06 00:00:00+00:00,266.21,267.99,262.4,263.75,23824419,258.1344906034,259.8604941092,254.4400673691,255.7491149718,23824419,0.0,1.0
2022-07-07 00:00:00+00:00,268.4,269.055,265.02,265.12,20859874,260.2580567144,260.893187218,256.9805893832,257.0775558723,20859874,0.0,1.0
2022-07-08 00:00:00+00:00,267.66,268.1,263.285,264.79,19658751,259.5405046952,259.9671572472,255.2982207975,256.7575664583,19658751,0.0,1.0
2022-07-11 00:00:00+00:00,264.51,266.53,262.18,265.65,19519108,256.4860602889,258.4447833685,254.2267410931,257.5914782645,19519108,0.0,1.0
2022-07-12 00:00:00+00:00,253.67,265.94,252.04,265.88,35868450,245.9748928716,257.8726810828,244.3943390995,257.8145011894,35868450,0.0,1.0
2022-07-13 00:00:00+00:00,252.72,253.55,248.11,250.19,29497423,245.0537112253,245.8585330847,240.5835560783,242.6004590513,29497423,0.0,1.0
2022-07-14 00:00:00+00:00,254.08,255.1374,245.94,250.57,25102823,246.3724554769,247.3977791325,238.4793832651,242.9689317099,25102823,0.0,1.0
2022-07-15 00:00:00+00:00,256.72,260.3699,254.7727,255.72,29774050,248.9323707888,252.4715506741,247.0441423468,247.962705898,29774050,0.0,1.0
2022-07-18 00:00:00+00:00,254.25,260.84,253.3,259.75,20975034,246.5372985084,252.9273901393,245.616116862,251.8704554082,20975034,0.0,1.0
2022-07-19 00:00:00+00:00,259.53,259.72,253.68,257.575,25012562,251.6571291322,251.8413654615,245.9845895205,249.7614342706,25012562,0.0,1.0
2022-07-20 00:00:00+00:00,262.27,264.87,258.91,259.9,22788282,254.3140109333,256.8351396496,251.0559368999,252.0159051419,22788282,0.0,1.0
2022-07-21 00:00:00+00:00,264.84,264.89,257.03,259.79,22404675,256.8060497029,256.8545329474,249.232966905,251.9092420039,22404675,0.0,1.0
2022-07-22 00:00:00+00:00,260.36,265.33,259.07,265.24,21881290,252.4619509917,257.2811854994,251.2110832824,257.1939156592,21881290,0.0,1.0
2022-07-25 00:00:00+00:00,258.83,261.5,256.81,260.995,21055998,250.9783637086,253.5673689673,249.019640629,253.0776881974,21055998,0.0,1.0
2022-07-26 00:00:00+00:00,251.9,259.88,249.57,259.86,39347957,244.2585860148,251.9965118441,241.999266819,251.9771185462,39347957,0.0,1.0
2022-07-27 00:00:00+00:00,268.74,270.05,258.85,261.16,45994049,260.5877427773,261.8580037844,250.9977570064,253.2376829044,45994049,0.0,1.0
2022-07-28 00:00:00+00:00,276.41,277.84,267.87,269.75,33459327,268.0250724904,269.4116932844,259.7441343222,261.5671043171,33459327,0.0,1.0
2022-07-29 00:00:00+00:00,280.74,282.0,276.63,277.7,32152752,272.223721468,273.4454992305,268.2383987664,269.2759401997,32152752,0.0,1.0
2022-08-01 00:00:00+00:00,278.01,281.28,275.84,277.82,21539580,269.5765363159,272.7473405091,267.4723635026,269.3922999866,21539580,0.0,1.0
2022-08-02 00:00:00+00:00,274.82,277.89,272.38,276.0,22754184,266.4833053139,269.460176529,264.1173229802,267.6275098852,22754184,0.0,1.0
2022-08-03 00:00:00+00:00,282.47,283.5,276.61,276.76,23518874,273.9012417292,274.8999965668,268.2190054686,268.3644552022,23518874,0.0,1.0
2022-08-04 00:00:00+00:00,283.65,283.8,280.1677,281.8,18098668,275.0454463005,275.1908960341,271.6687822509,273.2515662523,18098668,0.0,1.0
2022-08-05 00:00:00+00:00,282.91,283.65,278.68,279.15,16774606,274.3278942812,275.0454463005,270.2262117928,270.6819542915,16774606,0.0,1.0
2022-08-08 00:00:00+00:00,280.32,285.92,279.32,284.05,18757818,271.8164622138,277.2465856028,270.8467973229,275.4333122568,18757818,0.0,1.0
2022-08-09 00:00:00+00:00,282.3,283.08,277.61,279.64,23405238,273.7363986978,274.4927373127,269.1886703595,271.157090088,23405238,0.0,1.0
2022-08-10 00:00:00+00:00,289.16,289.81,286.94,288.17,24687845,280.3882998493,281.0185820283,278.2356437915,279.4283316073,24687845,0.0,1.0
2022-08-11 00:00:00+00:00,287.02,291.21,286.51,290.85,20065938,278.3132169828,282.3761128756,277.8186878884,282.0270335149,20065938,0.0,1.0
2022-08-12 00:00:00+00:00,291.91,291.91,286.94,288.48,22619675,283.0548782992,283.0548782992,278.2356437915,279.7289277235,22619675,0.0,1.0
2022-08-15 00:00:00+00:00,293.47,294.18,290.11,291.0,18085654,284.567555529,285.2560176015,281.3094814956,282.1724832485,18085654,0.0,1.0
2022-08-16 00:00:00+00:00,292.71,294.04,290.42,291.99,18102882,283.8306102119,285.1202645168,281.6100776118,283.1324514905,18102882,0.0,1.0
2022-08-17 00:00:00+00:00,291.32,293.35,289.47,289.74,18253358,283.0839682459,285.0565772516,281.2862703836,281.5486370986,18253358,0.62,1.0
2022-08-18 00:00:00+00:00,290.17,291.91,289.08,290.189,17186192,281.9664803856,283.6572881047,280.9072962396,281.9849432285,17186192,0.0,1.0
2022-08-19 00:00:00+00:00,286.15,289.25,285.56,288.9,20570033,278.0601315171,281.0724900973,277.4868116583,280.7323850963,20570033,0.0,1.0
2022-08-22 00:00:00+00:00,277.75,282.46,277.22,282.08,25061070,269.8976114936,274.4744530782,269.3825953492,274.10519622,25061070,0.0,1.0
2022-08-23 00:00:00+00:00,276.44,278.86,275.4,276.44,17527409,268.6246470613,270.976230211,267.6140493441,268.6246470613,17527409,0.0,1.0
2022-08-24 00:00:00+00:00,275.79,277.23,275.11,275.41,18137019,267.9930234881,269.392312635,267.3322480576,267.6237666299,18137019,0.0,1.0
2022-08-25 00:00:00+00:00,278.85,279.02,274.52,277.33,16583407,270.9665129252,271.1317067829,266.7589281988,269.4894854924,16583407,0.0,1.0
2022-08-26 00:00:00+00:00,268.09,280.34,267.98,279.08,27549307,260.5107134665,272.4143885008,260.4038233233,271.1900104973,27549307,0.0,1.0
2022-08-29 00:00:00+00:00,265.23,267.4,263.85,265.85,20121371,257.7315697442,259.8402207502,256.3905843117,258.3340414602,20121371,0.0,1.0
2022-08-30 00:00:00+00:00,262.97,267.05,260.66,266.67,22767071,255.5354631664,259.5001157493,253.2907701599,259.1308588911,22767071,0.0,1.0
2022-08-31 00:00:00+00:00,261.47,267.11,261.33,265.39,24791834,254.077870305,259.5584194637,253.9418283046,257.887046316,24791834,0.0,1.0
2022-09-01 00:00:00+00:00,260.4,260.89,255.41,258.87,23263431,253.0381207306,253.514267732,248.1891951452,251.551376012,23263431,0.0,1.0
2022-09-02 00:00:00+00:00,256.06,264.74,254.47,261.695,22855380,248.8208187184,257.2554227428,247.2757702854,254.2965092342,22855380,0.0,1.0
2022-09-06 00:00:00+00:00,253.25,257.83,251.94,256.2,21283869,246.0902614248,250.5407782948,244.8172969926,248.9568607188,21283869,0.0,1.0
2022-09-07 00:00:00+00:00,258.09,258.83,253.22,254.7,24126700,250.7934277241,251.5125068691,246.0611095676,247.4992678575,24126700,0.0,1.0
2022-09-08 00:00:00+00:00,258.52,260.43,254.79,257.51,20319911,251.211271011,253.0672725878,247.5867234292,250.2298251511,20319911,0.0,1.0
2022-09-09 00:00:00+00:00,264.46,265.23,260.29,260.5,22093190,256.983338742,257.7315697442,252.9312305874,253.135293588,22093190,0.0,1.0
2022-09-12 00:00:00+00:00,266.65,267.45,265.16,265.78,18747690,259.1114243196,259.888807179,257.663548744,258.26602046,18747690,0.0,1.0
2022-09-13 00:00:00+00:00,251.99,260.4,251.59,258.84,33353318,244.8658834213,253.0381207306,244.4771919916,251.5222241548,33353318,0.0,1.0
2022-09-14 00:00:00+00:00,252.22,254.23,249.86,253.53,23912954,245.0893809934,247.0425554276,242.7961015582,246.3623454256,23912954,0.0,1.0
2022-09-15 00:00:00+00:00,245.38,251.4,244.02,249.77,31530948,238.4427575456,244.2925635625,237.1212066846,242.7086459865,31530948,0.0,1.0
2022-09-16 00:00:00+00:00,244.74,245.3,242.0627,244.26,39791768,237.8208512581,238.3650192597,235.2192423463,237.3544215425,39791768,0.0,1.0
2022-09-19 00:00:00+00:00,244.52,245.14,240.85,242.465,26826931,237.6070709718,238.2095426878,234.0408271043,235.6101687517,26826931,0.0,1.0
2022-09-20 00:00:00+00:00,242.45,243.51,239.64,242.065,26660299,235.5955928231,236.6256251118,232.8650355295,235.221477322,26660299,0.0,1.0
2022-09-21 00:00:00+00:00,238.95,247.66,238.9,244.27,28625557,232.1945428133,240.6582986949,232.1459563846,237.3641388282,28625557,0.0,1.0
2022-09-22 00:00:00+00:00,240.98,243.86,237.57,237.8704,30927092,234.167151819,236.9657301128,230.8535573808,231.1454646445,30927092,0.0,1.0
2022-09-23 00:00:00+00:00,237.92,241.13,235.2,239.54,34176048,231.1936623818,234.3129111051,228.5505606599,232.7678626721,34176048,0.0,1.0
2022-09-26 00:00:00+00:00,237.45,241.45,236.9,237.045,27694190,230.7369499519,234.6238642489,230.2024992361,230.3433998794,27694190,0.0,1.0
2022-09-27 00:00:00+00:00,236.41,241.8,234.5,239.98,27018732,229.7263522347,234.9639692499,227.8703506579,233.1954232447,27018732,0.0,1.0
2022-09-28 00:00:00+00:00,241.07,242.33,234.73,236.81,29029679,234.2546073907,235.4789853942,228.09384823,230.1150436644,29029679,0.0,1.0
2022-09-29 00:00:00+00:00,237.5,239.95,234.41,238.89,27484233,230.7855363806,233.1662713875,227.7828950863,232.1362390988,27484233,0.0,1.0
2022-09-30 00:00:00+00:00,232.9,240.54,232.73,238.29,35694832,226.3155849392,233.7395912463,226.1503910815,231.5532019543,35694832,0.0,1.0
2022-10-03 00:00:00+00:00,240.74,241.61,234.66,235.41,28880357,233.9339369612,234.7793408207,228.0258272298,228.7546236605,28880357,0.0,1.0
2022-10-04 00:00:00+00:00,248.88,250.36,244.975,245.09,34888416,241.8438075554,243.2819658453,238.049207473,238.1609562591,34888416,0.0,1.0
2022-10-05 00:00:00+00:00,249.2,250.58,244.1,245.99,20347136,242.1547606992,243.4957461316,237.1989449706,239.0355119759,20347136,0.0,1.0
2022-10-06 00:00:00+00:00,246.79,250.34,246.08,247.93,20239886,239.8128948353,243.2625312738,239.1229675476,240.9206654099,20239886,0.0,1.0
2022-10-07 00:00:00+00:00,234.24,241.32,233.17,240.902,37769602,227.6177012286,234.4975395342,226.5779516542,234.0913569902,37769602,0.0,1.0
2022-10-10 00:00:00+00:00,229.25,234.559,226.73,233.05,29743608,222.7687756432,227.9276826438,220.3200196361,226.4613442253,29743608,0.0,1.0
2022-10-11 00:00:00+00:00,225.41,229.06,224.11,227.62,30473954,219.0373379182,222.5841472141,217.7740907716,221.1848580672,30473954,0.0,1.0
2022-10-12 00:00:00+00:00,225.75,227.86,223.96,225.4,21903937,219.3677256334,221.418072925,217.6283314855,219.0276206324,21903937,0.0,1.0
2022-10-13 00:00:00+00:00,234.24,236.1,219.13,219.85,42551818,227.6177012286,229.4251163767,212.934882472,213.6345270454,42551818,0.0,1.0
2022-10-14 00:00:00+00:00,228.56,237.24,228.34,235.54,30198588,222.098282927,230.5328869513,221.8845026407,228.8809483751,30198588,0.0,1.0
2022-10-17 00:00:00+00:00,237.53,238.96,235.135,235.82,28142268,230.8146882379,232.204260099,228.4873983026,229.1530323759,28142268,0.0,1.0
2022-10-18 00:00:00+00:00,238.5,243.93,235.37,243.24,26329591,231.7572649549,237.033751113,228.7157545175,236.3632583967,26329591,0.0,1.0
2022-10-19 00:00:00+00:00,236.48,239.61,234.29,237.04,19985698,229.7943732349,232.8358836723,227.6662876574,230.3385412365,19985698,0.0,1.0
2022-10-20 00:00:00+00:00,236.15,241.31,234.87,235.77,21811015,229.4737028054,234.4878222485,228.2298902304,229.1044459472,21811015,0.0,1.0
2022-10-21 00:00:00+00:00,242.12,243.0,234.5,234.74,26299733,235.2749223936,236.1300435389,227.8703506579,228.1035655158,26299733,0.0,1.0
2022-10-24 00:00:00+00:00,247.25,247.84,241.295,243.76,24911212,240.2598899794,240.8332098382,234.4732463199,236.8685572553,24911212,0.0,1.0
2022-10-25 00:00:00+00:00,250.66,251.04,245.83,247.26,34775505,243.5734844176,243.9427412758,238.880035404,240.2696072652,34775505,0.0,1.0
2022-10-26 00:00:00+00:00,231.32,238.3,230.06,231.17,82684846,224.7802537919,231.56291924,223.5558757883,224.6344945057,82684846,0.0,1.0
2022-10-27 00:00:00+00:00,226.75,233.69,225.78,231.04,40424645,220.3394542076,227.0832505128,219.3968774906,224.5081697911,40424645,0.0,1.0
2022-10-28 00:00:00+00:00,235.87,236.6,226.05,226.24,40647724,229.2016188046,229.9109806638,219.6592442057,219.8438726348,40647724,0.0,1.0
2022-10-31 00:00:00+00:00,232.13,234.92,231.15,233.76,28357265,225.567353937,228.2784766591,224.6150599343,227.151271513,28357265,0.0,1.0
2022-11-01 00:00:00+00:00,228.17,235.74,227.325,234.6,30592271,221.719308783,229.07529409,220.8981981378,227.9675235154,30592271,0.0,1.0
2022-11-02 00:00:00+00:00,220.1,231.3,220.04,229.46,38407008,213.877459189,224.7608192204,213.8191554745,222.9728386438,38407008,0.0,1.0
2022-11-03 00:00:00+00:00,214.25,220.41,213.98,220.09,36633922,208.1928470297,214.178695047,207.9304803147,213.8677419032,36633922,0.0,1.0
2022-11-04 00:00:00+00:00,221.39,221.59,213.431,217.55,36789063,215.1309890497,215.3253347646,207.3970013274,211.3995513247,36789063,0.0,1.0
2022-11-07 00:00:00+00:00,227.87,228.41,221.28,221.99,33497979,221.4277902108,221.9525236409,215.0240989066,215.7140261943,33497979,0.0,1.0
2022-11-08 00:00:00+00:00,228.87,231.65,225.84,228.7,28192548,222.399518785,225.1009242214,219.4551812051,222.2343249274,28192548,0.0,1.0
2022-11-09 00:00:00+00:00,224.51,228.6327,224.33,227.37,27852910,218.1627822013,222.1689275943,217.987871058,220.9419259236,27852910,0.0,1.0
2022-11-10 00:00:00+00:00,242.98,243.33,235.0,235.43,46268021,236.1106089674,236.4507139684,228.3562149451,228.774058232,46268021,0.0,1.0
2022-11-11 00:00:00+00:00,247.11,247.99,241.93,242.99,34620246,240.123847979,240.9789691244,235.0902939645,236.1203262532,34620246,0.0,1.0
2022-11-14 00:00:00+00:00,241.55,243.91,239.21,241.985,31123340,234.7210371063,237.0143165415,232.4471922426,235.1437390361,31123340,0.0,1.0
2022-11-15 00:00:00+00:00,241.97,247.0,240.03,245.66,31390117,235.1291631075,240.0169578359,233.2440096735,238.7148415464,31390117,0.0,1.0
2022-11-16 00:00:00+00:00,241.73,243.8,240.42,242.79,24093272,235.5567236801,237.5738602292,234.2801783278,236.5896535072,24093272,0.68,1.0
2022-11-17 00:00:00+00:00,241.68,243.25,237.63,237.78,23123544,235.5080005751,237.0379060737,231.5614290659,231.7075983811,23123544,0.0,1.0
2022-11-18 00:00:00+00:00,241.22,243.74,239.03,243.51,27613523,235.0597480086,237.5153925032,232.9256760074,237.29126622,27613523,0.0,1.0
2022-11-21 00:00:00+00:00,242.05,244.67,241.19,241.43,26394700,235.8685515525,238.4216422571,235.0305141456,235.2643850498,26394700,0.0,1.0
2022-11-22 00:00:00+00:00,245.03,245.31,240.71,243.59,19665699,238.7724486135,239.0452980018,234.5627723371,237.369223188,19665699,0.0,1.0
2022-11-23 00:00:00+00:00,247.58,248.28,244.27,245.105,19508462,241.2573269711,241.9394504418,238.0318574167,238.8455332711,19508462,0.0,1.0
2022-11-25 00:00:00+00:00,247.49,248.7,246.73,247.31,9200772,241.169625382,242.3487245243,240.4290341852,240.9942222038,9200772,0.0,1.0
2022-11-28 00:00:00+00:00,241.76,246.65,240.8,246.08,24810271,235.5859575432,240.3510772172,234.6504739262,239.7956338196,24810271,0.0,1.0
2022-11-29 00:00:00+00:00,240.33,242.79,238.21,241.4,17956313,234.1924767387,236.5896535072,232.1266170845,235.2351511868,17956313,0.0,1.0
2022-11-30 00:00:00+00:00,255.14,255.33,239.86,240.57,47594239,248.6242604548,248.809408254,233.7344795512,234.4263476429,47594239,0.0,1.0
2022-12-01 00:00:00+00:00,254.69,256.12,250.9156,253.87,26041524,248.1857525094,249.5792333138,244.5077427553,247.3866935865,26041524,0.0,1.0
2022-12-02 00:00:00+00:00,255.02,256.06,249.69,249.82,21528520,248.5073250027,249.5207655878,243.3134420043,243.4401220774,21528520,0.0,1.0
2022-12-05 00:00:00+00:00,250.2,253.819,248.06,252.01,23435294,243.8104176758,247.3369960194,241.7250687796,245.5741940786,23435294,0.0,1.0
2022-12-06 00:00:00+00:00,245.12,251.86,243.78,250.82,22463727,238.8601502026,245.4280247635,237.5543709872,244.4145841784,22463727,0.0,1.0
2022-12-07 00:00:00+00:00,244.37,246.16,242.205,244.83,20481522,238.1293036268,239.8735907877,236.0195931781,238.5775561933,20481522,0.0,1.0
2022-12-08 00:00:00+00:00,247.4,248.74,243.06,244.84,22611757,241.0819237929,242.3877030083,236.8527582745,238.5873008143,22611757,0.0,1.0
2022-12-09 00:00:00+00:00,245.42,248.31,244.16,244.695,20609743,239.1524888329,241.9686843049,237.9246665856,238.4460038097,20609743,0.0,1.0
2022-12-12 00:00:00+00:00,252.51,252.54,247.17,247.445,30665069,246.0614251292,246.0906589922,240.8577975097,241.1257745875,30665069,0.0,1.0
2022-12-13 00:00:00+00:00,256.92,263.915,253.07,261.69,42196884,250.3588029947,257.1751653913,246.6071239057,255.0069872165,42196884,0.0,1.0
2022-12-14 00:00:00+00:00,257.22,262.588,254.31,257.13,35410933,250.651141625,255.8820541833,247.815456911,250.5634400359,35410933,0.0,1.0
2022-12-15 00:00:00+00:00,249.01,254.2,247.34,253.72,35568093,242.6508077756,247.7082660799,241.0234560669,247.2405242714,35568093,0.0,1.0
2022-12-16 00:00:00+00:00,244.69,249.84,243.51,248.55,86101994,238.4411314992,243.4596113194,237.29126622,242.2025552091,86101994,0.0,1.0
2022-12-19 00:00:00+00:00,240.45,245.21,238.71,244.86,29696436,234.3094121908,238.9478517917,232.613848135,238.6067900563,29696436,0.0,1.0
2022-12-20 00:00:00+00:00,241.8,242.91,238.42,239.4,25150802,235.6249360272,236.7065889593,232.3312541257,233.2862269848,25150802,0.0,1.0
2022-12-21 00:00:00+00:00,244.43,245.615,240.11,241.69,23690607,238.1877713529,239.3425089426,233.9780950765,235.5177451961,23690607,0.0,1.0
2022-12-22 00:00:00+00:00,238.19,241.99,233.87,241.255,28651664,232.1071278425,235.8100838264,227.8974515661,235.0938541821,28651664,0.0,1.0
2022-12-23 00:00:00+00:00,238.73,238.87,233.9428,236.11,21206982,232.6333373771,232.7697620712,227.9683924071,230.0802466724,21206982,0.0,1.0
2022-12-27 00:00:00+00:00,236.96,238.93,235.83,238.7,16688648,230.9085394583,232.8282297973,229.8073972841,232.604103514,16688648,0.0,1.0
2022-12-28 00:00:00+00:00,234.53,239.72,234.17,236.89,17457104,228.5405965528,233.5980548571,228.1897901964,230.8403271112,17457104,0.0,1.0
2022-12-29 00:00:00+00:00,241.01,241.92,235.65,235.65,19770693,234.8551109674,235.7418714793,229.6319941059,229.6319941059,19770693,0.0,1.0
2022-12-30 00:00:00+00:00,239.82,239.96,236.66,238.21,21938472,233.6955010672,233.8319257613,230.6162008279,232.1266170845,21938472,0.0,1.0
2023-01-03 00:00:00+00:00,239.58,245.75,237.4,243.08,25740036,233.4616301629,239.4740613262,231.3373027827,236.8722475165,25740036,0.0,1.0
2023-01-04 00:00:00+00:00,229.1,232.87,225.96,232.275,50623394,223.2492673442,226.9229894651,220.189456347,226.343184515,50623394,0.0,1.0
2023-01-05 00:00:00+00:00,222.31,227.55,221.7602,227.2,39585623,216.6326696783,221.7388510876,216.0969104151,221.3977893523,39585623,0.0,1.0
2023-01-06 00:00:00+00:00,224.93,225.7601,219.35,223.0,43613574,219.185760383,219.994661373,213.7482618593,217.305048528,43613574,0.0,1.0
2023-01-09 00:00:00+00:00,227.12,231.2366,226.41,226.45,27369784,221.3198323842,225.3313030693,220.6279642925,220.6669427765,27369784,0.0,1.0
2023-01-10 00:00:00+00:00,228.85,231.31,227.33,227.755,27033881,223.005651819,225.4028285875,221.5244694254,221.9386158183,27033881,0.0,1.0
2023-01-11 00:00:00+00:00,235.77,235.95,231.11,231.29,28669331,229.748929558,229.9243327362,225.2079361673,225.3833393455,28669331,0.0,1.0
2023-01-12 00:00:00+00:00,238.51,239.9,233.56,235.26,27269486,232.4189557148,233.7734580353,227.5953683148,229.2519538865,27269486,0.0,1.0
2023-01-13 00:00:00+00:00,239.23,239.37,234.92,237.002,21333265,233.1205684276,233.2569931217,228.9206367722,230.9494668665,21333265,0.0,1.0
2023-01-17 00:00:00+00:00,240.35,240.91,237.09,237.97,29831257,234.2119659807,234.7576647573,231.0352195314,231.8927461803,29831257,0.0,1.0
2023-01-18 00:00:00+00:00,235.81,242.38,235.52,241.565,30028692,229.7879080421,236.1901240458,229.5053140328,235.3959374335,30028692,0.0,1.0
2023-01-19 00:00:00+00:00,231.93,235.52,230.68,233.78,28623033,226.0069950901,229.5053140328,224.7889174638,227.809749977,28623033,0.0,1.0
2023-01-20 00:00:00+00:00,240.22,240.74,234.51,234.855,35389809,234.0852859076,234.5920062001,228.5211073108,228.8572967356,35389809,0.0,1.0
2023-01-23 00:00:00+00:00,242.58,245.165,239.65,241.1,31933951,236.385016466,238.9040009971,233.52984251,234.9428125565,31933951,0.0,1.0
2023-01-24 00:00:00+00:00,242.04,243.95,240.44,242.5,40234444,235.8588069315,237.7200295444,234.2996675698,236.3070594979,40234444,0.0,1.0
2023-01-25 00:00:00+00:00,240.61,243.3,230.9,234.48,66526641,234.465326127,237.0866291787,225.0032991261,228.4918734477,66526641,0.0,1.0
2023-01-26 00:00:00+00:00,248.0,248.31,242.0,243.65,33454491,241.6666010535,241.9686843049,235.8198284474,237.4276909141,33454491,0.0,1.0
2023-01-27 00:00:00+00:00,248.16,249.83,246.83,248.99,26498939,241.8225149897,243.4498666984,240.5264803953,242.6313185336,26498939,0.0,1.0
2023-01-30 00:00:00+00:00,242.71,245.6,242.2,244.51,25867365,236.5116965391,239.3278920111,236.0147208676,238.265728321,25867365,0.0,1.0
2023-01-31 00:00:00+00:00,247.81,247.95,242.945,243.45,26541072,241.4814532543,241.6178779485,236.7406951329,237.2327984939,26541072,0.0,1.0
2023-02-01 00:00:00+00:00,252.75,255.18,245.47,248.0,31259912,246.2952960334,248.6632389389,239.201211938,241.6666010535,31259912,0.0,1.0
2023-02-02 00:00:00+00:00,264.6,264.69,257.25,258.82,39940437,257.8426719305,257.9303735196,250.680375488,252.2102809866,39940437,0.0,1.0
2023-02-03 00:00:00+00:00,258.35,264.2,257.1,259.542,29077256,251.7522837991,257.4528870901,250.5342061728,252.9138426235,29077256,0.0,1.0
2023-02-06 00:00:00+00:00,256.77,258.3,254.78,257.44,22517997,250.2126336795,251.7035606941,248.2734540985,250.8655232872,22517997,0.0,1.0
2023-02-07 00:00:00+00:00,267.56,268.775,260.08,260.53,50841365,260.7270797495,261.9110512023,253.4381032339,253.8766111794,50841365,0.0,1.0
2023-02-08 00:00:00+00:00,266.73,276.76,266.21,273.2,54686049,259.9182762057,269.6921310789,259.4115559132,266.2230459993,54686049,0.0,1.0
2023-02-09 00:00:00+00:00,263.62,273.98,262.8,273.8,42375102,256.8876990715,266.9831264381,256.0886401487,266.8077232599,42375102,0.0,1.0
2023-02-10 00:00:00+00:00,263.1,264.09,260.662,261.53,25818489,256.380978779,257.345696259,254.0052401767,254.8510732804,25818489,0.0,1.0
2023-02-13 00:00:00+00:00,271.32,274.6,267.15,267.64,44630921,264.3910572494,267.5872929407,260.3275502881,260.8050367176,44630921,0.0,1.0
2023-02-14 00:00:00+00:00,272.17,274.97,269.28,272.67,37047924,265.2193500353,267.9478439181,262.4031545633,265.7065810858,37047924,0.0,1.0
2023-02-15 00:00:00+00:00,269.32,270.73,266.18,268.32,28962163,263.104767276,264.4822279988,260.037230631,262.1278447776,28962163,0.68,1.0
2023-02-16 00:00:00+00:00,262.15,266.74,261.9,264.02,29603616,256.1002329623,260.5843072301,255.8560023377,257.9270780344,29603616,0.0,1.0
2023-02-17 00:00:00+00:00,258.06,260.09,256.0,259.39,30000055,252.1046199438,254.0877726156,250.092159597,253.4039268667,30000055,0.0,1.0
2023-02-21 00:00:00+00:00,252.67,255.49,251.59,254.48,28397444,246.8390076772,249.5939291228,245.7839313789,248.6072373994,28397444,0.0,1.0
2023-02-22 00:00:00+00:00,251.51,254.34,250.34,254.09,22491056,245.7057775791,248.4704682496,244.5627782559,248.226237625,22491056,0.0,1.0
2023-02-23 00:00:00+00:00,254.77,256.84,250.48,255.56,29219095,248.8905449239,250.9127744957,244.6995474057,249.6623136977,29219095,0.0,1.0
2023-02-24 00:00:00+00:00,249.22,251.0,248.1,249.96,24990905,243.4686250577,245.2075471049,242.3744718594,244.1915477065,24990905,0.0,1.0
2023-02-27 00:00:00+00:00,250.16,252.82,249.39,252.46,21190042,244.3869322062,246.985546052,243.6347018824,246.6338539526,21190042,0.0,1.0
2023-02-28 00:00:00+00:00,249.42,251.49,248.73,249.07,22490950,243.6640095574,245.6862391291,242.9899330334,243.3220866829,22490950,0.0,1.0
2023-03-01 00:00:00+00:00,246.27,250.93,245.79,250.76,27565259,240.5867036873,245.13916253,240.1177808881,244.9730857053,27565259,0.0,1.0
2023-03-02 00:00:00+00:00,251.11,251.4,245.61,246.55,24833646,245.3150085797,245.5983161042,239.9419348384,240.8602419869,24833646,0.0,1.0
2023-03-03 00:00:00+00:00,255.29,255.62,251.39,252.19,30760136,249.3985446231,249.7209290476,245.5885468793,246.370084878,30760136,0.0,1.0
2023-03-06 00:00:00+00:00,256.87,260.12,255.98,256.425,24109849,250.9420821706,254.1170802905,250.072621147,250.5073516588,24109849,0.0,1.0
2023-03-07 00:00:00+00:00,254.15,257.69,253.39,256.3,21473179,248.2848529749,251.7431586193,247.5423918761,250.3852363465,21473179,0.0,1.0
2023-03-08 00:00:00+00:00,253.7,254.5417,250.81,254.04,17340217,247.8452378506,248.6675135175,245.0219318302,248.1773915001,17340217,0.0,1.0
2023-03-09 00:00:00+00:00,252.32,259.56,251.58,255.82,26653387,246.4970848028,253.5700036914,245.774162154,249.9163135473,26653387,0.0,1.0
2023-03-10 00:00:00+00:00,248.59,252.79,247.6,251.08,28333930,242.8531638837,246.9562383771,241.8860106102,245.2857009047,28333930,0.0,1.0
2023-03-13 00:00:00+00:00,253.92,257.91,245.73,247.4,33339721,248.0601608003,251.958081569,240.0591655382,241.6906261105,33339721,0.0,1.0
2023-03-14 00:00:00+00:00,260.79,261.07,255.86,256.75,33620293,254.7716183645,255.045156664,249.9553904472,250.8248514708,33620293,0.0,1.0
2023-03-15 00:00:00+00:00,265.44,266.48,259.21,259.98,46028047,259.3143079821,260.3303073805,253.228080817,253.9803111407,46028047,0.0,1.0
2023-03-16 00:00:00+00:00,276.2,276.56,263.28,265.205,54832140,269.8259940652,270.1776861646,257.2041553855,259.084731195,54832140,0.0,1.0
2023-03-17 00:00:00+00:00,279.43,283.33,276.3201,278.26,69527371,272.9814537351,276.791451479,269.9433224573,271.838454412,69527371,0.0,1.0
2023-03-20 00:00:00+00:00,272.23,277.48,269.85,276.98,43466649,265.9476117465,271.0764548632,263.6225362002,270.587993614,43466649,0.0,1.0
2023-03-21 00:00:00+00:00,273.78,275.0,269.5191,274.88,34558704,267.461841619,268.6536870671,263.2992725455,268.5364563673,34558704,0.0,1.0
2023-03-22 00:00:00+00:00,272.29,281.04,272.18,273.4,34873330,266.0062270964,274.5542989576,265.8987656215,267.0906110696,34873330,0.0,1.0
2023-03-23 00:00:00+00:00,277.66,281.06,275.2,277.94,36610879,271.2523009129,274.5738374076,268.8490715668,271.5258392125,36610879,0.0,1.0
2023-03-24 00:00:00+00:00,280.57,280.63,275.28,277.24,28199962,274.0951453833,274.1537607332,268.9272253667,270.8419934636,28199962,0.0,1.0
2023-03-27 00:00:00+00:00,276.38,281.4589,275.52,280.5,26840212,270.0018401149,274.9635317922,269.1616867663,274.0267608084,26840212,0.0,1.0
2023-03-28 00:00:00+00:00,275.23,276.14,272.0451,275.79,21878647,268.8783792417,269.7673787153,265.7669787765,269.4254558409,21878647,0.0,1.0
2023-03-29 00:00:00+00:00,280.51,281.1398,278.41,278.96,25087032,274.0365300334,274.6517958229,271.9849927867,272.5223001609,25087032,0.0,1.0
2023-03-30 00:00:00+00:00,284.05,284.46,281.48,284.23,25053410,277.4948356778,277.8953739022,274.9841448569,277.6706817276,25053410,0.0,1.0
2023-03-31 00:00:00+00:00,288.3,289.27,283.0,283.73,32765976,281.6467562962,282.5943711196,276.4690670545,277.1822204784,32765976,0.0,1.0
2023-04-03 00:00:00+00:00,287.23,288.27,283.95,286.52,24883342,280.6014492228,281.6174486212,277.397143428,279.907834249,24883342,0.0,1.0
2023-04-04 00:00:00+00:00,287.18,290.4499,285.67,287.23,25824299,280.5526030979,283.7470419755,279.0774501253,280.6014492228,25824299,0.0,1.0
2023-04-05 00:00:00+00:00,284.34,287.15,282.92,285.85,22064770,277.7781432024,280.523295423,276.3909132546,279.253296175,22064770,0.0,1.0
2023-04-06 00:00:00+00:00,291.6,292.08,282.03,283.21,29770334,284.870600541,285.3395233402,275.521452231,276.6742207792,29770334,0.0,1.0
2023-04-10 00:00:00+00:00,289.39,289.6,284.71,289.208,23102994,282.7116018194,282.9167555441,278.1396045268,282.5338019247,23102994,0.0,1.0
2023-04-11 00:00:00+00:00,282.83,285.98,281.64,285.75,27276589,276.3029902298,279.3802960998,275.1404524566,279.1556039252,27276589,0.0,1.0
2023-04-12 00:00:00+00:00,283.49,287.01,281.96,284.79,27403432,276.9477590787,280.3865262732,275.4530676561,278.2177583267,27403432,0.0,1.0
2023-04-13 00:00:00+00:00,289.84,289.9,283.17,283.59,24222678,283.1512169437,283.2098322936,276.6351438792,277.0454513286,24222678,0.0,1.0
2023-04-14 00:00:00+00:00,286.14,288.48,283.69,287.0,20987917,279.5366036996,281.8226023459,277.1431435784,280.3767570482,20987917,0.0,1.0
2023-04-17 00:00:00+00:00,288.8,291.6,286.16,289.93,23791151,282.1352175454,284.870600541,279.5561421495,283.2391399686,23791151,0.0,1.0
2023-04-18 00:00:00+00:00,288.37,291.755,287.01,291.57,20161845,281.715140871,285.0220235282,280.3865262732,284.841292866,20161845,0.0,1.0
2023-04-19 00:00:00+00:00,288.45,289.05,284.54,285.99,17150271,281.7932946709,282.37944817,277.9735277021,279.3900653248,17150271,0.0,1.0
2023-04-20 00:00:00+00:00,286.11,289.03,285.08,285.25,23244363,279.5072960246,282.35990972,278.5010658512,278.667142676,23244363,0.0,1.0
2023-04-21 00:00:00+00:00,285.76,286.27,283.0608,285.01,21676387,279.1653731502,279.6636036244,276.5284639424,278.4326812763,21676387,0.0,1.0
2023-04-24 00:00:00+00:00,281.77,284.95,278.72,282.09,26611014,275.2674523814,278.3740659264,272.2878387612,275.5800675809,26611014,0.0,1.0
2023-04-25 00:00:00+00:00,275.42,281.6,275.37,279.51,45772236,269.0639945164,275.1013755567,269.0151483915,273.059607535,45772236,0.0,1.0
2023-04-26 00:00:00+00:00,295.37,299.57,292.73,296.7,64481117,288.55359836,292.6566728534,285.9745229642,289.8529052829,64481117,0.0,1.0
2023-04-27 00:00:00+00:00,304.83,305.2,295.25,295.97,46462638,297.7952851951,298.1567465196,288.4363676602,289.1397518591,46462638,0.0,1.0
2023-04-28 00:00:00+00:00,307.26,308.93,303.31,304.01,36469613,300.1692068663,301.8006674387,296.3103629975,296.9942087464,36469613,0.0,1.0
2023-05-01 00:00:00+00:00,305.56,308.6,305.15,306.97,21294115,298.508438619,301.4782830142,298.1079003946,299.8858993418,21294115,0.0,1.0
2023-05-02 00:00:00+00:00,305.41,309.18,303.91,307.76,26404431,298.3619002442,302.0448980633,296.8965164966,300.6576681155,26404431,0.0,1.0
2023-05-03 00:00:00+00:00,304.4,308.61,304.09,306.62,22360754,297.3752085208,301.4880522392,297.0723625463,299.5439764673,22360754,0.0,1.0
2023-05-04 00:00:00+00:00,305.41,307.7626,303.4,306.24,22519907,298.3619002442,300.660208114,296.3982860224,299.1727459179,22519907,0.0,1.0
2023-05-05 00:00:00+00:00,310.65,311.97,304.27,305.72,28197052,303.480974136,304.7705118339,297.248208596,298.6647462187,28197052,0.0,1.0
2023-05-08 00:00:00+00:00,308.65,310.2,306.09,310.13,21318613,301.5271291391,303.0413590117,299.0262075432,302.9729744368,21318613,0.0,1.0
2023-05-09 00:00:00+00:00,307.0,310.04,306.31,308.0,21340829,299.9152070167,302.8850514119,299.2411304928,300.8921295151,21340829,0.0,1.0
2023-05-10 00:00:00+00:00,312.31,313.0,307.67,308.62,30078044,305.1026654834,305.7767420073,300.5697450907,301.4978214642,30078044,0.0,1.0
2023-05-11 00:00:00+00:00,310.11,311.12,306.2601,310.1,31680179,302.9534359868,303.9401277102,299.1923820601,302.9436667618,31680179,0.0,1.0
2023-05-12 00:00:00+00:00,308.97,310.65,306.6,310.55,19774696,301.8397443386,303.480974136,299.5244380173,303.3832818861,19774696,0.0,1.0
2023-05-15 00:00:00+00:00,309.46,309.905,307.59,309.095,16336547,302.3184363628,302.7531668746,300.4915912908,301.9618596509,16336547,0.0,1.0
2023-05-16 00:00:00+00:00,311.74,313.71,309.83,309.83,26730347,304.5458196593,306.4703569812,302.6798976873,302.6798976873,26730347,0.0,1.0
2023-05-17 00:00:00+00:00,314.0,314.43,310.74,312.29,24315012,307.4179718046,307.8389581991,304.2263075114,305.7438166079,24315012,0.68,1.0
2023-05-18 00:00:00+00:00,318.52,319.04,313.72,314.53,27275991,311.8432241376,312.3523239635,307.1438411291,307.9368620118,27275991,0.0,1.0
2023-05-19 00:00:00+00:00,318.34,318.75,316.37,316.74,27546701,311.6669972748,312.0684029068,309.7382921651,310.100536272,27546701,0.0,1.0
2023-05-22 00:00:00+00:00,321.18,322.59,318.01,318.6,24115664,314.4474655548,315.8279093136,311.343914693,311.9215471878,24115664,0.0,1.0
2023-05-23 00:00:00+00:00,315.26,322.72,315.25,320.03,30797173,308.6515598444,315.95518427,308.6417694631,313.321571709,30797173,0.0,1.0
2023-05-24 00:00:00+00:00,313.85,316.5,312.61,314.73,23384887,307.2711160856,309.8655671215,306.0571088084,308.1326696372,23384887,0.0,1.0
2023-05-25 00:00:00+00:00,325.92,326.9,320.0,323.24,43301743,319.0881062757,320.0475636399,313.2922005652,316.464284096,43301743,0.0,1.0
2023-05-26 00:00:00+00:00,332.89,333.4,323.88,324.02,36630633,325.9120020192,326.4113114639,317.0908684971,317.2279338348,36630633,0.0,1.0
2023-05-30 00:00:00+00:00,331.21,335.74,330.52,335.23,29503070,324.2672179663,328.7022606805,323.5916816588,328.2029512359,29503070,0.0,1.0
2023-05-31 00:00:00+00:00,328.39,335.94,327.33,332.29,45546858,321.5063304488,328.8980683059,320.4685500344,325.3245791432,45546858,0.0,1.0
2023-06-01 00:00:00+00:00,332.58,333.53,324.72,325.93,26773851,325.6085001999,326.5385864204,317.9132605236,319.097896657,26773851,0.0,1.0
2023-06-02 00:00:00+00:00,335.4,337.5,332.55,334.247,25873769,328.3693877174,330.4253677836,325.5791290561,327.2405567573,25873769,0.0,1.0
2023-06-05 00:00:00+00:00,335.94,338.5599,334.6601,335.22,21307053,328.8980683059,331.4630502942,327.6449974074,328.1931608546,21307053,0.0,1.0
2023-06-06 00:00:00+00:00,333.68,335.37,332.17,335.33,20396223,326.6854421394,328.3400165736,325.207094568,328.3008550486,20396223,0.0,1.0
2023-06-07 00:00:00+00:00,323.38,334.49,322.5,331.65,40717129,316.6013494337,327.4784630221,315.7397958821,324.6979947421,40717129,0.0,1.0
2023-06-08 00:00:00+00:00,325.26,326.64,323.35,323.935,23277708,318.441941112,319.793013727,316.5719782899,317.1447155941,23277708,0.0,1.0
2023-06-09 00:00:00+00:00,326.79,329.99,324.41,324.99,22528950,319.939869446,323.0727914516,317.6097587043,318.1776008178,22528950,0.0,1.0
2023-06-12 00:00:00+00:00,331.85,332.0999,325.16,328.58,24306753,324.8938023674,325.1384639953,318.3440372993,321.6923476929,24306753,0.0,1.0
2023-06-13 00:00:00+00:00,334.29,336.98,330.39,334.465,22951279,327.2826553967,329.9162679577,323.4644067023,327.4539870689,22951279,0.0,1.0
2023-06-14 00:00:00+00:00,337.34,339.04,332.81,334.34,26003791,330.2687216834,331.9330864989,325.8336789691,327.3316073031,26003791,0.0,1.0
2023-06-15 00:00:00+00:00,348.1,349.84,337.2,337.48,38899075,340.8031719274,342.5066982679,330.1316563456,330.4057870211,38899075,0.0,1.0
2023-06-16 00:00:00+00:00,342.33,351.47,341.95,351.32,46551985,335.1541219359,344.1025304146,334.7820874477,343.9556746955,46551985,0.0,1.0
2023-06-20 00:00:00+00:00,338.05,342.08,335.86,339.31,26375407,330.9638387534,334.9093624042,328.8197452557,332.1974267931,26375407,0.0,1.0
2023-06-21 00:00:00+00:00,333.56,337.73,332.07,336.37,25117799,326.5679575642,330.6505465528,325.1091907553,329.3190547004,25117799,0.0,1.0
2023-06-22 00:00:00+00:00,339.71,340.12,333.34,334.12,23556764,332.5890420438,332.9904476758,326.3525691763,327.1162189152,23556764,0.0,1.0
2023-06-23 00:00:00+00:00,335.02,337.96,333.45,334.36,23146901,327.9973532293,330.8757253219,326.4602633702,327.3511880656,23146901,0.0,1.0
2023-06-26 00:00:00+00:00,328.6,336.11,328.49,333.72,21520582,321.7119284554,329.0645047874,321.6042342615,326.7246036645,21520582,0.0,1.0
2023-06-27 00:00:00+00:00,334.57,336.15,329.3,331.86,24354110,327.5567860722,329.1036663125,322.3972551442,324.9035927487,24354110,0.0,1.0
2023-06-28 00:00:00+00:00,335.85,337.98,333.81,334.66,20259523,328.8099548745,330.8953060845,326.8127170959,327.6448995036,20259523,0.0,1.0
2023-06-29 00:00:00+00:00,335.05,336.11,332.62,334.71,16997042,328.0267243731,329.0645047874,325.647661725,327.69385141,16997042,0.0,1.0
2023-06-30 00:00:00+00:00,340.54,342.73,337.2,337.75,26832756,333.401643689,335.5457371866,330.1316563456,330.6701273153,26832756,0.0,1.0
2023-07-03 00:00:00+00:00,337.99,340.9,336.571,339.19,12508692,330.9050964658,333.7540974146,329.5158413639,332.0799422179,12508692,0.0,1.0
2023-07-05 00:00:00+00:00,338.15,341.65,334.7276,335.09,18172378,331.061742566,334.4883760097,327.711082481,328.0658858981,18172378,0.0,1.0
2023-07-06 00:00:00+00:00,341.27,342.99,335.5,337.3,28195534,334.1163415215,335.8002870996,328.4672915301,330.2295601583,28195534,0.0,1.0
2023-07-07 00:00:00+00:00,337.22,341.79,337.0,339.32,21214824,330.1512371081,334.6254413475,329.9358487203,332.2072171744,21214824,0.0,1.0
2023-07-10 00:00:00+00:00,331.83,335.23,327.59,334.6,32791449,324.8742216049,328.2029512359,320.7230999474,327.586157216,32791449,0.0,1.0
2023-07-11 00:00:00+00:00,332.47,332.86,327.0,331.06,26698218,325.500806006,325.8826308754,320.1454674526,324.1203622473,26698218,0.0,1.0
2023-07-12 00:00:00+00:00,337.2,341.652,335.67,336.6,29995262,330.1316563456,334.490334086,328.6337280117,329.5442334695,29995262,0.0,1.0
2023-07-13 00:00:00+00:00,342.66,343.74,339.02,339.56,20567159,335.4772045178,336.5345656947,331.9135057363,332.4421863248,20567159,0.0,1.0
2023-07-14 00:00:00+00:00,345.24,351.43,344.31,347.59,28352729,338.0031228848,344.0633688895,337.0926174269,340.3038624827,28352729,0.0,1.0
2023-07-17 00:00:00+00:00,345.73,346.99,342.2,345.678,20363927,338.4828515669,339.7164396066,335.0268469794,338.4319415843,20363927,0.0,1.0
2023-07-18 00:00:00+00:00,359.49,366.78,342.17,345.83,64872705,351.9544161912,359.0916041354,334.9974758356,338.5807553796,64872705,0.0,1.0
2023-07-19 00:00:00+00:00,355.08,362.46,352.435,361.75,39732901,347.6368580522,354.8621594277,345.0473022069,354.1670423577,39732901,0.0,1.0
2023-07-20 00:00:00+00:00,346.87,357.97,345.37,353.57,33778395,339.5989550314,350.4662782385,338.1303978413,346.1585104808,33778395,0.0,1.0
2023-07-21 00:00:00+00:00,343.77,350.3,339.83,349.15,69405382,336.5639368385,342.9570558062,332.706526619,341.8311619605,69405382,0.0,1.0
2023-07-24 00:00:00+00:00,345.11,346.92,342.31,345.85,26719207,337.8758479283,339.6479069378,335.1345411734,338.6003361421,26719207,0.0,1.0
2023-07-25 00:00:00+00:00,350.98,351.89,345.07,347.11,41637739,343.6228017324,344.5137264278,337.8366864033,339.8339241819,41637739,0.0,1.0
2023-07-26 00:00:00+00:00,337.77,344.67,333.11,341.44,58383702,330.6897080779,337.4450711526,326.1273904071,334.2827780031,58383702,0.0,1.0
2023-07-27 00:00:00+00:00,330.72,341.33,329.05,340.48,39635262,323.7874892842,334.1750838092,322.1524956125,333.3429014014,39635262,0.0,1.0
2023-07-28 00:00:00+00:00,338.37,340.01,333.17,333.67,28484868,331.2771309539,332.8827534818,326.1861326947,326.6756517581,28484868,0.0,1.0
2023-07-31 00:00:00+00:00,335.92,337.695,333.36,336.92,25446022,328.8784875433,330.6162802184,326.3721499388,329.8575256701,25446022,0.0,1.0
2023-08-01 00:00:00+00:00,336.34,338.54,333.7,335.19,18381253,329.2896835566,331.4435674355,326.7050229019,328.1637897108,18381253,0.0,1.0
2023-08-02 00:00:00+00:00,327.5,333.63,326.3551,333.63,27761257,320.634986516,326.6364902331,319.5140857646,326.6364902331,27761257,0.0,1.0
2023-08-03 00:00:00+00:00,326.66,329.88,325.95,326.0,18360352,319.8125944895,322.9650972577,319.1174774195,319.1664293258,18360352,0.0,1.0
2023-08-04 00:00:00+00:00,327.78,335.14,327.24,331.88,23741484,320.9091171915,328.1148378045,320.380436603,324.9231735112,23741484,0.0,1.0
2023-08-07 00:00:00+00:00,330.11,331.11,327.52,328.37,17741526,323.1902760268,324.1693141536,320.6545672785,321.4867496863,17741526,0.0,1.0
2023-08-08 00:00:00+00:00,326.05,328.75,323.0,326.96,22327574,319.2153812322,321.8587841744,316.2293149455,320.1063059275,22327574,0.0,1.0
2023-08-09 00:00:00+00:00,322.23,327.11,321.0499,326.47,22373268,315.4754555879,320.2531616465,314.3200926945,319.6265772454,22373268,0.0,1.0
2023-08-10 00:00:00+00:00,322.93,328.26,321.18,326.015,20113725,316.1607822767,321.3790554923,314.4474655548,319.1811148977,20113725,0.0,1.0
2023-08-11 00:00:00+00:00,321.01,322.41,319.21,320.26,24355491,314.2810290733,315.6516824507,312.5187604451,313.5467504782,24355491,0.0,1.0
2023-08-14 00:00:00+00:00,324.04,324.06,320.08,321.39,18836139,317.2475145974,317.2670953599,313.3705236154,314.6530635614,18836139,0.0,1.0
2023-08-15 00:00:00+00:00,321.86,325.09,320.9034,323.0,16966285,315.113211481,318.2755046305,314.1766636089,316.2293149455,16966285,0.0,1.0
2023-08-16 00:00:00+00:00,320.4,324.42,319.8035,320.8,20698864,314.3495617421,318.2936480037,313.7643260568,314.7420081363,20698864,0.68,1.0
2023-08-17 00:00:00+00:00,316.88,321.87,316.21,320.54,21257161,310.8960334733,315.7918022408,310.238685763,314.4869179801,21257161,0.0,1.0
2023-08-18 00:00:00+00:00,316.48,318.38,311.5508,314.49,24755012,310.5035870791,312.3677074515,305.6674701636,308.5511662681,24755012,0.0,1.0
2023-08-21 00:00:00+00:00,321.88,322.77,317.04,317.93,24039956,315.8016134006,316.6748066277,311.053012031,311.926205258,24039956,0.0,1.0
2023-08-22 00:00:00+00:00,322.46,326.075,321.46,325.5,16102024,316.3706606722,319.9173949596,315.3895446867,319.353253268,16102024,0.0,1.0
2023-08-23 00:00:00+00:00,327.0,329.2,323.46,323.82,21166382,320.8249272462,322.9833824142,317.3517766576,317.7049784124,21166382,0.0,1.0
2023-08-24 00:00:00+00:00,319.97,332.98,319.96,332.85,23281434,313.9276818684,326.6920008393,313.9178707085,326.5644557611,23281434,0.0,1.0
2023-08-25 00:00:00+00:00,322.98,325.36,318.8001,321.47,21684104,316.8808409846,319.21589703,312.779874277,315.3993558466,21684104,0.0,1.0
2023-08-28 00:00:00+00:00,323.7,326.15,321.722,325.66,14808482,317.5872444942,319.9909786585,315.6465970749,319.5102318257,14808482,0.0,1.0
2023-08-29 00:00:00+00:00,328.41,328.9835,321.88,321.88,19284590,322.2083007857,322.7709708034,315.8016134006,315.8016134006,19284590,0.0,1.0
2023-08-30 00:00:00+00:00,328.79,329.81,326.445,328.67,15222110,322.5811248602,323.5818631653,320.2804078743,322.4633909419,15222110,0.0,1.0
2023-08-31 00:00:00+00:00,327.76,330.9099,326.78,329.2,26410954,321.5705753951,324.6609926377,320.6090817294,322.9833824142,26410954,0.0,1.0
2023-09-01 00:00:00+00:00,328.66,331.99,326.78,331.31,14942024,322.4535797821,325.7206960136,320.6090817294,325.0535371435,14942024,0.0,1.0
2023-09-05 00:00:00+00:00,333.55,334.85,328.66,329.0,18553859,327.251236951,328.5266877321,322.4535797821,322.7871592171,18553859,0.0,1.0
2023-09-06 00:00:00+00:00,332.88,334.46,330.18,333.38,17535773,326.5938892407,328.1440524977,323.94487608,327.0844472334,17535773,0.0,1.0
2023-09-07 00:00:00+00:00,329.91,333.08,329.03,331.29,18380995,323.6799747639,326.7901124378,322.8165926967,325.0339148238,18380995,0.0,1.0
2023-09-08 00:00:00+00:00,334.27,336.16,329.46,330.09,19548165,327.9576404605,329.811949673,323.2384725704,323.8565756413,19548165,0.0,1.0
2023-09-11 00:00:00+00:00,337.94,338.42,335.43,337.24,16583324,331.5583361271,332.0292718002,329.0957350036,330.8715549373,16583324,0.0,1.0
2023-09-12 00:00:00+00:00,331.77,336.79,331.48,335.815,17565482,325.5048504968,330.4300527439,325.2203268611,329.473464658,17565482,0.0,1.0
2023-09-13 00:00:00+00:00,336.06,336.85,331.17,331.31,16544412,329.7138380745,330.488919703,324.9161809056,325.0535371435,16544412,0.0,1.0
2023-09-14 00:00:00+00:00,338.7,340.86,336.57,339.148,20267048,332.3039842761,334.4231948047,330.2142072271,332.7435242376,20267048,0.0,1.0
2023-09-15 00:00:00+00:00,330.22,337.3975,329.65,336.92,37679792,323.9841207194,331.026080705,323.4248846077,330.557597822,37679792,0.0,1.0
2023-09-18 00:00:00+00:00,329.06,330.4,326.36,327.8,16834208,322.8460261762,324.1607215968,320.1970130155,321.6098200346,16834208,0.0,1.0
2023-09-19 00:00:00+00:00,328.65,329.39,324.51,326.17,16514487,322.4437686222,323.1697944514,318.3819484424,320.0106009783,16514487,0.0,1.0
2023-09-20 00:00:00+00:00,320.77,329.59,320.51,329.51,21436525,314.7125746568,323.3660176485,314.4574845005,323.2875283697,21436525,0.0,1.0
2023-09-21 00:00:00+00:00,319.53,325.3499,315.0,319.26,35560362,313.4959908348,319.2059877586,309.0515354206,313.2310895187,35560362,0.0,1.0
2023-09-22 00:00:00+00:00,317.01,321.45,316.15,321.32,21447887,311.0235785514,315.3797335269,310.1798188039,315.2521884488,21447887,0.0,1.0
2023-09-25 00:00:00+00:00,317.54,317.67,315.0,316.59,17835964,311.5435700237,311.6711151018,309.0515354206,310.6115098375,17835964,0.0,1.0
2023-09-26 00:00:00+00:00,312.14,315.88,310.02,315.13,26297573,306.2455437022,309.9149174878,304.165577813,309.1790804987,26297573,0.0,1.0
2023-09-27 00:00:00+00:00,312.79,314.299,309.69,312.3,19410082,306.8832690928,308.3637731148,303.8418095378,306.4025222599,19410082,0.0,1.0
2023-09-28 00:00:00+00:00,313.64,315.48,309.45,310.99,19683564,307.7172176804,309.5224710937,303.6063417013,305.1172603189,19683564,0.0,1.0
2023-09-29 00:00:00+00:00,315.75,319.47,314.98,317.75,24147298,309.7873724097,313.4371238757,309.0319131009,311.7496043807,24147298,0.0,1.0
2023-10-02 00:00:00+00:00,321.8,321.888,315.18,316.28,20570006,315.7231241218,315.8094623285,309.228136298,310.307363882,20570006,0.0,1.0
2023-10-03 00:00:00+00:00,313.39,321.39,311.215,320.83,21033492,307.471938684,315.3208665677,305.3380114157,314.7714416159,21033492,0.0,1.0
2023-10-04 00:00:00+00:00,318.955,320.04,314.0,314.03,20720144,312.9318491431,313.9963599874,308.0704194352,308.0998529147,20720144,0.0,1.0
2023-10-05 00:00:00+00:00,319.36,319.98,314.9,319.09,16965629,313.3292011173,313.9374930282,308.9534238221,313.0642998012,16965629,0.0,1.0
2023-10-06 00:00:00+00:00,327.26,329.19,316.3,316.55,25673630,321.0800174024,322.9735712543,310.3269862017,310.5722651981,25673630,0.0,1.0
2023-10-09 00:00:00+00:00,329.82,330.3,323.18,324.75,19891180,323.5916743252,324.0626099982,317.0770641817,318.6174162789,19891180,0.0,1.0
2023-10-10 00:00:00+00:00,328.39,331.1,327.67,330.96,20557094,322.188678466,324.8475027866,321.4822749564,324.7101465486,20557094,0.0,1.0
2023-10-11 00:00:00+00:00,332.42,332.82,329.14,331.21,20063246,326.1425758874,326.5350222816,322.9245154551,324.955425545,20063246,0.0,1.0
2023-10-12 00:00:00+00:00,331.16,333.6299,328.72,330.565,19313098,324.9063697457,327.3296281182,322.5124467412,324.3226057344,19313098,0.0,1.0
2023-10-13 00:00:00+00:00,327.73,333.83,326.36,332.38,21085695,321.5411419156,327.5259494269,320.1970130155,326.103331248,21085695,0.0,1.0
2023-10-16 00:00:00+00:00,332.64,336.14,330.6,331.05,22158048,326.3584214042,329.7923273533,324.3569447939,324.7984469873,22158048,0.0,1.0
2023-10-17 00:00:00+00:00,332.06,333.46,327.41,329.59,18338523,325.7893741326,327.1629365123,321.2271848002,323.3660176485,18338523,0.0,1.0
2023-10-18 00:00:00+00:00,330.11,335.59,328.3,332.49,23153602,323.876197961,329.2527135613,322.1003780273,326.2112540064,23153602,0.0,1.0
2023-10-19 00:00:00+00:00,331.32,336.88,330.91,332.15,25052071,325.0633483034,330.5183531826,324.6610907493,325.8776745713,25052071,0.0,1.0
2023-10-20 00:00:00+00:00,326.67,331.92,325.45,331.72,25027715,320.501158971,325.6520178947,319.3041974687,325.4557946976,25027715,0.0,1.0
2023-10-23 00:00:00+00:00,329.32,332.725,324.39,325.47,24374748,323.1011163325,326.441816263,318.2642145241,319.3238197884,24374748,0.0,1.0
2023-10-24 00:00:00+00:00,330.53,331.84,327.6,331.3,31153571,324.2882666749,325.5735286158,321.4135968375,325.0437259837,31153571,0.0,1.0
2023-10-25 00:00:00+00:00,340.67,346.2,337.62,345.02,55053828,334.2367827675,339.6623541671,331.2443790118,338.5046373042,55053828,0.0,1.0
2023-10-26 00:00:00+00:00,327.89,341.63,326.94,340.54,37828543,321.6981204732,335.1786541135,320.7660602871,334.1092376893,37828543,0.0,1.0
2023-10-27 00:00:00+00:00,329.81,336.72,328.4007,330.425,29856522,323.5818631653,330.3613746249,322.199176407,324.1852494964,29856522,0.0,1.0
2023-10-30 00:00:00+00:00,337.31,339.45,331.83,333.41,22828082,330.9402330563,333.0398212652,325.563717456,327.113880713,22828082,0.0,1.0
2023-10-31 00:00:00+00:00,338.11,339.0,334.69,338.85,20265282,331.7251258447,332.5983190717,328.3697091744,332.4511516739,20265282,0.0,1.0
2023-11-01 00:00:00+00:00,346.07,347.42,339.65,339.79,28158819,339.534809089,340.8593156693,333.2360444623,333.3734007002,28158819,0.0,1.0
2023-11-02 00:00:00+00:00,348.32,348.83,344.77,347.24,24348072,341.7423200562,342.2426892088,338.2593583079,340.6827147919,24348072,0.0,1.0
2023-11-03 00:00:00+00:00,352.8,354.39,347.33,349.63,23637673,346.1377196711,347.697694088,340.7710152306,343.0275819972,23637673,0.0,1.0
2023-11-06 00:00:00+00:00,356.53,357.54,353.35,353.45,23828301,349.7972822969,350.7882094422,346.6773334631,346.7754450617,23828301,0.0,1.0
2023-11-07 00:00:00+00:00,360.53,362.46,357.63,359.4,25833931,353.7217462387,355.6153000907,350.8765098809,352.6130851752,25833931,0.0,1.0
2023-11-08 00:00:00+00:00,363.2,363.87,360.55,361.68,26767828,356.3413259199,356.9986736302,353.7413685584,354.850029622,26767828,0.0,1.0
2023-11-09 00:00:00+00:00,360.69,364.79,360.362,362.3,24847331,353.8787247964,357.9013003368,353.5569187532,355.458321533,24847331,0.0,1.0
2023-11-10 00:00:00+00:00,369.67,370.1,361.07,361.49,28065164,362.6891463459,363.1110262196,354.2515488709,354.6636175848,28065164,0.0,1.0
2023-11-13 00:00:00+00:00,366.68,368.47,365.9,368.22,19986506,359.7556095493,361.5118071633,358.9903390807,361.2665281669,19986506,0.0,1.0
2023-11-14 00:00:00+00:00,370.27,371.95,367.3454,371.01,27683862,363.2778159371,364.9260907927,360.4084441261,364.0038417664,27683862,0.0,1.0
2023-11-15 00:00:00+00:00,369.67,373.13,367.11,371.28,26860095,363.424983335,366.8265318575,360.9082306709,365.0077848151,26860095,0.75,1.0
2023-11-16 00:00:00+00:00,376.17,376.35,370.18,370.96,27182315,369.8151756462,369.9921348178,363.9263676548,364.6931907321,27182315,0.0,1.0
2023-11-17 00:00:00+00:00,369.85,374.37,367.0,373.61,40325371,363.6019425067,368.0455839292,360.8000889548,367.2984229821,40325371,0.0,1.0
2023-11-20 00:00:00+00:00,377.44,378.87,371.0,371.22,52528964,371.0637209131,372.4695632216,364.7325149925,364.9487984246,52528964,0.0,1.0
2023-11-21 00:00:00+00:00,373.07,376.2215,371.12,375.67,28423145,366.767545467,369.8658056314,364.8504877736,369.3236223914,28423145,0.0,1.0
2023-11-22 00:00:00+00:00,377.85,379.7899,374.965,378.0,23361184,371.466794582,373.3739228996,368.6305323023,371.6142605584,23361184,0.0,1.0
2023-11-24 00:00:00+00:00,377.43,377.97,375.135,377.33,10176649,371.053889848,371.5847673631,368.7976604089,370.9555791971,10176649,0.0,1.0
2023-11-27 00:00:00+00:00,378.61,380.64,376.2,376.78,22179228,372.2139555291,374.2096617432,369.8446688414,370.4148706169,22179228,0.0,1.0
2023-11-28 00:00:00+00:00,382.7,383.0,378.16,378.35,20453112,376.2348611526,376.5297931054,371.7715575999,371.9583478367,20453112,0.0,1.0
2023-11-29 00:00:00+00:00,378.85,384.3,377.44,383.76,28963399,372.4499010914,377.8078315677,371.0637209131,377.2769540526,28963399,0.0,1.0
2023-11-30 00:00:00+00:00,378.91,380.09,375.47,378.49,30554415,372.5088874819,373.6689531631,369.1270010896,372.095982748,30554415,0.0,1.0
2023-12-01 00:00:00+00:00,374.51,378.16,371.31,376.76,33040472,368.1832188405,371.7715575999,365.0372780104,370.3952084867,33040472,0.0,1.0
2023-12-04 00:00:00+00:00,369.14,369.52,362.9,369.1,32063305,362.903936885,363.2775173585,356.7693522662,362.8646126246,32063305,0.0,1.0
2023-12-05 00:00:00+00:00,372.52,373.075,365.621,366.45,23065035,366.2268368868,366.7724609995,359.4443850783,360.2593803746,23065035,0.0,1.0
2023-12-06 00:00:00+00:00,368.8,374.18,368.03,373.54,21118348,362.5696806718,367.8587936924,361.8126886595,367.2296055264,21118348,0.0,1.0
2023-12-07 00:00:00+00:00,370.95,371.4527,366.32,368.23,23118864,364.683359667,365.1775673093,360.1315765284,362.0093099614,23118864,0.0,1.0
2023-12-08 00:00:00+00:00,374.23,374.46,368.23,369.2,20154366,367.9079490179,368.1340635151,362.0093099614,362.9629232755,20154366,0.0,1.0
2023-12-11 00:00:00+00:00,371.3,371.6,366.1,368.48,27708757,365.0274469453,365.3223788981,359.9152930964,362.2550865888,27708757,0.0,1.0
2023-12-12 00:00:00+00:00,374.38,374.42,370.46,370.85,24838253,368.0554149943,368.0947392547,364.2016374774,364.5850490161,24838253,0.0,1.0
2023-12-13 00:00:00+00:00,374.37,377.6361,370.77,376.02,30955531,368.0455839292,371.2565080996,364.5064004953,369.6677096697,30955531,0.0,1.0
2023-12-14 00:00:00+00:00,365.93,373.76,364.13,373.31,43277461,359.7481649898,367.4458889585,357.9785732728,367.0034910292,43277461,0.0,1.0
2023-12-15 00:00:00+00:00,370.73,372.4,366.28,366.85,78502324,364.4670762349,366.1088641057,360.092252268,360.6526229784,78502324,0.0,1.0
2023-12-18 00:00:00+00:00,372.65,373.0,368.68,369.45,21802878,366.354640733,366.6987280113,362.4517078906,363.2086999029,21802878,0.0,1.0
2023-12-19 00:00:00+00:00,373.26,373.26,369.84,371.49,20533284,366.9543357038,366.9543357038,363.5921114416,365.2142371821,20533284,0.0,1.0
2023-12-20 00:00:00+00:00,370.62,376.03,370.53,375.0,26316650,364.3589345189,369.6775407348,364.2704549331,368.6649410301,26316650,0.0,1.0
2023-12-21 00:00:00+00:00,373.54,374.41,370.04,372.56,17708006,367.2296055264,368.0849081896,363.7887327434,366.2661611472,17708006,0.0,1.0
2023-12-22 00:00:00+00:00,374.58,375.18,372.71,373.68,17107484,368.2520362962,368.8419002018,366.4136271236,367.3672404377,17107484,0.0,1.0
2023-12-26 00:00:00+00:00,374.66,376.94,373.5,375.0,12673050,368.3306848169,370.5721676584,367.190281266,368.6649410301,12673050,0.0,1.0
2023-12-27 00:00:00+00:00,374.07,375.06,372.8116,373.69,14872756,367.7506519764,368.7239274207,366.5135107449,367.3770715028,14872756,0.0,1.0
2023-12-28 00:00:00+00:00,375.28,376.458,374.16,375.37,14327013,368.9402108528,370.0983103209,367.8391315622,369.0286904386,14327013,0.0,1.0
2023-12-29 00:00:00+00:00,376.04,377.16,373.48,376.0,18730838,369.6873717999,370.7884510905,367.1706191358,369.6480475396,18730838,0.0,1.0
2024-01-02 00:00:00+00:00,370.87,375.9,366.771,373.86,25258633,364.6047111463,369.5497368886,360.5749575642,367.5441996094,25258633,0.0,1.0
2024-01-03 00:00:00+00:00,370.6,373.2562,368.51,369.01,23083465,364.3392723887,366.950599899,362.284579784,362.7761330387,23083465,0.0,1.0
2024-01-04 00:00:00+00:00,367.94,373.1,367.17,370.665,20901502,361.7242090737,366.7970386622,360.9672170614,364.4031743118,20901502,0.0,1.0
2024-01-05 00:00:00+00:00,367.75,372.06,366.5,368.97,20074451,361.5374188369,365.7746078925,360.3085357001,362.7368087784,20074451,0.0,1.0
2024-01-08 00:00:00+00:00,374.69,375.2,369.01,369.3,23133967,368.3601780122,368.861562332,362.7761330387,363.0612339265,23133967,0.0,1.0
2024-01-09 00:00:00+00:00,375.79,375.99,371.19,372.01,20829953,369.4415951726,369.6382164745,364.9193052293,365.725452567,20829953,0.0,1.0
2024-01-10 00:00:00+00:00,382.77,384.17,376.32,376.37,25514245,376.3036786083,377.6800277215,369.9626416226,370.011796948,25514245,0.0,1.0
2024-01-11 00:00:00+00:00,384.63,390.68,380.38,386.0,27850846,378.1322567158,384.0800510977,373.9540540508,379.4791126337,27850846,0.0,1.0
2024-01-12 00:00:00+00:00,388.47,388.68,384.65,385.49,21661153,381.9073857119,382.1138380789,378.151918846,378.9777283139,21661153,0.0,1.0
2024-01-16 00:00:00+00:00,390.27,394.03,387.6229,393.66,27202268,383.6769774289,387.3734579043,381.0745961878,387.0097084958,27202268,0.0,1.0
2024-01-17 00:00:00+00:00,389.47,390.11,384.81,387.98,22234108,382.8904922214,383.5196803874,378.3092158875,381.4256635223,22234108,0.0,1.0
2024-01-18 00:00:00+00:00,393.87,393.99,390.12,391.72,23392068,387.2161608628,387.3341336439,383.5295114525,385.1024818675,23392068,0.0,1.0
2024-01-19 00:00:00+00:00,398.67,398.67,393.5,395.76,29331136,391.935072108,391.935072108,386.8524114543,389.0742321656,29331136,0.0,1.0
2024-01-22 00:00:00+00:00,396.51,400.62,393.59,400.02,27016902,389.8115620476,393.8521298013,386.9408910401,393.2622658957,27016902,0.0,1.0
2024-01-23 00:00:00+00:00,398.9,399.38,393.93,395.75,20525882,392.1611866051,392.6330777296,387.2751472533,389.0644011005,20525882,0.0,1.0
2024-01-24 00:00:00+00:00,402.56,405.63,400.45,401.54,23281889,395.7593564296,398.7774934135,393.6850016947,394.75658779,23281889,0.0,1.0
2024-01-25 00:00:00+00:00,404.87,407.01,402.5294,404.32,21021155,398.0303324663,400.1341803965,395.7292733704,397.4896238861,21021155,0.0,1.0
2024-01-26 00:00:00+00:00,403.93,406.17,402.43,404.37,17803271,397.1062123475,399.3083709286,395.6315525834,397.5387792116,17803271,0.0,1.0
2024-01-29 00:00:00+00:00,409.72,409.98,404.33,406.06,24510236,402.798399037,403.0540067294,397.4994549512,399.2002292125,24510236,0.0,1.0
2024-01-30 00:00:00+00:00,408.59,413.05,406.4501,412.26,33477610,401.6874886813,406.0721437133,399.5837390618,405.2954895709,33477610,0.0,1.0
2024-01-31 00:00:00+00:00,397.58,415.32,397.21,406.96,47871097,390.8634860127,408.3037954897,390.4997366042,400.085025071,47871097,0.0,1.0
2024-02-01 00:00:00+00:00,403.78,408.0,401.8,401.83,30657726,396.9587463711,401.1074558408,395.0121954824,395.0416886777,30657726,0.0,1.0
2024-02-02 00:00:00+00:00,411.22,412.65,403.56,403.81,28256670,404.2730588011,405.6789011096,396.742462939,396.9882395663,28256670,0.0,1.0
2024-02-05 00:00:00+00:00,405.65,411.16,403.99,409.9,25352286,398.7971555437,404.2140724105,397.165198738,402.9753582087,25352286,0.0,1.0
2024-02-06 00:00:00+00:00,405.49,407.97,402.91,405.88,18382624,398.6398585022,401.0779626455,396.1034437079,399.0232700408,18382624,0.0,1.0
2024-02-07 00:00:00+00:00,414.05,414.3,407.4,407.44,22340526,407.0552502227,407.3010268501,400.5175919351,400.5569161955,22340526,0.0,1.0
2024-02-08 00:00:00+00:00,414.11,415.56,412.53,414.05,21225257,407.1142366133,408.539741052,405.5609283284,407.0552502227,21225257,0.0,1.0
2024-02-09 00:00:00+00:00,420.55,420.82,415.09,415.25,22032844,413.4454425339,413.7108812915,408.0776809925,408.234978034,22032844,0.0,1.0
2024-02-12 00:00:00+00:00,415.26,420.74,414.75,420.555,21202921,408.2448090991,413.6322327707,407.7434247793,413.4503580665,21202921,0.0,1.0
2024-02-13 00:00:00+00:00,406.32,410.071,403.39,404.94,27824936,399.455836905,403.1434694218,396.5753348324,398.099149922,27824936,0.0,1.0
2024-02-14 00:00:00+00:00,409.49,409.84,404.57,408.07,20401190,403.3096144219,403.654331912,398.4638714173,401.9110463189,20401190,0.75,1.0
2024-02-15 00:00:00+00:00,406.56,409.13,404.29,408.14,21825525,400.4238365756,402.9550478606,398.1880974251,401.979989817,21825525,0.0,1.0
2024-02-16 00:00:00+00:00,404.06,408.29,403.44,407.96,22296495,397.9615687887,402.1277258842,397.3509263776,401.8027065363,22296495,0.0,1.0
2024-02-20 00:00:00+00:00,402.79,404.49,398.01,403.24,24307915,396.710736753,398.3850788481,392.0028807445,397.1539449546,24307915,0.0,1.0
2024-02-21 00:00:00+00:00,402.18,402.29,397.22,400.17,18631072,396.109943413,396.2182831956,391.2248041238,394.1302801123,18631072,0.0,1.0
2024-02-22 00:00:00+00:00,411.65,412.83,408.57,410.19,27009869,405.4370137897,406.5992041852,402.4034998763,403.9990494022,27009869,0.0,1.0
2024-02-23 00:00:00+00:00,410.34,415.86,408.97,415.67,16295879,404.1467854694,409.5834727429,402.7974627222,409.3963403911,16295879,0.0,1.0
2024-02-26 00:00:00+00:00,407.54,412.16,407.36,411.455,16193505,401.3890455481,405.9393164183,401.2117622674,405.2449569024,16193505,0.0,1.0
2024-02-27 00:00:00+00:00,407.48,408.32,403.85,407.99,14835827,401.3299511212,402.1572730976,397.7547382946,401.8322537497,14835827,0.0,1.0
2024-02-28 00:00:00+00:00,407.72,409.3,405.3201,408.175,13183125,401.5663288288,403.1224820701,399.202650244,402.014461566,13183125,0.0,1.0
2024-02-29 00:00:00+00:00,413.64,414.2,405.92,408.64,31947263,407.3969789481,407.9485269324,399.7934960222,402.4724433743,31947263,0.0,1.0
2024-03-01 00:00:00+00:00,415.5,415.87,410.88,411.27,17823445,409.2289061816,409.593321814,404.6786353114,405.0627490861,17823445,0.0,1.0
2024-03-04 00:00:00+00:00,414.92,417.35,412.32,413.44,17595956,408.657660055,411.0509843439,406.0969015566,407.1999975252,17595956,0.0,1.0
2024-03-05 00:00:00+00:00,402.65,414.25,400.64,413.96,26919177,396.5728497569,407.9977722881,394.5931864563,407.7121492248,26919177,0.0,1.0
2024-03-06 00:00:00+00:00,402.09,405.16,398.39,402.97,22344149,396.0213017727,399.044966615,392.3771454481,396.8880200337,22344149,0.0,1.0
2024-03-07 00:00:00+00:00,409.14,409.78,402.24,406.12,18718479,402.9648969317,403.5952374852,396.1690378399,399.9904774451,18718479,0.0,1.0
2024-03-08 00:00:00+00:00,406.22,410.42,404.33,407.96,18002186,400.0889681566,404.2255780386,398.2274937097,401.8027065363,18002186,0.0,1.0
2024-03-11 00:00:00+00:00,404.52,405.68,401.26,403.76,15998511,398.4146260615,399.5571183146,395.2038288674,397.6660966543,15998511,0.0,1.0
2024-03-12 00:00:00+00:00,415.28,415.57,406.79,407.62,21563656,409.0122266163,409.2978496796,400.650365212,401.4678381173,21563656,0.0,1.0
2024-03-13 00:00:00+00:00,415.1,418.18,411.45,418.1,16990048,408.8349433357,411.8684572491,405.2400323668,411.7896646799,16990048,0.0,1.0
2024-03-14 00:00:00+00:00,425.22,427.82,417.99,420.24,33955263,418.802203337,421.3629618354,411.6813248973,413.8973659055,33955263,0.0,1.0
2024-03-15 00:00:00+00:00,416.42,422.6,412.79,419.29,45079903,410.1350207271,416.2217466963,406.5598079006,412.9617041465,45079903,0.0,1.0
2024-03-18 00:00:00+00:00,417.32,420.73,413.78,414.25,20105977,411.0214371304,414.3799703917,407.5348659442,407.9977722881,20105977,0.0,1.0
2024-03-19 00:00:00+00:00,421.41,421.6656,415.55,417.83,19837915,415.0497072298,415.3014494883,409.2781515373,411.5237397589,19837915,0.0,1.0
2024-03-20 00:00:00+00:00,425.23,425.96,420.66,422.0,17860085,418.8120524082,419.5310346019,414.3110268937,415.6308024275,17860085,0.0,1.0
2024-03-21 00:00:00+00:00,429.37,430.82,427.16,429.83,21296222,422.8895678632,424.3176831796,420.7129231396,423.342625136,21296222,0.0,1.0
2024-03-22 00:00:00+00:00,428.74,429.86,426.07,429.7,17648473,422.2690763809,423.3721723495,419.6393743845,423.2145872111,17648473,0.0,1.0
2024-03-25 00:00:00+00:00,422.86,427.41,421.61,425.24,18060450,416.4778225462,420.9591499183,415.2466886527,418.8219014793,18060450,0.0,1.0
2024-03-26 00:00:00+00:00,421.65,425.99,421.35,425.61,16725647,415.2860849373,419.5605818154,414.9906128029,419.1863171118,16725647,0.0,1.0
2024-03-27 00:00:00+00:00,421.43,424.45,419.01,424.44,16704978,415.0694053721,418.0438248586,412.6859301544,418.0339757875,16704978,0.0,1.0
2024-03-28 00:00:00+00:00,420.72,421.87,419.12,420.96,21871161,414.3701213206,415.5027645026,412.794269937,414.6064990281,21871161,0.0,1.0
2024-04-01 00:00:00+00:00,424.57,427.89,422.22,423.95,15602611,418.1620137124,421.4319053334,415.8474819927,417.5513713013,15602611,0.0,1.0
2024-04-02 00:00:00+00:00,421.44,422.38,417.84,420.11,17861855,415.0792544432,416.0050671311,411.5335888301,413.7693279806,17861855,0.0,1.0
2024-04-03 00:00:00+00:00,420.45,423.26,419.085,419.73,16462007,414.1041963996,416.8717853921,412.759798188,413.395063277,16462007,0.0,1.0
2024-04-04 00:00:00+00:00,417.88,428.67,417.57,424.99,19290884,411.5729851147,422.2001328829,411.2676639091,418.5756747006,19290884,0.0,1.0
2024-04-05 00:00:00+00:00,425.52,426.51,418.32,420.01,16526878,419.0976754714,420.072733515,412.0063442452,413.6708372691,16526878,0.0,1.0
2024-04-08 00:00:00+00:00,424.59,427.28,423.3,425.17,14248192,418.1817118547,420.8311119934,416.9111816767,418.7529579813,14248192,0.0,1.0
2024-04-09 00:00:00+00:00,426.28,427.74,421.62,426.44,12468710,419.8462048786,421.2841692662,415.2565377239,420.003790017,12468710,0.0,1.0
2024-04-10 00:00:00+00:00,423.26,424.03,419.7,422.19,16216581,416.8717853921,417.6301638704,413.3655160635,415.8179347793,16216581,0.0,1.0
2024-04-11 00:00:00+00:00,427.93,429.37,422.36,425.82,17966423,421.471301618,422.8895678632,415.9853689888,419.3931476059,17966423,0.0,1.0
2024-04-12 00:00:00+00:00,421.9,425.1794,419.77,424.05,19253750,415.532311716,418.7622161081,413.4344595616,417.6498620127,19253750,0.0,1.0
2024-04-15 00:00:00+00:00,413.64,426.82,413.43,426.6,20273538,407.3969789481,420.3780547206,407.190148454,420.1613751554,20273538,0.0,1.0
2024-04-16 00:00:00+00:00,414.58,418.4,413.7301,414.57,16765616,408.322791636,412.0851368144,407.4857190792,408.3129425648,16765616,0.0,1.0
2024-04-17 00:00:00+00:00,411.84,418.88,410.33,417.25,15855485,405.6241461416,412.5578922294,404.1369363983,410.9524936324,15855485,0.0,1.0
2024-04-18 00:00:00+00:00,404.27,411.89,403.95,410.63,21029917,398.1683992828,405.6733914973,397.8532290061,404.4324085327,21029917,0.0,1.0
2024-04-19 00:00:00+00:00,399.12,405.48,397.77,404.03,30565789,393.0961276418,399.3601368917,391.7665030369,397.9320215753,30565789,0.0,1.0
2024-04-22 00:00:00+00:00,400.96,402.85,395.75,400.08,20286875,394.908356733,396.7698311799,389.7769906651,394.041638472,20286875,0.0,1.0
2024-04-23 00:00:00+00:00,407.57,408.2,403.06,404.235,15734501,401.4185927615,402.0390842438,396.976661674,398.1339275338,15734501,0.0,1.0
2024-04-24 00:00:00+00:00,409.06,412.47,406.78,409.56,15065330,402.8861043625,406.2446376239,400.6405161409,403.3785579199,15065330,0.0,1.0
2024-04-25 00:00:00+00:00,399.04,399.8899,388.03,394.03,40586450,393.0173350727,393.8544076295,382.1735077392,388.0829504277,40586450,0.0,1.0
2024-04-26 00:00:00+00:00,406.32,413.0,405.7601,412.17,29694654,400.1874588681,406.7666383947,399.6360093745,405.9491654894,29694654,0.0,1.0
2024-04-29 00:00:00+00:00,402.25,406.32,399.19,405.25,19582091,396.178886911,400.1874588681,393.1650711399,399.1336082553,19582091,0.0,1.0
2024-04-30 00:00:00+00:00,389.33,402.16,389.17,401.49,28781374,383.4538869884,396.0902452707,383.29630185,395.4303575038,28781374,0.0,1.0
2024-05-01 00:00:00+00:00,394.94,401.7199,390.31,392.61,23562481,388.9792159022,395.6567876495,384.4190959608,386.6843823248,23562481,0.0,1.0
2024-05-02 00:00:00+00:00,397.84,399.93,394.6515,397.66,17709364,391.835446535,393.8939024048,388.6950701996,391.6581632543,17709364,0.0,1.0
2024-05-03 00:00:00+00:00,406.66,407.15,401.86,402.28,17446724,400.5223272871,401.0049317733,395.7947731363,396.2084341245,17446724,0.0,1.0
2024-05-06 00:00:00+00:00,413.54,413.93,406.3701,408.76,16996639,407.2984882366,407.6826020114,400.2368027145,402.5906322281,16996639,0.0,1.0
2024-05-07 00:00:00+00:00,409.34,414.67,409.09,414.66,20018228,403.1618783547,408.4114332763,402.915651576,408.4015842052,20018228,0.0,1.0
2024-05-08 00:00:00+00:00,410.54,412.23,406.7132,408.17,11792308,404.3437668924,406.0082599163,400.5747243456,402.0095370304,11792308,0.0,1.0
2024-05-09 00:00:00+00:00,412.32,412.72,409.1,410.57,14689727,406.0969015566,406.4908644025,402.9255006471,404.3733141058,14689727,0.0,1.0
2024-05-10 00:00:00+00:00,414.74,415.38,411.8,412.935,13402281,408.4803767743,409.1107173278,405.584749857,406.7026194322,13402281,0.0,1.0
2024-05-13 00:00:00+00:00,413.72,418.348,410.82,418.01,15440226,407.4757715173,412.0339216444,404.6195408845,411.7010230396,15440226,0.0,1.0
2024-05-14 00:00:00+00:00,416.56,417.49,411.55,412.02,15109306,410.2729077232,411.1888713399,405.3385230783,405.8014294222,15109306,0.0,1.0
2024-05-15 00:00:00+00:00,423.08,423.81,417.27,417.9,22239533,417.4331824475,418.1534391913,411.7007280889,412.3223195254,22239533,0.75,1.0
2024-05-16 00:00:00+00:00,420.99,425.42,420.35,421.8,17530050,415.3710775233,419.7419506401,414.7396195561,416.1702665131,17530050,0.0,1.0
2024-05-17 00:00:00+00:00,420.21,422.92,418.025,422.54,15352239,414.6014881258,417.2753179557,412.4456511596,416.9003897877,15352239,0.0,1.0
2024-05-20 00:00:00+00:00,425.34,426.77,419.99,420.21,16272137,419.6630183942,421.0739322897,414.3844244496,414.6014881258,16272137,0.0,1.0
2024-05-21 00:00:00+00:00,429.04,432.97,424.85,426.825,21453255,423.3136347671,427.191181347,419.1795583881,421.1281982087,21453255,0.0,1.0
2024-05-22 00:00:00+00:00,430.52,432.41,427.13,430.09,18073698,424.7738813163,426.6386556257,421.4291273962,424.3496204946,18073698,0.0,1.0
2024-05-23 00:00:00+00:00,427.0,433.6,425.424,432.97,17211689,421.3008624966,427.8127727835,419.7458972524,427.191181347,17211689,0.0,1.0
2024-05-24 00:00:00+00:00,430.16,431.055,424.41,427.19,11855285,424.4186862097,425.3017407107,418.7454310356,421.4883265807,11855285,0.0,1.0
2024-05-28 00:00:00+00:00,430.32,430.82,426.6,429.63,15718024,424.5765507015,425.0698772384,420.9062012671,423.8957600806,15718024,0.0,1.0
2024-05-29 00:00:00+00:00,429.17,430.94,425.69,425.69,15517130,423.4418996667,425.1882756073,420.00834697,420.00834697,15517130,0.0,1.0
2024-05-30 00:00:00+00:00,414.67,424.3,414.24,424.3,28424847,409.1354300971,418.6368991975,408.7111692754,418.6368991975,28424847,0.0,1.0
2024-05-31 00:00:00+00:00,415.13,416.75,404.51,416.75,47995250,409.5892905111,411.1876684906,399.1110348677,411.1876684906,47995250,0.0,1.0
2024-06-03 00:00:00+00:00,413.52,416.43,408.9234,415.525,17484675,408.0007790623,410.871939507,403.4655295435,409.9790184752,17484675,0.0,1.0
2024-06-04 00:00:00+00:00,416.07,416.44,409.675,412.43,14348917,410.5167444004,410.8818060377,404.2070979937,406.9253272119,14348917,0.0,1.0
2024-06-05 00:00:00+00:00,424.01,424.08,416.3,417.81,16988038,418.3507698061,418.4198355213,410.7436746074,412.2335207488,16988038,0.0,1.0
2024-06-06 00:00:00+00:00,424.52,425.31,420.58,424.01,14861251,418.8539628737,419.633418802,414.9665497631,418.3507698061,14861251,0.0,1.0
2024-06-07 00:00:00+00:00,423.85,426.28,423.0,426.2,13621650,418.1929053143,420.5904722835,417.3542502016,420.5115400376,13621650,0.0,1.0
2024-06-10 00:00:00+00:00,427.87,428.08,423.89,424.7,14003034,422.1592506708,422.3664478163,418.2323714372,419.031560427,14003034,0.0,1.0
2024-06-11 00:00:00+00:00,432.68,432.82,425.25,425.475,14551101,426.9050519556,427.0431833859,419.5742196176,419.7962165592,14551101,0.0,1.0
2024-06-12 00:00:00+00:00,441.06,443.4,433.25,435.32,22366233,435.1732047137,437.4819729063,427.4674442077,429.5098160703,22366233,0.0,1.0
2024-06-13 00:00:00+00:00,441.58,443.39,439.37,440.85,15960565,435.6862643121,437.4721063756,433.5057610191,434.9660075683,15960565,0.0,1.0
2024-06-14 00:00:00+00:00,442.57,443.1376,436.721,438.275,13581985,436.6630508551,437.2230751398,430.8921170267,432.4253759033,13581985,0.0,1.0
2024-06-17 00:00:00+00:00,448.37,450.94,440.72,442.585,20790030,442.3856386829,444.9213370825,434.8377426687,436.6778506512,20790030,0.0,1.0
2024-06-18 00:00:00+00:00,446.34,450.14,444.89,449.705,17112504,440.3827329432,444.1320146235,438.9520859863,443.7028205364,17112504,0.0,1.0
2024-06-20 00:00:00+00:00,445.7,446.53,441.27,446.3,19877378,439.751274976,440.5701970272,435.3804018592,440.3432668203,19877378,0.0,1.0
2024-06-21 00:00:00+00:00,449.78,450.58,446.51,447.38,34486172,443.776819517,444.566141976,440.5504639657,441.4088521399,34486172,0.0,1.0
2024-06-24 00:00:00+00:00,447.67,452.75,446.41,449.8,15913719,441.6949815313,446.707179146,440.4517986584,443.7965525784,15913719,0.0,1.0
2024-06-25 00:00:00+00:00,450.95,451.42,446.75,448.25,16747529,444.9312036133,445.3949305579,440.7872607035,442.2672403141,16747529,0.0,1.0
2024-06-26 00:00:00+00:00,452.16,453.6,448.19,449.0,16507030,446.1250538325,447.5458342587,442.2080411297,443.0072301194,16507030,0.0,1.0
2024-06-27 00:00:00+00:00,452.85,456.17,451.77,452.175,14806324,446.8058444534,450.0815326583,445.7402591337,446.1398536286,14806324,0.0,1.0
2024-06-28 00:00:00+00:00,446.95,455.38,446.41,453.07,28362271,440.9845913182,449.30207673,440.4517986584,447.0229081296,28362271,0.0,1.0
2024-07-01 00:00:00+00:00,456.73,457.37,445.66,448.66,17662818,450.6340583796,451.2655163468,439.7118088531,442.6717680743,17662818,0.0,1.0
2024-07-02 00:00:00+00:00,459.28,459.59,453.113,453.2,13979779,453.1500237177,453.4558861706,447.0653342118,447.1511730292,13979779,0.0,1.0
2024-07-03 00:00:00+00:00,460.77,461.02,457.88,458.19,9932830,454.6201367976,454.866800066,451.7687094144,452.0745718673,9932830,0.0,1.0
2024-07-05 00:00:00+00:00,467.56,468.35,458.965,459.61,16000290,461.3195111685,462.0989670967,452.8392279995,453.475619232,16000290,0.0,1.0
2024-07-08 00:00:00+00:00,466.24,467.7,464.46,466.55,12962321,460.0171291111,461.4576425988,458.2608866398,460.322991564,12962321,0.0,1.0
2024-07-09 00:00:00+00:00,459.54,467.33,458.0,467.0,17228507,453.4065535169,461.0925809615,451.8871077833,460.7669854471,17228507,0.0,1.0
2024-07-10 00:00:00+00:00,466.25,466.46,458.855,461.22,18196100,460.0269956418,460.2341927873,452.7306961613,455.0641306808,18196100,0.0,1.0
2024-07-11 00:00:00+00:00,454.7,464.78,451.55,462.98,23111175,448.6311526399,458.5766156234,445.5231954575,456.8006400906,23111175,0.0,1.0
2024-07-12 00:00:00+00:00,453.55,456.36,450.645,454.325,16324274,447.496501605,450.2689967423,444.6302744258,448.2611577372,16324274,0.0,1.0
2024-07-15 00:00:00+00:00,453.96,457.26,451.43,453.3,14429447,447.9010293653,451.1569845087,445.4047970887,447.2498383366,14429447,0.0,1.0
2024-07-16 00:00:00+00:00,449.52,454.3,446.66,454.22,17175679,443.5202897178,448.2364914104,440.6984619268,448.1575591645,17175679,0.0,1.0
2024-07-17 00:00:00+00:00,443.52,444.85,439.18,442.59,21754021,437.6003712752,438.9126198633,433.3182969351,436.6827839166,21754021,0.0,1.0
2024-07-18 00:00:00+00:00,440.37,444.65,434.4,444.34,20794822,434.4924140928,438.7152892486,428.6020952425,438.4094267957,20794822,0.0,1.0
2024-07-19 00:00:00+00:00,437.11,441.14,432.0,433.1,20940417,431.2759250724,435.2521369596,426.2341278655,427.3194462466,20940417,0.0,1.0
2024-07-22 00:00:00+00:00,442.94,444.6,438.9125,441.79,15808755,437.0281124924,438.6659565949,433.0543672378,435.8934614576,15808755,0.0,1.0
2024-07-23 00:00:00+00:00,444.85,448.39,443.1,443.895,13107050,438.9126198633,442.4053717444,437.1859769842,437.9703661779,13107050,0.0,1.0
2024-07-24 00:00:00+00:00,428.9,441.48,427.585,440.45,26805800,423.1755033368,435.5875990047,421.8780545448,434.5713463387,26805800,0.0,1.0
2024-07-25 00:00:00+00:00,418.4,429.8,417.51,428.8,29943795,412.8156460623,424.0634911032,411.9375248266,423.0768380294,29943795,0.0,1.0
2024-07-26 00:00:00+00:00,425.27,428.915,417.27,418.2,23583839,419.593952679,423.1903031329,411.7007280889,412.6183154475,23583839,0.0,1.0
2024-07-29 00:00:00+00:00,426.73,432.15,424.7042,431.58,15125836,421.0344661667,426.3821258265,419.0357043699,425.8197335745,15125836,0.0,1.0
2024-07-30 00:00:00+00:00,422.92,429.05,417.36,427.72,32687578,417.2753179557,423.3235012979,411.7895268656,422.0112527098,32687578,0.0,1.0
2024-07-31 00:00:00+00:00,418.35,421.775,412.21,420.495,42891366,412.7663134086,416.1456001862,406.7082635357,414.8826842518,42891366,0.0,1.0
2024-08-01 00:00:00+00:00,417.11,427.46,413.0901,420.785,30296400,411.5428635971,421.7547229106,407.5766169059,415.1688136432,30296400,0.0,1.0
2024-08-02 00:00:00+00:00,408.49,415.0,404.34,412.49,29437900,403.0379141013,409.4610256115,398.9433038452,406.9845263963,29437900,0.0,1.0
2024-08-05 00:00:00+00:00,395.15,401.04,385.58,389.17,40709238,389.8759620973,395.6873487018,380.4336921814,383.9757767162,40709238,0.0,1.0
2024-08-06 00:00:00+00:00,399.61,405.67,398.5,400.0,24946525,394.2764348063,400.2555524333,393.1812498944,394.6612295051,24946525,0.0,1.0
2024-08-07 00:00:00+00:00,398.43,410.08,397.47,408.635,20650906,393.1121841792,404.6066924886,392.1649972284,403.180978797,20650906,0.0,1.0
2024-08-08 00:00:00+00:00,402.69,405.86,399.9407,402.44,20203030,397.3153262735,400.4430165173,394.6027209778,397.068663005,20203030,0.0,1.0
2024-08-09 00:00:00+00:00,406.02,408.05,402.2624,404.03,19276666,400.6008810091,402.6037867488,396.8934334191,398.6374413923,19276666,0.0,1.0
2024-08-12 00:00:00+00:00,406.81,408.76,404.2434,407.06,16762883,401.3803369374,403.3043104312,398.8479931583,401.6270002058,16762883,0.0,1.0
2024-08-13 00:00:00+00:00,414.01,414.95,409.57,409.59,19414271,408.4842390685,409.4116929578,404.103499421,404.1232324824,19414271,0.0,1.0
2024-08-14 00:00:00+00:00,416.86,417.72,412.4456,414.8,18266980,411.2962003287,412.1447219721,406.9407189999,409.2636949967,18266980,0.0,1.0
2024-08-15 00:00:00+00:00,421.03,421.11,417.66,419.8,20752144,416.1505334516,416.2296063031,412.8195895813,414.9347883595,20752144,0.75,1.0
2024-08-16 00:00:00+00:00,418.47,421.34,417.3,420.6,22775593,413.6202022029,416.4569407512,412.4637617494,415.7255168747,22775593,0.0,1.0
2024-08-19 00:00:00+00:00,421.53,421.75,416.46,418.96,15233957,416.6447387736,416.8621891153,411.6334968084,414.1045234185,15233957,0.0,1.0
2024-08-20 00:00:00+00:00,424.8,425.86,421.64,421.7,16387581,419.8768415796,420.9245568622,416.7534639445,416.8127685831,16387581,0.0,1.0
2024-08-21 00:00:00+00:00,424.14,426.4,421.72,424.075,16067298,419.2244905545,421.45829861,416.832536796,419.1602438626,16067298,0.0,1.0
2024-08-22 00:00:00+00:00,415.55,426.7899,414.61,424.36,19361901,410.7340431224,421.8436799201,409.804937117,419.4419408962,19361901,0.0,1.0
2024-08-23 00:00:00+00:00,416.79,419.26,412.09,416.98,18493784,411.959672321,414.4010466117,407.3141422941,412.1474703433,18493784,0.0,1.0
2024-08-26 00:00:00+00:00,413.49,417.2799,411.34,416.365,13152830,408.6979171957,412.4438946955,406.572834311,411.5395977972,13152830,0.0,1.0
2024-08-27 00:00:00+00:00,413.84,414.36,410.25,412.86,13492911,409.0438609211,409.557834456,405.4954667091,408.07521849,13492911,0.0,1.0
2024-08-28 00:00:00+00:00,410.6,415.0,407.31,414.88,14882660,405.8414104345,410.1904172682,402.5895394156,410.0718079909,14882660,0.0,1.0
2024-08-29 00:00:00+00:00,413.12,422.05,410.6,414.94,17045241,408.3322052574,417.1587123085,405.8414104345,410.1311126295,17045241,0.0,1.0
2024-08-30 00:00:00+00:00,417.14,417.49,412.13,415.6,24308324,412.3056160464,412.6515597718,407.3536787198,410.7834636546,24308324,0.0,1.0
2024-09-03 00:00:00+00:00,409.44,419.88,407.03,417.91,20313603,404.6948540874,415.013861211,402.3127844353,413.0666922423,20313603,0.0,1.0
2024-09-04 00:00:00+00:00,408.9,411.24,404.37,405.91,14886710,404.1611123396,406.4739932466,399.6836121222,401.205764514,14886710,0.0,1.0
2024-09-05 00:00:00+00:00,408.39,413.1,406.13,407.62,14195516,403.6570229112,408.3124370445,401.4232148557,402.8959467153,14195516,0.0,1.0
2024-09-06 00:00:00+00:00,401.7,410.65,400.8,409.06,19609526,397.0445557027,405.8908309667,396.1549861231,404.3192580427,19609526,0.0,1.0
2024-09-09 00:00:00+00:00,405.72,408.65,402.15,407.24,15295134,401.0179664917,403.9140096786,397.4893404925,402.5203506706,15295134,0.0,1.0
2024-09-10 00:00:00+00:00,414.2,416.33,407.7,408.2,19594287,409.3996887529,411.5050034247,402.9750195668,403.4692248888,19594287,0.0,1.0
2024-09-11 00:00:00+00:00,423.04,423.99,409.58,415.5,19266923,418.1372388461,419.0762289579,404.8332315776,410.6846225902,19266923,0.0,1.0
2024-09-12 00:00:00+00:00,427.0,427.3692,419.75,423.31,17418759,422.0513449964,422.4162662062,414.8853678273,418.40410972,17418759,0.0,1.0
2024-09-13 00:00:00+00:00,430.59,431.83,425.46,425.825,15874555,425.5997392084,426.825368407,420.5291926046,420.8899624897,15874555,0.0,1.0
2024-09-16 00:00:00+00:00,431.34,433.53,428.22,430.6,13834697,426.3410471914,428.5056665018,423.2572059821,425.6096233149,13834697,0.0,1.0
2024-09-17 00:00:00+00:00,435.15,441.85,432.27,440.23,18874231,430.1068917452,436.7292430601,427.2602690904,435.1280178168,18874231,0.0,1.0
2024-09-18 00:00:00+00:00,430.81,436.03,430.41,435.0,18898042,425.8171895501,430.9766931119,425.4218252925,429.9586301486,18898042,0.0,1.0
2024-09-19 00:00:00+00:00,438.69,441.5,436.9,441.225,21706559,433.605865425,436.3832993347,431.8366103722,436.1114864076,21706559,0.0,1.0
2024-09-20 00:00:00+00:00,435.27,439.24,434.22,437.22,55167106,430.2255010224,434.1494912792,429.1876698462,432.1529017783,55167106,0.0,1.0
2024-09-23 00:00:00+00:00,433.51,436.46,430.3889,434.28,15128891,428.485898289,431.4017096888,425.4009698279,429.2469744849,15128891,0.0,1.0
2024-09-24 00:00:00+00:00,429.17,433.35,426.1,433.0,17015754,424.1961960939,428.3277525859,421.1617754168,427.9818088605,17015754,0.0,1.0
2024-09-25 00:00:00+00:00,432.11,433.119,428.57,429.83,13396364,427.1021233873,428.0994297272,423.6031497075,424.848547119,13396364,0.0,1.0
2024-09-26 00:00:00+00:00,431.31,435.3,429.13,435.085,14492044,426.3113948721,430.2551533418,424.1566596682,430.0426450533,14492044,0.0,1.0
2024-09-27 00:00:00+00:00,428.02,431.85,427.47,431.52,14896131,423.0595238533,426.8451366199,422.5158979991,426.5189611074,14896131,0.0,1.0
2024-09-30 00:00:00+00:00,430.3,430.42,425.37,428.21,16854606,425.3131001217,425.4317093989,420.4402356466,423.2473218757,16854606,0.0,1.0
2024-10-01 00:00:00+00:00,420.69,428.48,418.81,428.45,19092945,415.8144738326,423.5141927495,413.9562618219,423.4845404302,19092945,0.0,1.0
2024-10-02 00:00:00+00:00,417.13,422.82,416.71,422.58,16582257,412.2957319399,417.9197885044,411.8805994694,417.6825699498,16582257,0.0,1.0
2024-10-03 00:00:00+00:00,416.54,419.55,414.29,417.63,13686421,411.71256966,414.6876856985,409.4886457109,412.7899372619,13686421,0.0,1.0
2024-10-04 00:00:00+00:00,416.06,419.75,414.97,418.24,19190913,411.2381325508,414.8853678273,410.1607649488,413.3928677548,19190913,0.0,1.0
2024-10-07 00:00:00+00:00,409.54,417.11,409.0,416.0,20919761,404.7936951518,412.275963727,404.259953404,411.1788279122,20919761,0.0,1.0
2024-10-08 00:00:00+00:00,414.71,415.66,408.17,410.9,19229261,409.9037781814,410.8427682932,403.4395725695,406.1379336277,19229261,0.0,1.0
2024-10-09 00:00:00+00:00,417.46,420.38,414.3,415.86,14974257,412.6219074524,415.508066533,409.4985298173,411.040450422,14974257,0.0,1.0
2024-10-10 00:00:00+00:00,415.84,417.35,413.15,415.225,13848376,411.0206822091,412.5131822816,408.3618575767,410.4128096631,13848376,0.0,1.0
2024-10-11 00:00:00+00:00,416.32,417.13,413.25,416.135,14144944,411.4951193183,412.2957319399,408.4606986411,411.3122633491,14144944,0.0,1.0
2024-10-14 00:00:00+00:00,419.14,424.04,417.52,417.77,16653086,414.2824373344,419.1256494901,412.6812120911,412.9283147521,16653086,0.0,1.0
2024-10-15 00:00:00+00:00,418.74,422.48,415.26,422.18,18900201,413.8870730768,417.5837288854,410.4474040356,417.2872056922,18900201,0.0,1.0
2024-10-16 00:00:00+00:00,416.12,416.36,410.48,415.17,15508932,411.2974371895,411.534655744,405.7228011572,410.3584470776,15508932,0.0,1.0
2024-10-17 00:00:00+00:00,416.72,422.5,415.59,422.36,14820004,411.8904835759,417.6034970983,410.7735795481,417.4651196081,14820004,0.0,1.0
2024-10-18 00:00:00+00:00,418.16,419.65,416.2601,417.14,17145317,413.3137949033,414.7865267629,411.4359135207,412.3056160464,17145317,0.0,1.0
2024-10-21 00:00:00+00:00,418.78,418.96,413.7501,416.12,14206115,413.9266095026,414.1045234185,408.9550028042,411.2974371895,14206115,0.0,1.0
2024-10-22 00:00:00+00:00,427.51,430.5793,418.04,418.49,25482197,422.5554344248,425.5891632145,413.195185626,413.6399704158,25482197,0.0,1.0
2024-10-23 00:00:00+00:00,424.6,431.08,422.53,430.855,19654379,419.6791594507,426.084060424,417.6331494176,425.8616680291,19654379,0.0,1.0
2024-10-24 00:00:00+00:00,424.73,425.9782,422.4,425.325,13581631,419.8076528345,421.0413870003,417.5046560339,420.3957571677,13581631,0.0,1.0
2024-10-25 00:00:00+00:00,428.15,432.52,426.565,426.76,16899064,423.188017237,427.5073717514,421.6213863662,421.8141264418,16899064,0.0,1.0
2024-10-28 00:00:00+00:00,426.59,431.94,426.3,431.655,14882444,421.6460966323,426.9340935779,421.3594575456,426.6523965443,14882444,0.0,1.0
2024-10-29 00:00:00+00:00,431.95,433.17,425.8001,428.0,17644080,426.9439776843,428.14983867,420.8653510646,423.0397556404,17644080,0.0,1.0
2024-10-30 00:00:00+00:00,432.53,438.5,432.1,437.435,29749149,427.5172558578,433.4180674026,427.0922392809,432.3654100667,29749149,0.0,1.0
2024-10-31 00:00:00+00:00,406.35,416.16,406.3,415.36,53970981,401.6406651974,411.3369736152,401.5912446652,410.5462451,53970981,0.0,1.0
2024-11-01 00:00:00+00:00,410.37,415.5,407.5,409.01,24230442,405.6140759863,410.6846225902,402.777337438,404.2698375105,24230442,0.0,1.0
2024-11-04 00:00:00+00:00,408.46,410.415,405.5713,409.8,19672286,403.7262116563,405.6585544653,400.8709898289,405.0506819193,19672286,0.0,1.0
2024-11-05 00:00:00+00:00,411.46,414.9,408.08,408.37,17626011,406.6914435883,410.0915762038,403.3506156115,403.6372546983,17626011,0.0,1.0
2024-11-06 00:00:00+00:00,420.18,420.45,410.52,412.42,26681842,415.3103844042,415.5772552781,405.762337583,407.6403178066,26681842,0.0,1.0
2024-11-07 00:00:00+00:00,425.43,426.85,419.88,421.28,19901782,420.4995402853,421.9030833998,415.013861211,416.3976361126,19901782,0.0,1.0
2024-11-08 00:00:00+00:00,422.54,426.5,421.78,425.32,16891414,417.6430335241,421.5571396744,416.8918414346,420.3908151144,16891414,0.0,1.0
2024-11-11 00:00:00+00:00,418.01,424.81,416.0,422.515,24503321,413.1655333067,419.886725686,411.1788279122,417.618323258,24503321,0.0,1.0
2024-11-12 00:00:00+00:00,423.03,424.44,417.2,418.25,19401204,418.1273547396,419.5210137477,412.364920685,413.4027518612,19401204,0.0,1.0
2024-11-13 00:00:00+00:00,425.2,429.325,418.21,421.64,21502185,420.2722058372,424.3493997437,413.3632154355,416.7534639445,21502185,0.0,1.0
2024-11-14 00:00:00+00:00,426.89,428.17,420.0,425.0,30246881,421.9426198256,423.2077854499,415.1324704883,420.0745237084,30246881,0.0,1.0
2024-11-15 00:00:00+00:00,415.0,422.8,413.64,419.82,28247644,410.1904172682,417.9000202915,408.8461787923,414.9545565723,28247644,0.0,1.0
2024-11-18 00:00:00+00:00,415.76,418.4037,412.1,414.87,24742013,410.9416093576,413.5546705772,407.3240264005,410.0619238844,24742013,0.0,1.0
2024-11-19 00:00:00+00:00,417.79,417.94,411.55,413.11,18133529,412.948082965,413.0963445616,406.7804005463,408.322321151,18133529,0.0,1.0
2024-11-20 00:00:00+00:00,415.49,417.29,410.58,416.87,19191655,410.6747384837,412.453877643,405.8216422216,412.0387451725,19191655,0.0,1.0
2024-11-21 00:00:00+00:00,412.87,419.78,410.2887,419.5,20780162,408.9054834309,415.7491312874,406.3489699415,415.4718199416,20780162,0.83,1.0
2024-11-22 00:00:00+00:00,417.0,417.4,411.06,411.365,24814626,412.9958257822,413.3919848477,407.1128636596,407.414934947,24814626,0.0,1.0
2024-11-25 00:00:00+00:00,418.79,421.08,414.85,418.38,27691090,414.7686376003,417.0366482503,410.8664708052,414.3625745582,27691090,0.0,1.0
2024-11-26 00:00:00+00:00,427.99,429.0414,418.85,419.585,23458889,423.8802961068,424.9216002104,414.8280614601,415.556003743,23458889,0.0,1.0
2024-11-27 00:00:00+00:00,422.99,427.2299,422.02,425.105,18332444,418.928307788,423.1274948426,417.9676220542,421.0229988469,18332444,0.0,1.0
2024-11-29 00:00:00+00:00,423.46,424.88,417.8,420.09,16271921,419.39379469,420.8001593725,413.7881439132,416.0561545632,16271921,0.0,1.0
2024-12-02 00:00:00+00:00,430.98,433.0,421.31,421.57,20207223,426.8415851214,428.8421884021,417.264439713,417.5219431055,20207223,0.0,1.0
2024-12-03 00:00:00+00:00,431.2,432.47,427.74,429.84,18301987,427.0594726074,428.3172776404,423.6326966908,425.7125317847,18301987,0.0,1.0
2024-12-04 00:00:00+00:00,437.42,439.67,432.63,433.03,26009429,433.2197460759,435.4481408193,428.4757412666,428.8719003321,26009429,0.0,1.0
2024-12-05 00:00:00+00:00,442.62,444.66,436.171,437.92,21697775,438.3698139274,440.3902251614,431.9827393939,433.7149449078,21697775,0.0,1.0
2024-12-06 00:00:00+00:00,443.57,446.1,441.7703,442.3,18821002,439.3106917079,441.8163977972,437.5282730325,438.052886675,18821002,0.0,1.0
2024-12-09 00:00:00+00:00,446.02,448.33,440.5,442.6,19144388,441.7371659841,444.0249845874,436.2701708802,438.3500059741,19144388,0.0,1.0
2024-12-10 00:00:00+00:00,443.33,449.62,441.6,444.39,18469459,439.0729962686,445.3025975736,437.3596083104,440.1228177922,18469459,0.0,1.0
2024-12-11 00:00:00+00:00,448.99,450.35,444.05,444.05,19200208,444.6786470455,446.0255878681,439.7860825865,439.7860825865,19200208,0.0,1.0
2024-12-12 00:00:00+00:00,449.56,456.1648,449.11,449.11,20834779,445.2431737138,451.7845522033,444.7974947651,444.7974947651,20834779,0.0,1.0
2024-12-13 00:00:00+00:00,447.27,451.43,445.58,448.435,20177833,442.9751630638,447.095217345,441.3013910121,444.1289763421,20177833,0.0,1.0
2024-12-16 00:00:00+00:00,451.59,452.18,445.28,447.27,23598834,447.2536809712,447.8380155928,441.004271713,442.9751630638,23598834,0.0,1.0
2024-12-17 00:00:00+00:00,454.46,455.29,449.57,451.01,22733494,450.0961222661,450.9181523271,445.2530776904,446.6792503262,22733494,0.0,1.0
2024-12-18 00:00:00+00:00,437.39,452.65,437.02,451.32,24444545,433.190034146,448.3035024948,432.8235870104,446.986273602,24444545,0.0,1.0
2024-12-19 00:00:00+00:00,437.03,443.1834,436.32,441.62,22963681,432.833490987,438.9278039711,432.1303086458,437.3794162636,22963681,0.0,1.0
2024-12-20 00:00:00+00:00,436.6,443.74,428.63,433.11,64263694,432.4076199916,439.4790593108,424.5141506116,428.9511321452,64263694,0.0,1.0
2024-12-23 00:00:00+00:00,435.25,437.65,432.83,436.74,19152519,431.0705831456,433.4475375386,428.6738207993,432.5462756646,19152519,0.0,1.0
2024-12-24 00:00:00+00:00,439.33,439.6,434.19,434.65,7164543,435.1114056137,435.3788129829,430.020761622,430.4763445473,7164543,0.0,1.0
2024-12-26 00:00:00+00:00,438.11,440.94,436.63,439.08,8199927,433.9031204639,436.7059458523,432.4373319215,434.8638061977,8199927,0.0,1.0
2024-12-27 00:00:00+00:00,430.53,435.22,426.35,434.6,18117713,426.3959061727,431.0408712157,422.2560439382,430.4268246641,18117713,0.0,1.0
2024-12-30 00:00:00+00:00,424.83,427.55,421.9,426.06,13158703,420.7506394893,423.4445211347,417.8487743346,421.9688286157,13158703,0.0,1.0
2024-12-31 00:00:00+00:00,421.5,426.73,420.66,426.1,13246509,417.4526152691,422.6323950505,416.6206812315,422.0084445223,13246509,0.0,1.0
